Project,Class,Method,Line,Operator,Label,NumTestCovered,NumExecuteCovered,NumMutantAssertion,NumClassAssertion,TypeReturn,DIT,NOCh,VG,TLOC,NBD,Ce,Ca,I
ACAP25_961e1fa,org.anhonesteffort.p25.SelfStartingSource,removeSink,41,NegateConditionalsMutator,SURVIVED,2,4,13,13,V,2,2,2,8,2,5,25,0.1666666666666666
ACAP25_961e1fa,org.anhonesteffort.p25.SelfStartingSource,removeSink,42,VoidMethodCallMutator,SURVIVED,1,3,5,13,V,2,2,2,8,2,5,25,0.1666666666666666
ACAP25_961e1fa,org.anhonesteffort.p25.Source,broadcast,41,NegateConditionalsMutator,KILLED,18,521029453,31,31,V,1,9,3,11,2,5,25,0.1666666666666666
ACAP25_961e1fa,org.anhonesteffort.p25.Source,broadcast,44,NegateConditionalsMutator,SURVIVED,17,260514711,25,25,V,1,9,3,11,2,5,25,0.1666666666666666
ACAP25_961e1fa,org.anhonesteffort.p25.Source,broadcast,45,VoidMethodCallMutator,SURVIVED,17,260514711,25,25,V,1,9,3,11,2,5,25,0.1666666666666666
ACAP25_961e1fa,org.anhonesteffort.p25.ecc.Golay_17_6_8,encode,30,MathMutator,SURVIVED,1,100063,4,4,I,1,0,1,5,1,0,1,0.0
ACAP25_961e1fa,org.anhonesteffort.p25.ecc.Golay_17_6_8,encode,31,MathMutator,SURVIVED,1,100063,4,4,I,1,0,1,5,1,0,1,0.0
ACAP25_961e1fa,org.anhonesteffort.p25.ecc.Golay_17_6_8,encode,31,MathMutator,SURVIVED,1,100063,4,4,I,1,0,1,5,1,0,1,0.0
ACAP25_961e1fa,org.anhonesteffort.p25.ecc.Golay_17_6_8,encode,31,PrimitiveReturnsMutator,SURVIVED,1,100063,4,4,I,1,0,1,5,1,0,1,0.0
ACAP25_961e1fa,org.anhonesteffort.p25.ecc.Golay_17_6_8,decode,35,MathMutator,SURVIVED,1,100063,4,4,[I,1,0,1,5,1,0,1,0.0
ACAP25_961e1fa,org.anhonesteffort.p25.ecc.Golay_17_6_8,decode,36,MathMutator,SURVIVED,1,100063,4,4,[I,1,0,1,5,1,0,1,0.0
ACAP25_961e1fa,org.anhonesteffort.p25.ecc.Golay_17_6_8,decode,36,MathMutator,SURVIVED,1,100063,4,4,[I,1,0,1,5,1,0,1,0.0
ACAP25_961e1fa,org.anhonesteffort.p25.ecc.Golay_17_6_8,decode,37,MathMutator,SURVIVED,1,100063,4,4,[I,1,0,1,5,1,0,1,0.0
ACAP25_961e1fa,org.anhonesteffort.p25.ecc.Golay_17_6_8,decode,37,MathMutator,SURVIVED,1,100063,4,4,[I,1,0,1,5,1,0,1,0.0
ACAP25_961e1fa,org.anhonesteffort.p25.ecc.Golay_17_6_8,decode,37,NullReturnValsMutator,SURVIVED,1,100063,4,4,[I,1,0,1,5,1,0,1,0.0
ACAP25_961e1fa,org.anhonesteffort.p25.ecc.Golay_23_12_8,encode24,165,ConditionalsBoundaryMutator,SURVIVED,2,2654054,8,8,I,1,0,3,10,2,0,1,0.0
ACAP25_961e1fa,org.anhonesteffort.p25.ecc.Golay_23_12_8,encode24,165,NegateConditionalsMutator,SURVIVED,2,2654054,8,8,I,1,0,3,10,2,0,1,0.0
ACAP25_961e1fa,org.anhonesteffort.p25.ecc.Golay_23_12_8,encode24,166,MathMutator,SURVIVED,2,2449896,8,8,I,1,0,3,10,2,0,1,0.0
ACAP25_961e1fa,org.anhonesteffort.p25.ecc.Golay_23_12_8,encode24,166,MathMutator,SURVIVED,2,2449896,8,8,I,1,0,3,10,2,0,1,0.0
ACAP25_961e1fa,org.anhonesteffort.p25.ecc.Golay_23_12_8,encode24,166,MathMutator,SURVIVED,2,2449896,8,8,I,1,0,3,10,2,0,1,0.0
ACAP25_961e1fa,org.anhonesteffort.p25.ecc.Golay_23_12_8,encode24,167,NegateConditionalsMutator,SURVIVED,2,2449896,8,8,I,1,0,3,10,2,0,1,0.0
ACAP25_961e1fa,org.anhonesteffort.p25.ecc.Golay_23_12_8,encode24,168,MathMutator,SURVIVED,2,919132,8,8,I,1,0,3,10,2,0,1,0.0
ACAP25_961e1fa,org.anhonesteffort.p25.ecc.Golay_23_12_8,encode24,171,PrimitiveReturnsMutator,SURVIVED,2,204158,8,8,I,1,0,3,10,2,0,1,0.0
ACAP25_961e1fa,org.anhonesteffort.p25.ecc.Golay_23_12_8,encode,175,MathMutator,SURVIVED,2,204158,8,8,I,1,0,1,3,1,0,1,0.0
ACAP25_961e1fa,org.anhonesteffort.p25.ecc.Golay_23_12_8,encode,175,PrimitiveReturnsMutator,SURVIVED,2,204158,8,8,I,1,0,1,3,1,0,1,0.0
ACAP25_961e1fa,org.anhonesteffort.p25.ecc.Golay_23_12_8,syndrome,181,MathMutator,KILLED,2,1129031,8,8,I,1,0,3,10,2,0,1,0.0
ACAP25_961e1fa,org.anhonesteffort.p25.ecc.Golay_23_12_8,syndrome,181,NegateConditionalsMutator,KILLED,2,1129031,8,8,I,1,0,3,10,2,0,1,0.0
ACAP25_961e1fa,org.anhonesteffort.p25.ecc.Golay_23_12_8,syndrome,182,MathMutator,KILLED,2,2961466,8,8,I,1,0,3,10,2,0,1,0.0
ACAP25_961e1fa,org.anhonesteffort.p25.ecc.Golay_23_12_8,syndrome,182,NegateConditionalsMutator,KILLED,2,2961466,8,8,I,1,0,3,10,2,0,1,0.0
ACAP25_961e1fa,org.anhonesteffort.p25.ecc.Golay_23_12_8,syndrome,183,MathMutator,KILLED,2,2036593,8,8,I,1,0,3,10,2,0,1,0.0
ACAP25_961e1fa,org.anhonesteffort.p25.ecc.Golay_23_12_8,syndrome,185,MathMutator,KILLED,2,924873,8,8,I,1,0,3,10,2,0,1,0.0
ACAP25_961e1fa,org.anhonesteffort.p25.ecc.Golay_23_12_8,syndrome,185,MathMutator,KILLED,2,924873,8,8,I,1,0,3,10,2,0,1,0.0
ACAP25_961e1fa,org.anhonesteffort.p25.ecc.Golay_23_12_8,syndrome,185,MathMutator,KILLED,2,924873,8,8,I,1,0,3,10,2,0,1,0.0
ACAP25_961e1fa,org.anhonesteffort.p25.ecc.Golay_23_12_8,syndrome,188,PrimitiveReturnsMutator,SURVIVED,2,204158,8,8,I,1,0,3,10,2,0,1,0.0
ACAP25_961e1fa,org.anhonesteffort.p25.ecc.Golay_23_12_8,decode,192,MathMutator,SURVIVED,2,204158,8,8,[I,1,0,1,7,1,0,1,0.0
ACAP25_961e1fa,org.anhonesteffort.p25.ecc.Golay_23_12_8,decode,194,MathMutator,SURVIVED,2,204158,8,8,[I,1,0,1,7,1,0,1,0.0
ACAP25_961e1fa,org.anhonesteffort.p25.ecc.Golay_23_12_8,decode,195,MathMutator,SURVIVED,2,204158,8,8,[I,1,0,1,7,1,0,1,0.0
ACAP25_961e1fa,org.anhonesteffort.p25.ecc.Golay_23_12_8,decode,197,MathMutator,SURVIVED,2,204158,8,8,[I,1,0,1,7,1,0,1,0.0
ACAP25_961e1fa,org.anhonesteffort.p25.ecc.Golay_23_12_8,decode,197,NullReturnValsMutator,SURVIVED,2,204158,8,8,[I,1,0,1,7,1,0,1,0.0
ACAP25_961e1fa,org.anhonesteffort.p25.filter.ComplexNumberFirFilter,ComplexNumberFirFilter,42,VoidMethodCallMutator,KILLED,4,4,5,5,V,4,0,1,8,1,8,9,0.4705882352941176
ACAP25_961e1fa,org.anhonesteffort.p25.filter.ComplexNumberFirFilter,getLength,46,PrimitiveReturnsMutator,SURVIVED,1,1,2,3,I,4,0,1,3,1,8,9,0.4705882352941176
ACAP25_961e1fa,org.anhonesteffort.p25.filter.ComplexNumberFirFilter,getCoefficients,50,NullReturnValsMutator,KILLED,1,1,2,3,[F,4,0,1,3,1,8,9,0.4705882352941176
ACAP25_961e1fa,org.anhonesteffort.p25.filter.ComplexNumberFirFilter,getNextOutput,61,ConditionalsBoundaryMutator,KILLED,4,12000316,5,5,Lorg/anhonesteffort/p25/util/Copyable,4,0,3,13,2,8,9,0.4705882352941176
ACAP25_961e1fa,org.anhonesteffort.p25.filter.ComplexNumberFirFilter,getNextOutput,61,NegateConditionalsMutator,SURVIVED,4,12000316,5,5,Lorg/anhonesteffort/p25/util/Copyable,4,0,3,13,2,8,9,0.4705882352941176
ACAP25_961e1fa,org.anhonesteffort.p25.filter.ComplexNumberFirFilter,getNextOutput,62,MathMutator,SURVIVED,4,11500280,5,5,Lorg/anhonesteffort/p25/util/Copyable,4,0,3,13,2,8,9,0.4705882352941176
ACAP25_961e1fa,org.anhonesteffort.p25.filter.ComplexNumberFirFilter,getNextOutput,62,MathMutator,SURVIVED,4,11500280,5,5,Lorg/anhonesteffort/p25/util/Copyable,4,0,3,13,2,8,9,0.4705882352941176
ACAP25_961e1fa,org.anhonesteffort.p25.filter.ComplexNumberFirFilter,getNextOutput,63,MathMutator,SURVIVED,4,11500280,5,5,Lorg/anhonesteffort/p25/util/Copyable,4,0,3,13,2,8,9,0.4705882352941176
ACAP25_961e1fa,org.anhonesteffort.p25.filter.ComplexNumberFirFilter,getNextOutput,63,MathMutator,SURVIVED,4,11500280,5,5,Lorg/anhonesteffort/p25/util/Copyable,4,0,3,13,2,8,9,0.4705882352941176
ACAP25_961e1fa,org.anhonesteffort.p25.filter.ComplexNumberFirFilter,getNextOutput,64,MathMutator,KILLED,4,11500280,5,5,Lorg/anhonesteffort/p25/util/Copyable,4,0,3,13,2,8,9,0.4705882352941176
ACAP25_961e1fa,org.anhonesteffort.p25.filter.ComplexNumberFirFilter,getNextOutput,64,MathMutator,KILLED,4,11500280,5,5,Lorg/anhonesteffort/p25/util/Copyable,4,0,3,13,2,8,9,0.4705882352941176
ACAP25_961e1fa,org.anhonesteffort.p25.filter.ComplexNumberFirFilter,getNextOutput,64,NegateConditionalsMutator,KILLED,4,11500280,5,5,Lorg/anhonesteffort/p25/util/Copyable,4,0,3,13,2,8,9,0.4705882352941176
ACAP25_961e1fa,org.anhonesteffort.p25.filter.ComplexNumberFirFilter,getNextOutput,67,MathMutator,KILLED,4,500036,5,5,Lorg/anhonesteffort/p25/util/Copyable,4,0,3,13,2,8,9,0.4705882352941176
ACAP25_961e1fa,org.anhonesteffort.p25.filter.ComplexNumberFirFilter,getNextOutput,67,MathMutator,KILLED,4,500036,5,5,Lorg/anhonesteffort/p25/util/Copyable,4,0,3,13,2,8,9,0.4705882352941176
ACAP25_961e1fa,org.anhonesteffort.p25.filter.ComplexNumberFirFilter,getNextOutput,69,MathMutator,SURVIVED,4,500036,5,5,Lorg/anhonesteffort/p25/util/Copyable,4,0,3,13,2,8,9,0.4705882352941176
ACAP25_961e1fa,org.anhonesteffort.p25.filter.ComplexNumberFirFilter,getNextOutput,69,MathMutator,SURVIVED,4,500036,5,5,Lorg/anhonesteffort/p25/util/Copyable,4,0,3,13,2,8,9,0.4705882352941176
ACAP25_961e1fa,org.anhonesteffort.p25.filter.ComplexNumberFirFilter,getNextOutput,69,NullReturnValsMutator,KILLED,4,500036,5,5,Lorg/anhonesteffort/p25/util/Copyable,4,0,3,13,2,8,9,0.4705882352941176
ACAP25_961e1fa,org.anhonesteffort.p25.filter.ComplexNumberFrequencyTranslatingFilter,ComplexNumberFrequencyTranslatingFilter,32,MathMutator,SURVIVED,1,1,1,1,V,4,0,1,3,1,8,9,0.4705882352941176
ACAP25_961e1fa,org.anhonesteffort.p25.filter.ComplexNumberFrequencyTranslatingFilter,getNextOutput,41,NullReturnValsMutator,SURVIVED,1,40,1,1,Lorg/anhonesteffort/p25/util/Copyable,4,0,1,3,1,8,9,0.4705882352941176
ACAP25_961e1fa,org.anhonesteffort.p25.filter.ComplexNumberMovingGainControl,ComplexNumberMovingGainControl,37,VoidMethodCallMutator,KILLED,1,1,6,6,V,4,0,1,4,1,8,9,0.4705882352941176
ACAP25_961e1fa,org.anhonesteffort.p25.filter.ComplexNumberMovingGainControl,getNextOutput,47,ConditionalsBoundaryMutator,SURVIVED,1,12,6,6,Lorg/anhonesteffort/p25/util/Copyable,4,0,3,15,3,8,9,0.4705882352941176
ACAP25_961e1fa,org.anhonesteffort.p25.filter.ComplexNumberMovingGainControl,getNextOutput,47,NegateConditionalsMutator,SURVIVED,1,12,6,6,Lorg/anhonesteffort/p25/util/Copyable,4,0,3,15,3,8,9,0.4705882352941176
ACAP25_961e1fa,org.anhonesteffort.p25.filter.ComplexNumberMovingGainControl,getNextOutput,49,MathMutator,SURVIVED,1,3,6,6,Lorg/anhonesteffort/p25/util/Copyable,4,0,3,15,3,8,9,0.4705882352941176
ACAP25_961e1fa,org.anhonesteffort.p25.filter.ComplexNumberMovingGainControl,getNextOutput,50,NegateConditionalsMutator,SURVIVED,1,9,6,6,Lorg/anhonesteffort/p25/util/Copyable,4,0,3,15,3,8,9,0.4705882352941176
ACAP25_961e1fa,org.anhonesteffort.p25.filter.ComplexNumberMovingGainControl,getNextOutput,52,MathMutator,SURVIVED,1,2,6,6,Lorg/anhonesteffort/p25/util/Copyable,4,0,3,15,3,8,9,0.4705882352941176
ACAP25_961e1fa,org.anhonesteffort.p25.filter.ComplexNumberMovingGainControl,getNextOutput,55,NullReturnValsMutator,SURVIVED,1,12,6,6,Lorg/anhonesteffort/p25/util/Copyable,4,0,3,15,3,8,9,0.4705882352941176
ACAP25_961e1fa,org.anhonesteffort.p25.filter.ConsistentRateFilter,consume,28,VoidMethodCallMutator,SURVIVED,6,500082,12,12,V,3,3,1,3,1,8,9,0.4705882352941176
ACAP25_961e1fa,org.anhonesteffort.p25.filter.FilterFactory,getCicResampler,107,NullReturnValsMutator,KILLED,2,2,2,2,Lorg/anhonesteffort/p25/filter/rate/RateChangeFilter,1,0,5,13,1,8,9,0.4705882352941176
ACAP25_961e1fa,org.anhonesteffort.p25.filter.FilterFactory,getKaiserBessel,34,MathMutator,SURVIVED,1,1,2,2,Lorg/anhonesteffort/p25/filter/ComplexNumberFirFilter,1,0,1,9,1,8,9,0.4705882352941176
ACAP25_961e1fa,org.anhonesteffort.p25.filter.FilterFactory,getKaiserBessel,35,MathMutator,SURVIVED,1,1,2,2,Lorg/anhonesteffort/p25/filter/ComplexNumberFirFilter,1,0,1,9,1,8,9,0.4705882352941176
ACAP25_961e1fa,org.anhonesteffort.p25.filter.FilterFactory,getKaiserBessel,35,MathMutator,SURVIVED,1,1,2,2,Lorg/anhonesteffort/p25/filter/ComplexNumberFirFilter,1,0,1,9,1,8,9,0.4705882352941176
ACAP25_961e1fa,org.anhonesteffort.p25.filter.FilterFactory,getKaiserBessel,41,NullReturnValsMutator,KILLED,1,1,2,2,Lorg/anhonesteffort/p25/filter/ComplexNumberFirFilter,1,0,1,9,1,8,9,0.4705882352941176
ACAP25_961e1fa,org.anhonesteffort.p25.filter.FilterFactory,getCicDecimate,65,ConditionalsBoundaryMutator,SURVIVED,1,1,2,7,Lorg/anhonesteffort/p25/filter/rate/RateChangeFilter,1,0,3,10,1,8,9,0.4705882352941176
ACAP25_961e1fa,org.anhonesteffort.p25.filter.FilterFactory,getCicDecimate,65,NegateConditionalsMutator,KILLED,1,1,2,7,Lorg/anhonesteffort/p25/filter/rate/RateChangeFilter,1,0,3,10,1,8,9,0.4705882352941176
ACAP25_961e1fa,org.anhonesteffort.p25.filter.FilterFactory,getCicDecimate,67,ConditionalsBoundaryMutator,KILLED,1,1,2,7,Lorg/anhonesteffort/p25/filter/rate/RateChangeFilter,1,0,3,10,1,8,9,0.4705882352941176
ACAP25_961e1fa,org.anhonesteffort.p25.filter.FilterFactory,getCicDecimate,67,MathMutator,SURVIVED,1,1,2,7,Lorg/anhonesteffort/p25/filter/rate/RateChangeFilter,1,0,3,10,1,8,9,0.4705882352941176
ACAP25_961e1fa,org.anhonesteffort.p25.filter.FilterFactory,getCicDecimate,67,NegateConditionalsMutator,KILLED,1,1,2,7,Lorg/anhonesteffort/p25/filter/rate/RateChangeFilter,1,0,3,10,1,8,9,0.4705882352941176
ACAP25_961e1fa,org.anhonesteffort.p25.filter.FilterFactory,getCicDecimate,70,MathMutator,KILLED,1,1,2,7,Lorg/anhonesteffort/p25/filter/rate/RateChangeFilter,1,0,3,10,1,8,9,0.4705882352941176
ACAP25_961e1fa,org.anhonesteffort.p25.filter.FilterFactory,getCicDecimate,71,NullReturnValsMutator,KILLED,1,1,2,7,Lorg/anhonesteffort/p25/filter/rate/RateChangeFilter,1,0,3,10,1,8,9,0.4705882352941176
ACAP25_961e1fa,org.anhonesteffort.p25.filter.FilterFactory,getCicInterpolate,79,ConditionalsBoundaryMutator,SURVIVED,1,1,2,5,Lorg/anhonesteffort/p25/filter/rate/RateChangeFilter,1,0,3,10,1,8,9,0.4705882352941176
ACAP25_961e1fa,org.anhonesteffort.p25.filter.FilterFactory,getCicInterpolate,79,NegateConditionalsMutator,KILLED,1,1,2,5,Lorg/anhonesteffort/p25/filter/rate/RateChangeFilter,1,0,3,10,1,8,9,0.4705882352941176
ACAP25_961e1fa,org.anhonesteffort.p25.filter.FilterFactory,getCicInterpolate,81,ConditionalsBoundaryMutator,KILLED,1,1,2,5,Lorg/anhonesteffort/p25/filter/rate/RateChangeFilter,1,0,3,10,1,8,9,0.4705882352941176
ACAP25_961e1fa,org.anhonesteffort.p25.filter.FilterFactory,getCicInterpolate,81,MathMutator,SURVIVED,1,1,2,5,Lorg/anhonesteffort/p25/filter/rate/RateChangeFilter,1,0,3,10,1,8,9,0.4705882352941176
ACAP25_961e1fa,org.anhonesteffort.p25.filter.FilterFactory,getCicInterpolate,81,NegateConditionalsMutator,KILLED,1,1,2,5,Lorg/anhonesteffort/p25/filter/rate/RateChangeFilter,1,0,3,10,1,8,9,0.4705882352941176
ACAP25_961e1fa,org.anhonesteffort.p25.filter.FilterFactory,getCicInterpolate,84,MathMutator,KILLED,1,1,2,5,Lorg/anhonesteffort/p25/filter/rate/RateChangeFilter,1,0,3,10,1,8,9,0.4705882352941176
ACAP25_961e1fa,org.anhonesteffort.p25.filter.FilterFactory,getCicInterpolate,85,NullReturnValsMutator,KILLED,1,1,2,5,Lorg/anhonesteffort/p25/filter/rate/RateChangeFilter,1,0,3,10,1,8,9,0.4705882352941176
ACAP25_961e1fa,org.anhonesteffort.p25.filter.FilterFactory,getCicResampler,94,ConditionalsBoundaryMutator,SURVIVED,2,2,2,2,Lorg/anhonesteffort/p25/filter/rate/RateChangeFilter,1,0,5,13,1,8,9,0.4705882352941176
ACAP25_961e1fa,org.anhonesteffort.p25.filter.FilterFactory,getCicResampler,94,ConditionalsBoundaryMutator,SURVIVED,2,2,2,2,Lorg/anhonesteffort/p25/filter/rate/RateChangeFilter,1,0,5,13,1,8,9,0.4705882352941176
ACAP25_961e1fa,org.anhonesteffort.p25.filter.FilterFactory,getCicResampler,94,MathMutator,SURVIVED,2,2,2,2,Lorg/anhonesteffort/p25/filter/rate/RateChangeFilter,1,0,5,13,1,8,9,0.4705882352941176
ACAP25_961e1fa,org.anhonesteffort.p25.filter.FilterFactory,getCicResampler,94,NegateConditionalsMutator,SURVIVED,2,2,2,2,Lorg/anhonesteffort/p25/filter/rate/RateChangeFilter,1,0,5,13,1,8,9,0.4705882352941176
ACAP25_961e1fa,org.anhonesteffort.p25.filter.FilterFactory,getCicResampler,94,NegateConditionalsMutator,KILLED,2,2,2,2,Lorg/anhonesteffort/p25/filter/rate/RateChangeFilter,1,0,5,13,1,8,9,0.4705882352941176
ACAP25_961e1fa,org.anhonesteffort.p25.filter.FilterFactory,getCicResampler,96,ConditionalsBoundaryMutator,SURVIVED,2,2,2,2,Lorg/anhonesteffort/p25/filter/rate/RateChangeFilter,1,0,5,13,1,8,9,0.4705882352941176
ACAP25_961e1fa,org.anhonesteffort.p25.filter.FilterFactory,getCicResampler,96,ConditionalsBoundaryMutator,SURVIVED,2,2,2,2,Lorg/anhonesteffort/p25/filter/rate/RateChangeFilter,1,0,5,13,1,8,9,0.4705882352941176
ACAP25_961e1fa,org.anhonesteffort.p25.filter.FilterFactory,getCicResampler,96,MathMutator,SURVIVED,2,2,2,2,Lorg/anhonesteffort/p25/filter/rate/RateChangeFilter,1,0,5,13,1,8,9,0.4705882352941176
ACAP25_961e1fa,org.anhonesteffort.p25.filter.FilterFactory,getCicResampler,96,NegateConditionalsMutator,SURVIVED,2,2,2,2,Lorg/anhonesteffort/p25/filter/rate/RateChangeFilter,1,0,5,13,1,8,9,0.4705882352941176
ACAP25_961e1fa,org.anhonesteffort.p25.filter.FilterFactory,getCicResampler,96,NegateConditionalsMutator,KILLED,2,2,2,2,Lorg/anhonesteffort/p25/filter/rate/RateChangeFilter,1,0,5,13,1,8,9,0.4705882352941176
ACAP25_961e1fa,org.anhonesteffort.p25.filter.FilterUtil,getKaiserBesselWindowShape,100,MathMutator,SURVIVED,1,1,2,2,F,1,0,4,12,1,8,9,0.4705882352941176
ACAP25_961e1fa,org.anhonesteffort.p25.filter.FilterUtil,getKaiserBesselWindowShape,100,MathMutator,SURVIVED,1,1,2,2,F,1,0,4,12,1,8,9,0.4705882352941176
ACAP25_961e1fa,org.anhonesteffort.p25.filter.FilterUtil,getKaiserBesselWindowShape,100,MathMutator,SURVIVED,1,1,2,2,F,1,0,4,12,1,8,9,0.4705882352941176
ACAP25_961e1fa,org.anhonesteffort.p25.filter.FilterUtil,getKaiserBesselWindowShape,100,MathMutator,SURVIVED,1,1,2,2,F,1,0,4,12,1,8,9,0.4705882352941176
ACAP25_961e1fa,org.anhonesteffort.p25.filter.FilterUtil,getKaiserBesselWindowShape,100,MathMutator,SURVIVED,1,1,2,2,F,1,0,4,12,1,8,9,0.4705882352941176
ACAP25_961e1fa,org.anhonesteffort.p25.filter.FilterUtil,getKaiserBesselWindowShape,100,PrimitiveReturnsMutator,SURVIVED,1,1,2,2,F,1,0,4,12,1,8,9,0.4705882352941176
ACAP25_961e1fa,org.anhonesteffort.p25.filter.FilterUtil,zeroOrderBessel,111,MathMutator,SURVIVED,1,166,2,2,F,1,0,2,11,2,8,9,0.4705882352941176
ACAP25_961e1fa,org.anhonesteffort.p25.filter.FilterUtil,zeroOrderBessel,112,MathMutator,SURVIVED,1,166,2,2,F,1,0,2,11,2,8,9,0.4705882352941176
ACAP25_961e1fa,org.anhonesteffort.p25.filter.FilterUtil,zeroOrderBessel,112,MathMutator,SURVIVED,1,166,2,2,F,1,0,2,11,2,8,9,0.4705882352941176
ACAP25_961e1fa,org.anhonesteffort.p25.filter.FilterUtil,zeroOrderBessel,112,MathMutator,SURVIVED,1,166,2,2,F,1,0,2,11,2,8,9,0.4705882352941176
ACAP25_961e1fa,org.anhonesteffort.p25.filter.FilterUtil,zeroOrderBessel,112,MathMutator,SURVIVED,1,166,2,2,F,1,0,2,11,2,8,9,0.4705882352941176
ACAP25_961e1fa,org.anhonesteffort.p25.filter.FilterUtil,zeroOrderBessel,113,MathMutator,KILLED,1,166,2,2,F,1,0,2,11,2,8,9,0.4705882352941176
ACAP25_961e1fa,org.anhonesteffort.p25.filter.FilterUtil,zeroOrderBessel,114,ConditionalsBoundaryMutator,SURVIVED,1,166,2,2,F,1,0,2,11,2,8,9,0.4705882352941176
ACAP25_961e1fa,org.anhonesteffort.p25.filter.FilterUtil,zeroOrderBessel,114,MathMutator,SURVIVED,1,166,2,2,F,1,0,2,11,2,8,9,0.4705882352941176
ACAP25_961e1fa,org.anhonesteffort.p25.filter.FilterUtil,zeroOrderBessel,114,NegateConditionalsMutator,KILLED,1,166,2,2,F,1,0,2,11,2,8,9,0.4705882352941176
ACAP25_961e1fa,org.anhonesteffort.p25.filter.FilterUtil,zeroOrderBessel,116,PrimitiveReturnsMutator,SURVIVED,1,24,2,2,F,1,0,2,11,2,8,9,0.4705882352941176
ACAP25_961e1fa,org.anhonesteffort.p25.filter.FilterUtil,zeroOrderBessel,120,PrimitiveReturnsMutator,SURVIVED,1,23,2,2,F,1,0,1,3,1,8,9,0.4705882352941176
ACAP25_961e1fa,org.anhonesteffort.p25.filter.FilterUtil,getKaiserBesselWindow,125,MathMutator,SURVIVED,1,1,2,2,[F,1,0,3,15,2,8,9,0.4705882352941176
ACAP25_961e1fa,org.anhonesteffort.p25.filter.FilterUtil,getKaiserBesselWindow,125,MathMutator,SURVIVED,1,1,2,2,[F,1,0,3,15,2,8,9,0.4705882352941176
ACAP25_961e1fa,org.anhonesteffort.p25.filter.FilterUtil,getKaiserBesselWindow,129,ConditionalsBoundaryMutator,KILLED,1,24,2,2,[F,1,0,3,15,2,8,9,0.4705882352941176
ACAP25_961e1fa,org.anhonesteffort.p25.filter.FilterUtil,getKaiserBesselWindow,129,NegateConditionalsMutator,SURVIVED,1,24,2,2,[F,1,0,3,15,2,8,9,0.4705882352941176
ACAP25_961e1fa,org.anhonesteffort.p25.filter.FilterUtil,getKaiserBesselWindow,131,MathMutator,SURVIVED,1,23,2,2,[F,1,0,3,15,2,8,9,0.4705882352941176
ACAP25_961e1fa,org.anhonesteffort.p25.filter.FilterUtil,getKaiserBesselWindow,131,MathMutator,SURVIVED,1,23,2,2,[F,1,0,3,15,2,8,9,0.4705882352941176
ACAP25_961e1fa,org.anhonesteffort.p25.filter.FilterUtil,getKaiserBesselWindow,131,MathMutator,SURVIVED,1,23,2,2,[F,1,0,3,15,2,8,9,0.4705882352941176
ACAP25_961e1fa,org.anhonesteffort.p25.filter.FilterUtil,getKaiserBesselWindow,131,MathMutator,SURVIVED,1,23,2,2,[F,1,0,3,15,2,8,9,0.4705882352941176
ACAP25_961e1fa,org.anhonesteffort.p25.filter.FilterUtil,getKaiserBesselWindow,131,MathMutator,SURVIVED,1,23,2,2,[F,1,0,3,15,2,8,9,0.4705882352941176
ACAP25_961e1fa,org.anhonesteffort.p25.filter.FilterUtil,getKaiserBesselWindow,131,MathMutator,SURVIVED,1,23,2,2,[F,1,0,3,15,2,8,9,0.4705882352941176
ACAP25_961e1fa,org.anhonesteffort.p25.filter.FilterUtil,getKaiserBesselWindow,132,MathMutator,SURVIVED,1,23,2,2,[F,1,0,3,15,2,8,9,0.4705882352941176
ACAP25_961e1fa,org.anhonesteffort.p25.filter.FilterUtil,getKaiserBesselWindow,132,MathMutator,SURVIVED,1,23,2,2,[F,1,0,3,15,2,8,9,0.4705882352941176
ACAP25_961e1fa,org.anhonesteffort.p25.filter.FilterUtil,getKaiserBesselWindow,133,ConditionalsBoundaryMutator,KILLED,1,24,2,2,[F,1,0,3,15,2,8,9,0.4705882352941176
ACAP25_961e1fa,org.anhonesteffort.p25.filter.FilterUtil,getKaiserBesselWindow,133,NegateConditionalsMutator,SURVIVED,1,24,2,2,[F,1,0,3,15,2,8,9,0.4705882352941176
ACAP25_961e1fa,org.anhonesteffort.p25.filter.FilterUtil,getKaiserBesselWindow,134,MathMutator,SURVIVED,1,23,2,2,[F,1,0,3,15,2,8,9,0.4705882352941176
ACAP25_961e1fa,org.anhonesteffort.p25.filter.FilterUtil,getKaiserBesselWindow,137,NullReturnValsMutator,KILLED,1,1,2,2,[F,1,0,3,15,2,8,9,0.4705882352941176
ACAP25_961e1fa,org.anhonesteffort.p25.filter.FilterUtil,getInterpolationAndDecimation,26,MathMutator,KILLED,2,2,2,2,[I,1,0,7,28,2,8,9,0.4705882352941176
ACAP25_961e1fa,org.anhonesteffort.p25.filter.FilterUtil,getInterpolationAndDecimation,27,MathMutator,SURVIVED,2,2,2,2,[I,1,0,7,28,2,8,9,0.4705882352941176
ACAP25_961e1fa,org.anhonesteffort.p25.filter.FilterUtil,getInterpolationAndDecimation,31,ConditionalsBoundaryMutator,SURVIVED,2,1000,2,2,[I,1,0,7,28,2,8,9,0.4705882352941176
ACAP25_961e1fa,org.anhonesteffort.p25.filter.FilterUtil,getInterpolationAndDecimation,31,MathMutator,KILLED,2,1000,2,2,[I,1,0,7,28,2,8,9,0.4705882352941176
ACAP25_961e1fa,org.anhonesteffort.p25.filter.FilterUtil,getInterpolationAndDecimation,31,NegateConditionalsMutator,SURVIVED,2,1000,2,2,[I,1,0,7,28,2,8,9,0.4705882352941176
ACAP25_961e1fa,org.anhonesteffort.p25.filter.FilterUtil,getInterpolationAndDecimation,32,IncrementsMutator,KILLED,2,998,2,2,[I,1,0,7,28,2,8,9,0.4705882352941176
ACAP25_961e1fa,org.anhonesteffort.p25.filter.FilterUtil,getInterpolationAndDecimation,34,MathMutator,SURVIVED,2,998,2,2,[I,1,0,7,28,2,8,9,0.4705882352941176
ACAP25_961e1fa,org.anhonesteffort.p25.filter.FilterUtil,getInterpolationAndDecimation,35,MathMutator,SURVIVED,2,998,2,2,[I,1,0,7,28,2,8,9,0.4705882352941176
ACAP25_961e1fa,org.anhonesteffort.p25.filter.FilterUtil,getInterpolationAndDecimation,35,MathMutator,SURVIVED,2,998,2,2,[I,1,0,7,28,2,8,9,0.4705882352941176
ACAP25_961e1fa,org.anhonesteffort.p25.filter.FilterUtil,getInterpolationAndDecimation,36,MathMutator,SURVIVED,2,998,2,2,[I,1,0,7,28,2,8,9,0.4705882352941176
ACAP25_961e1fa,org.anhonesteffort.p25.filter.FilterUtil,getInterpolationAndDecimation,37,MathMutator,SURVIVED,2,998,2,2,[I,1,0,7,28,2,8,9,0.4705882352941176
ACAP25_961e1fa,org.anhonesteffort.p25.filter.FilterUtil,getInterpolationAndDecimation,37,MathMutator,SURVIVED,2,998,2,2,[I,1,0,7,28,2,8,9,0.4705882352941176
ACAP25_961e1fa,org.anhonesteffort.p25.filter.FilterUtil,getInterpolationAndDecimation,37,MathMutator,SURVIVED,2,998,2,2,[I,1,0,7,28,2,8,9,0.4705882352941176
ACAP25_961e1fa,org.anhonesteffort.p25.filter.FilterUtil,getInterpolationAndDecimation,39,ConditionalsBoundaryMutator,SURVIVED,2,998,2,2,[I,1,0,7,28,2,8,9,0.4705882352941176
ACAP25_961e1fa,org.anhonesteffort.p25.filter.FilterUtil,getInterpolationAndDecimation,39,NegateConditionalsMutator,SURVIVED,2,998,2,2,[I,1,0,7,28,2,8,9,0.4705882352941176
ACAP25_961e1fa,org.anhonesteffort.p25.filter.FilterUtil,getInterpolationAndDecimation,42,ConditionalsBoundaryMutator,SURVIVED,2,1002,2,2,[I,1,0,7,28,2,8,9,0.4705882352941176
ACAP25_961e1fa,org.anhonesteffort.p25.filter.FilterUtil,getInterpolationAndDecimation,42,NegateConditionalsMutator,SURVIVED,2,1002,2,2,[I,1,0,7,28,2,8,9,0.4705882352941176
ACAP25_961e1fa,org.anhonesteffort.p25.filter.FilterUtil,getInterpolationAndDecimation,43,MathMutator,KILLED,2,1000,2,2,[I,1,0,7,28,2,8,9,0.4705882352941176
ACAP25_961e1fa,org.anhonesteffort.p25.filter.FilterUtil,getInterpolationAndDecimation,44,MathMutator,SURVIVED,2,1000,2,2,[I,1,0,7,28,2,8,9,0.4705882352941176
ACAP25_961e1fa,org.anhonesteffort.p25.filter.FilterUtil,getInterpolationAndDecimation,45,MathMutator,SURVIVED,2,1000,2,2,[I,1,0,7,28,2,8,9,0.4705882352941176
ACAP25_961e1fa,org.anhonesteffort.p25.filter.FilterUtil,getInterpolationAndDecimation,45,MathMutator,SURVIVED,2,1000,2,2,[I,1,0,7,28,2,8,9,0.4705882352941176
ACAP25_961e1fa,org.anhonesteffort.p25.filter.FilterUtil,getInterpolationAndDecimation,46,MathMutator,SURVIVED,2,1000,2,2,[I,1,0,7,28,2,8,9,0.4705882352941176
ACAP25_961e1fa,org.anhonesteffort.p25.filter.FilterUtil,getInterpolationAndDecimation,46,MathMutator,SURVIVED,2,1000,2,2,[I,1,0,7,28,2,8,9,0.4705882352941176
ACAP25_961e1fa,org.anhonesteffort.p25.filter.FilterUtil,getInterpolationAndDecimation,46,MathMutator,SURVIVED,2,1000,2,2,[I,1,0,7,28,2,8,9,0.4705882352941176
ACAP25_961e1fa,org.anhonesteffort.p25.filter.FilterUtil,getInterpolationAndDecimation,48,ConditionalsBoundaryMutator,SURVIVED,2,1000,2,2,[I,1,0,7,28,2,8,9,0.4705882352941176
ACAP25_961e1fa,org.anhonesteffort.p25.filter.FilterUtil,getInterpolationAndDecimation,48,NegateConditionalsMutator,SURVIVED,2,1000,2,2,[I,1,0,7,28,2,8,9,0.4705882352941176
ACAP25_961e1fa,org.anhonesteffort.p25.filter.FilterUtil,getInterpolationAndDecimation,54,NullReturnValsMutator,KILLED,2,2,2,2,[I,1,0,7,28,2,8,9,0.4705882352941176
ACAP25_961e1fa,org.anhonesteffort.p25.filter.FilterUtil,getLowPassIdealImpulseResponse,58,MathMutator,SURVIVED,1,1,2,2,[F,1,0,3,17,2,8,9,0.4705882352941176
ACAP25_961e1fa,org.anhonesteffort.p25.filter.FilterUtil,getLowPassIdealImpulseResponse,58,NegateConditionalsMutator,KILLED,1,1,2,2,[F,1,0,3,17,2,8,9,0.4705882352941176
ACAP25_961e1fa,org.anhonesteffort.p25.filter.FilterUtil,getLowPassIdealImpulseResponse,62,MathMutator,SURVIVED,1,1,2,2,[F,1,0,3,17,2,8,9,0.4705882352941176
ACAP25_961e1fa,org.anhonesteffort.p25.filter.FilterUtil,getLowPassIdealImpulseResponse,62,MathMutator,KILLED,1,1,2,2,[F,1,0,3,17,2,8,9,0.4705882352941176
ACAP25_961e1fa,org.anhonesteffort.p25.filter.FilterUtil,getLowPassIdealImpulseResponse,64,MathMutator,SURVIVED,1,1,2,2,[F,1,0,3,17,2,8,9,0.4705882352941176
ACAP25_961e1fa,org.anhonesteffort.p25.filter.FilterUtil,getLowPassIdealImpulseResponse,67,MathMutator,SURVIVED,1,1,2,2,[F,1,0,3,17,2,8,9,0.4705882352941176
ACAP25_961e1fa,org.anhonesteffort.p25.filter.FilterUtil,getLowPassIdealImpulseResponse,69,ConditionalsBoundaryMutator,SURVIVED,1,12,2,2,[F,1,0,3,17,2,8,9,0.4705882352941176
ACAP25_961e1fa,org.anhonesteffort.p25.filter.FilterUtil,getLowPassIdealImpulseResponse,69,NegateConditionalsMutator,SURVIVED,1,12,2,2,[F,1,0,3,17,2,8,9,0.4705882352941176
ACAP25_961e1fa,org.anhonesteffort.p25.filter.FilterUtil,getLowPassIdealImpulseResponse,71,MathMutator,SURVIVED,1,11,2,2,[F,1,0,3,17,2,8,9,0.4705882352941176
ACAP25_961e1fa,org.anhonesteffort.p25.filter.FilterUtil,getLowPassIdealImpulseResponse,71,MathMutator,SURVIVED,1,11,2,2,[F,1,0,3,17,2,8,9,0.4705882352941176
ACAP25_961e1fa,org.anhonesteffort.p25.filter.FilterUtil,getLowPassIdealImpulseResponse,71,MathMutator,SURVIVED,1,11,2,2,[F,1,0,3,17,2,8,9,0.4705882352941176
ACAP25_961e1fa,org.anhonesteffort.p25.filter.FilterUtil,getLowPassIdealImpulseResponse,72,MathMutator,SURVIVED,1,11,2,2,[F,1,0,3,17,2,8,9,0.4705882352941176
ACAP25_961e1fa,org.anhonesteffort.p25.filter.FilterUtil,getLowPassIdealImpulseResponse,72,MathMutator,SURVIVED,1,11,2,2,[F,1,0,3,17,2,8,9,0.4705882352941176
ACAP25_961e1fa,org.anhonesteffort.p25.filter.FilterUtil,getLowPassIdealImpulseResponse,72,MathMutator,SURVIVED,1,11,2,2,[F,1,0,3,17,2,8,9,0.4705882352941176
ACAP25_961e1fa,org.anhonesteffort.p25.filter.FilterUtil,getLowPassIdealImpulseResponse,75,MathMutator,KILLED,1,11,2,2,[F,1,0,3,17,2,8,9,0.4705882352941176
ACAP25_961e1fa,org.anhonesteffort.p25.filter.FilterUtil,getLowPassIdealImpulseResponse,75,MathMutator,KILLED,1,11,2,2,[F,1,0,3,17,2,8,9,0.4705882352941176
ACAP25_961e1fa,org.anhonesteffort.p25.filter.FilterUtil,getLowPassIdealImpulseResponse,78,NullReturnValsMutator,KILLED,1,1,2,2,[F,1,0,3,17,2,8,9,0.4705882352941176
ACAP25_961e1fa,org.anhonesteffort.p25.filter.FilterUtil,getKaiserBesselFilterLength,84,MathMutator,SURVIVED,1,1,2,2,I,1,0,3,12,1,8,9,0.4705882352941176
ACAP25_961e1fa,org.anhonesteffort.p25.filter.FilterUtil,getKaiserBesselFilterLength,84,MathMutator,SURVIVED,1,1,2,2,I,1,0,3,12,1,8,9,0.4705882352941176
ACAP25_961e1fa,org.anhonesteffort.p25.filter.FilterUtil,getKaiserBesselFilterLength,87,ConditionalsBoundaryMutator,SURVIVED,1,1,2,2,I,1,0,3,12,1,8,9,0.4705882352941176
ACAP25_961e1fa,org.anhonesteffort.p25.filter.FilterUtil,getKaiserBesselFilterLength,87,NegateConditionalsMutator,SURVIVED,1,1,2,2,I,1,0,3,12,1,8,9,0.4705882352941176
ACAP25_961e1fa,org.anhonesteffort.p25.filter.FilterUtil,getKaiserBesselFilterLength,90,MathMutator,SURVIVED,1,1,2,2,I,1,0,3,12,1,8,9,0.4705882352941176
ACAP25_961e1fa,org.anhonesteffort.p25.filter.FilterUtil,getKaiserBesselFilterLength,90,MathMutator,SURVIVED,1,1,2,2,I,1,0,3,12,1,8,9,0.4705882352941176
ACAP25_961e1fa,org.anhonesteffort.p25.filter.FilterUtil,getKaiserBesselFilterLength,90,MathMutator,SURVIVED,1,1,2,2,I,1,0,3,12,1,8,9,0.4705882352941176
ACAP25_961e1fa,org.anhonesteffort.p25.filter.FilterUtil,getKaiserBesselFilterLength,92,MathMutator,KILLED,1,1,2,2,I,1,0,3,12,1,8,9,0.4705882352941176
ACAP25_961e1fa,org.anhonesteffort.p25.filter.FilterUtil,getKaiserBesselFilterLength,92,NegateConditionalsMutator,KILLED,1,1,2,2,I,1,0,3,12,1,8,9,0.4705882352941176
ACAP25_961e1fa,org.anhonesteffort.p25.filter.FilterUtil,getKaiserBesselFilterLength,92,PrimitiveReturnsMutator,KILLED,1,1,2,2,I,1,0,3,12,1,8,9,0.4705882352941176
ACAP25_961e1fa,org.anhonesteffort.p25.filter.FilterUtil,getKaiserBesselWindowShape,97,ConditionalsBoundaryMutator,SURVIVED,1,1,2,2,F,1,0,4,12,1,8,9,0.4705882352941176
ACAP25_961e1fa,org.anhonesteffort.p25.filter.FilterUtil,getKaiserBesselWindowShape,97,NegateConditionalsMutator,SURVIVED,1,1,2,2,F,1,0,4,12,1,8,9,0.4705882352941176
ACAP25_961e1fa,org.anhonesteffort.p25.filter.FilterUtil,getKaiserBesselWindowShape,99,ConditionalsBoundaryMutator,SURVIVED,1,1,2,2,F,1,0,4,12,1,8,9,0.4705882352941176
ACAP25_961e1fa,org.anhonesteffort.p25.filter.FilterUtil,getKaiserBesselWindowShape,99,ConditionalsBoundaryMutator,SURVIVED,1,1,2,2,F,1,0,4,12,1,8,9,0.4705882352941176
ACAP25_961e1fa,org.anhonesteffort.p25.filter.FilterUtil,getKaiserBesselWindowShape,99,NegateConditionalsMutator,SURVIVED,1,1,2,2,F,1,0,4,12,1,8,9,0.4705882352941176
ACAP25_961e1fa,org.anhonesteffort.p25.filter.FilterUtil,getKaiserBesselWindowShape,99,NegateConditionalsMutator,SURVIVED,1,1,2,2,F,1,0,4,12,1,8,9,0.4705882352941176
ACAP25_961e1fa,org.anhonesteffort.p25.filter.decode.QpskPolarSlicer,consume,41,ConditionalsBoundaryMutator,SURVIVED,1,1000,1,1,V,2,0,4,9,1,1,1,0.5
ACAP25_961e1fa,org.anhonesteffort.p25.filter.decode.QpskPolarSlicer,consume,41,NegateConditionalsMutator,SURVIVED,1,1000,1,1,V,2,0,4,9,1,1,1,0.5
ACAP25_961e1fa,org.anhonesteffort.p25.filter.decode.QpskPolarSlicer,consume,42,ConditionalsBoundaryMutator,SURVIVED,1,500,1,1,V,2,0,4,9,1,1,1,0.5
ACAP25_961e1fa,org.anhonesteffort.p25.filter.decode.QpskPolarSlicer,consume,42,NegateConditionalsMutator,SURVIVED,1,500,1,1,V,2,0,4,9,1,1,1,0.5
ACAP25_961e1fa,org.anhonesteffort.p25.filter.decode.QpskPolarSlicer,consume,44,ConditionalsBoundaryMutator,SURVIVED,1,500,1,1,V,2,0,4,9,1,1,1,0.5
ACAP25_961e1fa,org.anhonesteffort.p25.filter.decode.QpskPolarSlicer,consume,44,NegateConditionalsMutator,SURVIVED,1,500,1,1,V,2,0,4,9,1,1,1,0.5
ACAP25_961e1fa,org.anhonesteffort.p25.filter.decode.QpskPolarSlicer,consume,46,VoidMethodCallMutator,SURVIVED,1,1000,1,1,V,2,0,4,9,1,1,1,0.5
ACAP25_961e1fa,org.anhonesteffort.p25.filter.gate.DiBitSyncGate,DiBitSyncGate,31,MathMutator,SURVIVED,2,2,4,4,V,3,0,1,5,1,3,1,0.75
ACAP25_961e1fa,org.anhonesteffort.p25.filter.gate.DiBitSyncGate,consume,41,NegateConditionalsMutator,SURVIVED,2,62,4,4,V,3,0,4,16,3,3,1,0.75
ACAP25_961e1fa,org.anhonesteffort.p25.filter.gate.DiBitSyncGate,consume,42,VoidMethodCallMutator,SURVIVED,2,6,4,4,V,3,0,4,16,3,3,1,0.75
ACAP25_961e1fa,org.anhonesteffort.p25.filter.gate.DiBitSyncGate,consume,46,MathMutator,SURVIVED,2,56,4,4,V,3,0,4,16,3,3,1,0.75
ACAP25_961e1fa,org.anhonesteffort.p25.filter.gate.DiBitSyncGate,consume,47,MathMutator,SURVIVED,2,56,4,4,V,3,0,4,16,3,3,1,0.75
ACAP25_961e1fa,org.anhonesteffort.p25.filter.gate.DiBitSyncGate,consume,49,NegateConditionalsMutator,SURVIVED,2,56,4,4,V,3,0,4,16,3,3,1,0.75
ACAP25_961e1fa,org.anhonesteffort.p25.filter.gate.DiBitSyncGate,consume,50,VoidMethodCallMutator,SURVIVED,1,1,1,4,V,3,0,4,16,3,3,1,0.75
ACAP25_961e1fa,org.anhonesteffort.p25.filter.gate.DiBitSyncGate,consume,51,ConditionalsBoundaryMutator,SURVIVED,2,55,4,4,V,3,0,4,16,3,3,1,0.75
ACAP25_961e1fa,org.anhonesteffort.p25.filter.gate.DiBitSyncGate,consume,51,MathMutator,SURVIVED,2,55,4,4,V,3,0,4,16,3,3,1,0.75
ACAP25_961e1fa,org.anhonesteffort.p25.filter.gate.DiBitSyncGate,consume,51,NegateConditionalsMutator,SURVIVED,2,55,4,4,V,3,0,4,16,3,3,1,0.75
ACAP25_961e1fa,org.anhonesteffort.p25.filter.gate.DiBitSyncGate,consume,53,VoidMethodCallMutator,SURVIVED,1,1,3,4,V,3,0,4,16,3,3,1,0.75
ACAP25_961e1fa,org.anhonesteffort.p25.filter.gate.SyncGate,onSyncConsumed,27,VoidMethodCallMutator,SURVIVED,2,2,4,4,V,2,1,1,3,1,3,1,0.75
ACAP25_961e1fa,org.anhonesteffort.p25.filter.rate.ComplexNumberFirstOrderCicDecimatingFilter,consume,37,VoidMethodCallMutator,SURVIVED,2,32008420,2,2,V,4,0,1,3,1,6,2,0.75
ACAP25_961e1fa,org.anhonesteffort.p25.filter.rate.ComplexNumberFirstOrderCicDecimatingFilter,addSink,42,VoidMethodCallMutator,SURVIVED,2,6,2,2,V,4,0,1,3,1,6,2,0.75
ACAP25_961e1fa,org.anhonesteffort.p25.filter.rate.ComplexNumberFirstOrderCicInterpolatingFilter,consume,37,VoidMethodCallMutator,SURVIVED,5,32004150,7,7,V,4,0,1,3,1,6,2,0.75
ACAP25_961e1fa,org.anhonesteffort.p25.filter.rate.ComplexNumberFirstOrderCicInterpolatingFilter,addSink,42,VoidMethodCallMutator,SURVIVED,5,5,7,7,V,4,0,1,3,1,6,2,0.75
ACAP25_961e1fa,org.anhonesteffort.p25.filter.rate.ComplexNumberResamplingFilter,ComplexNumberResamplingFilter,36,VoidMethodCallMutator,SURVIVED,2,2,2,2,V,4,0,1,6,1,6,2,0.75
ACAP25_961e1fa,org.anhonesteffort.p25.filter.rate.ComplexNumberResamplingFilter,consume,41,VoidMethodCallMutator,SURVIVED,2,2500,2,2,V,4,0,1,3,1,6,2,0.75
ACAP25_961e1fa,org.anhonesteffort.p25.filter.rate.ComplexNumberResamplingFilter,addSink,46,VoidMethodCallMutator,SURVIVED,2,2,2,2,V,4,0,1,3,1,6,2,0.75
ACAP25_961e1fa,org.anhonesteffort.p25.filter.rate.RateChangeFilter,getInterpolation,34,PrimitiveReturnsMutator,SURVIVED,2,2,2,2,I,3,3,1,3,1,6,2,0.75
ACAP25_961e1fa,org.anhonesteffort.p25.filter.rate.RateChangeFilter,getDecimation,38,PrimitiveReturnsMutator,SURVIVED,2,2,2,2,I,3,3,1,3,1,6,2,0.75
ACAP25_961e1fa,org.anhonesteffort.p25.primitive.ComplexNumber,sloppyNormalize,101,MathMutator,SURVIVED,1,20,2,4,Lorg/anhonesteffort/p25/primitive/ComplexNumber,2,0,1,3,1,2,23,0.08
ACAP25_961e1fa,org.anhonesteffort.p25.primitive.ComplexNumber,sloppyNormalize,101,NullReturnValsMutator,KILLED,1,20,2,4,Lorg/anhonesteffort/p25/primitive/ComplexNumber,2,0,1,3,1,2,23,0.08
ACAP25_961e1fa,org.anhonesteffort.p25.primitive.ComplexNumber,copy,110,NullReturnValsMutator,KILLED,8,129005040,15,19,Lorg/anhonesteffort/p25/util/Copyable,2,0,1,3,1,2,23,0.08
ACAP25_961e1fa,org.anhonesteffort.p25.primitive.ComplexNumber,getInPhase,37,PrimitiveReturnsMutator,SURVIVED,20,268548115,33,37,F,2,0,1,3,1,2,23,0.08
ACAP25_961e1fa,org.anhonesteffort.p25.primitive.ComplexNumber,getQuadrature,41,PrimitiveReturnsMutator,SURVIVED,20,268548115,33,37,F,2,0,1,3,1,2,23,0.08
ACAP25_961e1fa,org.anhonesteffort.p25.primitive.ComplexNumber,add,45,NullReturnValsMutator,KILLED,10,64016626,16,26,Lorg/anhonesteffort/p25/primitive/ComplexNumber,2,0,1,3,1,2,23,0.08
ACAP25_961e1fa,org.anhonesteffort.p25.primitive.ComplexNumber,add,46,MathMutator,SURVIVED,10,64016626,16,26,Lorg/anhonesteffort/p25/primitive/ComplexNumber,2,0,1,3,1,2,23,0.08
ACAP25_961e1fa,org.anhonesteffort.p25.primitive.ComplexNumber,add,47,MathMutator,SURVIVED,10,64016626,16,26,Lorg/anhonesteffort/p25/primitive/ComplexNumber,2,0,1,3,1,2,23,0.08
ACAP25_961e1fa,org.anhonesteffort.p25.primitive.ComplexNumber,subtract,52,NullReturnValsMutator,KILLED,10,64012572,16,26,Lorg/anhonesteffort/p25/primitive/ComplexNumber,2,0,1,3,1,2,23,0.08
ACAP25_961e1fa,org.anhonesteffort.p25.primitive.ComplexNumber,subtract,53,MathMutator,SURVIVED,10,64012572,16,26,Lorg/anhonesteffort/p25/primitive/ComplexNumber,2,0,1,3,1,2,23,0.08
ACAP25_961e1fa,org.anhonesteffort.p25.primitive.ComplexNumber,subtract,54,MathMutator,SURVIVED,10,64012572,16,26,Lorg/anhonesteffort/p25/primitive/ComplexNumber,2,0,1,3,1,2,23,0.08
ACAP25_961e1fa,org.anhonesteffort.p25.primitive.ComplexNumber,multiply,59,MathMutator,SURVIVED,15,100509645,31,39,Lorg/anhonesteffort/p25/primitive/ComplexNumber,2,0,1,3,1,2,23,0.08
ACAP25_961e1fa,org.anhonesteffort.p25.primitive.ComplexNumber,multiply,59,MathMutator,SURVIVED,15,100509645,31,39,Lorg/anhonesteffort/p25/primitive/ComplexNumber,2,0,1,3,1,2,23,0.08
ACAP25_961e1fa,org.anhonesteffort.p25.primitive.ComplexNumber,multiply,59,NullReturnValsMutator,KILLED,15,100509645,31,39,Lorg/anhonesteffort/p25/primitive/ComplexNumber,2,0,1,3,1,2,23,0.08
ACAP25_961e1fa,org.anhonesteffort.p25.primitive.ComplexNumber,multiply,65,NullReturnValsMutator,KILLED,9,64502562,19,31,Lorg/anhonesteffort/p25/primitive/ComplexNumber,2,0,1,3,1,2,23,0.08
ACAP25_961e1fa,org.anhonesteffort.p25.primitive.ComplexNumber,multiply,66,MathMutator,SURVIVED,9,64502562,19,31,Lorg/anhonesteffort/p25/primitive/ComplexNumber,2,0,1,3,1,2,23,0.08
ACAP25_961e1fa,org.anhonesteffort.p25.primitive.ComplexNumber,multiply,66,MathMutator,SURVIVED,9,64502562,19,31,Lorg/anhonesteffort/p25/primitive/ComplexNumber,2,0,1,3,1,2,23,0.08
ACAP25_961e1fa,org.anhonesteffort.p25.primitive.ComplexNumber,multiply,66,MathMutator,SURVIVED,9,64502562,19,31,Lorg/anhonesteffort/p25/primitive/ComplexNumber,2,0,1,3,1,2,23,0.08
ACAP25_961e1fa,org.anhonesteffort.p25.primitive.ComplexNumber,multiply,67,MathMutator,SURVIVED,9,64502562,19,31,Lorg/anhonesteffort/p25/primitive/ComplexNumber,2,0,1,3,1,2,23,0.08
ACAP25_961e1fa,org.anhonesteffort.p25.primitive.ComplexNumber,multiply,67,MathMutator,SURVIVED,9,64502562,19,31,Lorg/anhonesteffort/p25/primitive/ComplexNumber,2,0,1,3,1,2,23,0.08
ACAP25_961e1fa,org.anhonesteffort.p25.primitive.ComplexNumber,multiply,67,MathMutator,SURVIVED,9,64502562,19,31,Lorg/anhonesteffort/p25/primitive/ComplexNumber,2,0,1,3,1,2,23,0.08
ACAP25_961e1fa,org.anhonesteffort.p25.primitive.ComplexNumber,magnitudeSquared,80,MathMutator,SURVIVED,8,325002520,15,19,F,2,0,1,3,1,2,23,0.08
ACAP25_961e1fa,org.anhonesteffort.p25.primitive.ComplexNumber,magnitudeSquared,80,MathMutator,SURVIVED,8,325002520,15,19,F,2,0,1,3,1,2,23,0.08
ACAP25_961e1fa,org.anhonesteffort.p25.primitive.ComplexNumber,magnitudeSquared,80,MathMutator,SURVIVED,8,325002520,15,19,F,2,0,1,3,1,2,23,0.08
ACAP25_961e1fa,org.anhonesteffort.p25.primitive.ComplexNumber,magnitudeSquared,80,PrimitiveReturnsMutator,SURVIVED,8,325002520,15,19,F,2,0,1,3,1,2,23,0.08
ACAP25_961e1fa,org.anhonesteffort.p25.primitive.ComplexNumber,magnitude,84,PrimitiveReturnsMutator,SURVIVED,7,325002500,13,19,F,2,0,1,3,1,2,23,0.08
ACAP25_961e1fa,org.anhonesteffort.p25.primitive.ComplexNumber,envelope,91,ConditionalsBoundaryMutator,SURVIVED,1,18,6,6,F,2,0,2,5,1,2,23,0.08
ACAP25_961e1fa,org.anhonesteffort.p25.primitive.ComplexNumber,envelope,91,MathMutator,SURVIVED,1,18,6,6,F,2,0,2,5,1,2,23,0.08
ACAP25_961e1fa,org.anhonesteffort.p25.primitive.ComplexNumber,envelope,91,MathMutator,SURVIVED,1,18,6,6,F,2,0,2,5,1,2,23,0.08
ACAP25_961e1fa,org.anhonesteffort.p25.primitive.ComplexNumber,envelope,91,NegateConditionalsMutator,SURVIVED,1,18,6,6,F,2,0,2,5,1,2,23,0.08
ACAP25_961e1fa,org.anhonesteffort.p25.primitive.ComplexNumber,envelope,91,PrimitiveReturnsMutator,SURVIVED,1,18,6,6,F,2,0,2,5,1,2,23,0.08
ACAP25_961e1fa,org.anhonesteffort.p25.primitive.ComplexNumber,normalize,97,MathMutator,SURVIVED,7,64502500,13,19,Lorg/anhonesteffort/p25/primitive/ComplexNumber,2,0,2,4,1,2,23,0.08
ACAP25_961e1fa,org.anhonesteffort.p25.primitive.ComplexNumber,normalize,97,NegateConditionalsMutator,SURVIVED,7,64502500,13,19,Lorg/anhonesteffort/p25/primitive/ComplexNumber,2,0,2,4,1,2,23,0.08
ACAP25_961e1fa,org.anhonesteffort.p25.primitive.ComplexNumber,normalize,97,NullReturnValsMutator,KILLED,7,64502500,13,19,Lorg/anhonesteffort/p25/primitive/ComplexNumber,2,0,2,4,1,2,23,0.08
ACAP25_961e1fa,org.anhonesteffort.p25.primitive.DiBit,DiBit,32,ConditionalsBoundaryMutator,KILLED,3,106,7,7,V,2,0,3,6,1,2,23,0.08
ACAP25_961e1fa,org.anhonesteffort.p25.primitive.DiBit,DiBit,32,ConditionalsBoundaryMutator,KILLED,3,106,7,7,V,2,0,3,6,1,2,23,0.08
ACAP25_961e1fa,org.anhonesteffort.p25.primitive.DiBit,DiBit,32,NegateConditionalsMutator,KILLED,3,106,7,7,V,2,0,3,6,1,2,23,0.08
ACAP25_961e1fa,org.anhonesteffort.p25.primitive.DiBit,DiBit,32,NegateConditionalsMutator,KILLED,3,106,7,7,V,2,0,3,6,1,2,23,0.08
ACAP25_961e1fa,org.anhonesteffort.p25.primitive.DiBit,getValue,39,PrimitiveReturnsMutator,SURVIVED,4,1102,8,8,I,2,0,1,3,1,2,23,0.08
ACAP25_961e1fa,org.anhonesteffort.p25.primitive.Oscillator,Oscillator,28,MathMutator,SURVIVED,8,8506,15,19,V,1,0,1,5,1,2,23,0.08
ACAP25_961e1fa,org.anhonesteffort.p25.primitive.Oscillator,Oscillator,28,MathMutator,SURVIVED,8,8506,15,19,V,1,0,1,5,1,2,23,0.08
ACAP25_961e1fa,org.anhonesteffort.p25.primitive.Oscillator,next,45,NegateConditionalsMutator,SURVIVED,8,64502520,15,19,Lorg/anhonesteffort/p25/primitive/ComplexNumber,1,0,2,8,1,2,23,0.08
ACAP25_961e1fa,org.anhonesteffort.p25.primitive.Oscillator,next,50,NullReturnValsMutator,KILLED,8,64502520,15,19,Lorg/anhonesteffort/p25/primitive/ComplexNumber,1,0,2,8,1,2,23,0.08
ACAP25_961e1fa,org.anhonesteffort.p25.protocol.entity.Site,getName,42,EmptyObjectReturnValsMutator,SURVIVED,2,6,2,9,Ljava/lang/String,1,0,1,3,1,0,1,0.0
ACAP25_961e1fa,org.anhonesteffort.p25.protocol.entity.Site,getId,46,EmptyObjectReturnValsMutator,SURVIVED,2,6,2,9,Ljava/lang/Integer,1,0,1,3,1,0,1,0.0
ACAP25_961e1fa,org.anhonesteffort.p25.protocol.entity.Site,getRfSubSystem,50,EmptyObjectReturnValsMutator,SURVIVED,2,6,2,9,Ljava/lang/Integer,1,0,1,3,1,0,1,0.0
ACAP25_961e1fa,org.anhonesteffort.p25.protocol.entity.Site,getControlChannels,54,EmptyObjectReturnValsMutator,SURVIVED,2,6,2,9,Ljava/util/List,1,0,1,3,1,0,1,0.0
ACAP25_961e1fa,org.anhonesteffort.p25.protocol.entity.Site,getActiveControlChannel,64,EmptyObjectReturnValsMutator,SURVIVED,2,6,2,9,Ljava/util/Optional,1,0,1,3,1,0,1,0.0
ACAP25_961e1fa,org.anhonesteffort.p25.protocol.entity.Site,equals,69,NegateConditionalsMutator,SURVIVED,6,10,7,9,Z,1,0,12,19,3,0,1,0.0
ACAP25_961e1fa,org.anhonesteffort.p25.protocol.entity.Site,equals,70,NegateConditionalsMutator,KILLED,6,10,7,9,Z,1,0,12,19,3,0,1,0.0
ACAP25_961e1fa,org.anhonesteffort.p25.protocol.entity.Site,equals,70,NegateConditionalsMutator,KILLED,6,10,7,9,Z,1,0,12,19,3,0,1,0.0
ACAP25_961e1fa,org.anhonesteffort.p25.protocol.entity.Site,equals,74,NegateConditionalsMutator,SURVIVED,6,10,7,9,Z,1,0,12,19,3,0,1,0.0
ACAP25_961e1fa,org.anhonesteffort.p25.protocol.entity.Site,equals,77,NegateConditionalsMutator,KILLED,5,8,6,9,Z,1,0,12,19,3,0,1,0.0
ACAP25_961e1fa,org.anhonesteffort.p25.protocol.entity.Site,equals,77,NegateConditionalsMutator,KILLED,5,8,6,9,Z,1,0,12,19,3,0,1,0.0
ACAP25_961e1fa,org.anhonesteffort.p25.protocol.entity.Site,equals,81,BooleanTrueReturnValsMutator,SURVIVED,5,8,5,9,Z,1,0,12,19,3,0,1,0.0
ACAP25_961e1fa,org.anhonesteffort.p25.protocol.entity.Site,equals,81,NegateConditionalsMutator,KILLED,5,8,5,9,Z,1,0,12,19,3,0,1,0.0
ACAP25_961e1fa,org.anhonesteffort.p25.protocol.entity.Site,equals,81,NegateConditionalsMutator,KILLED,5,8,5,9,Z,1,0,12,19,3,0,1,0.0
ACAP25_961e1fa,org.anhonesteffort.p25.protocol.entity.Site,equals,82,NegateConditionalsMutator,KILLED,5,8,5,9,Z,1,0,12,19,3,0,1,0.0
ACAP25_961e1fa,org.anhonesteffort.p25.protocol.entity.Site,equals,82,NegateConditionalsMutator,KILLED,5,8,5,9,Z,1,0,12,19,3,0,1,0.0
ACAP25_961e1fa,org.anhonesteffort.p25.protocol.entity.System,getName,46,EmptyObjectReturnValsMutator,SURVIVED,1,2,1,3,Ljava/lang/String,1,0,1,3,1,0,1,0.0
ACAP25_961e1fa,org.anhonesteffort.p25.protocol.entity.System,getId,50,EmptyObjectReturnValsMutator,SURVIVED,1,2,1,3,Ljava/lang/Integer,1,0,1,3,1,0,1,0.0
ACAP25_961e1fa,org.anhonesteffort.p25.protocol.entity.System,getWideAreaCommNet,54,EmptyObjectReturnValsMutator,SURVIVED,1,2,1,3,Ljava/lang/Integer,1,0,1,3,1,0,1,0.0
ACAP25_961e1fa,org.anhonesteffort.p25.protocol.entity.System,getSites,58,EmptyObjectReturnValsMutator,SURVIVED,1,2,1,3,Ljava/util/List,1,0,1,3,1,0,1,0.0
ACAP25_961e1fa,org.anhonesteffort.p25.protocol.entity.System,getTalkGroups,62,EmptyObjectReturnValsMutator,SURVIVED,1,2,1,3,Ljava/util/List,1,0,1,3,1,0,1,0.0
ACAP25_961e1fa,org.anhonesteffort.p25.protocol.entity.System,equals,67,NegateConditionalsMutator,SURVIVED,2,3,2,3,Z,1,0,8,10,1,0,1,0.0
ACAP25_961e1fa,org.anhonesteffort.p25.protocol.entity.System,equals,68,NegateConditionalsMutator,KILLED,2,3,2,3,Z,1,0,8,10,1,0,1,0.0
ACAP25_961e1fa,org.anhonesteffort.p25.protocol.entity.System,equals,68,NegateConditionalsMutator,KILLED,2,3,2,3,Z,1,0,8,10,1,0,1,0.0
ACAP25_961e1fa,org.anhonesteffort.p25.protocol.entity.System,equals,72,BooleanTrueReturnValsMutator,SURVIVED,2,3,2,3,Z,1,0,8,10,1,0,1,0.0
ACAP25_961e1fa,org.anhonesteffort.p25.protocol.entity.System,equals,72,NegateConditionalsMutator,KILLED,2,3,2,3,Z,1,0,8,10,1,0,1,0.0
ACAP25_961e1fa,org.anhonesteffort.p25.protocol.entity.System,equals,72,NegateConditionalsMutator,KILLED,2,3,2,3,Z,1,0,8,10,1,0,1,0.0
ACAP25_961e1fa,org.anhonesteffort.p25.protocol.entity.System,equals,73,NegateConditionalsMutator,KILLED,2,3,2,3,Z,1,0,8,10,1,0,1,0.0
ACAP25_961e1fa,org.anhonesteffort.p25.protocol.entity.System,equals,73,NegateConditionalsMutator,KILLED,2,3,2,3,Z,1,0,8,10,1,0,1,0.0
ACAP25_961e1fa,org.anhonesteffort.p25.protocol.entity.System,equals,74,NegateConditionalsMutator,KILLED,2,3,2,3,Z,1,0,8,10,1,0,1,0.0
ACAP25_961e1fa,org.anhonesteffort.p25.protocol.entity.TalkGroup,getAlias,33,EmptyObjectReturnValsMutator,SURVIVED,2,6,2,5,Ljava/lang/String,1,0,1,3,1,0,1,0.0
ACAP25_961e1fa,org.anhonesteffort.p25.protocol.entity.TalkGroup,getId,37,EmptyObjectReturnValsMutator,SURVIVED,2,6,2,5,Ljava/lang/Integer,1,0,1,3,1,0,1,0.0
ACAP25_961e1fa,org.anhonesteffort.p25.protocol.entity.TalkGroup,equals,42,NegateConditionalsMutator,SURVIVED,3,6,3,5,Z,1,0,5,10,1,0,1,0.0
ACAP25_961e1fa,org.anhonesteffort.p25.protocol.entity.TalkGroup,equals,43,NegateConditionalsMutator,KILLED,3,6,3,5,Z,1,0,5,10,1,0,1,0.0
ACAP25_961e1fa,org.anhonesteffort.p25.protocol.entity.TalkGroup,equals,43,NegateConditionalsMutator,KILLED,3,6,3,5,Z,1,0,5,10,1,0,1,0.0
ACAP25_961e1fa,org.anhonesteffort.p25.protocol.entity.TalkGroup,equals,46,BooleanTrueReturnValsMutator,SURVIVED,3,6,3,5,Z,1,0,5,10,1,0,1,0.0
ACAP25_961e1fa,org.anhonesteffort.p25.protocol.entity.TalkGroup,equals,46,NegateConditionalsMutator,KILLED,3,6,3,5,Z,1,0,5,10,1,0,1,0.0
ACAP25_961e1fa,org.anhonesteffort.p25.protocol.entity.TalkGroup,equals,46,NegateConditionalsMutator,KILLED,3,6,3,5,Z,1,0,5,10,1,0,1,0.0
ACAP25_961e1fa,org.anhonesteffort.p25.sample.SamplesSourceController,removeSink,162,VoidMethodCallMutator,SURVIVED,2,4,13,13,V,2,0,2,9,2,4,10,0.2857142857142857
ACAP25_961e1fa,org.anhonesteffort.p25.sample.SamplesSourceController,removeSink,165,VoidMethodCallMutator,SURVIVED,2,4,13,13,V,2,0,2,9,2,4,10,0.2857142857142857
ACAP25_961e1fa,org.anhonesteffort.p25.sample.SamplesSourceController,removeSink,166,NegateConditionalsMutator,SURVIVED,2,4,13,13,V,2,0,2,9,2,4,10,0.2857142857142857
ACAP25_961e1fa,org.anhonesteffort.p25.sample.SamplesSourceController,SamplesSourceController,41,VoidMethodCallMutator,KILLED,2,2,13,13,V,2,0,4,7,3,4,10,0.2857142857142857
ACAP25_961e1fa,org.anhonesteffort.p25.sample.SamplesSourceController,SamplesSourceController,49,NegateConditionalsMutator,KILLED,2,2,13,13,V,2,0,4,7,3,4,10,0.2857142857142857
ACAP25_961e1fa,org.anhonesteffort.p25.util.DiBitByteBufferSink,DiBitByteBufferSink,40,MathMutator,SURVIVED,1,1,3,3,V,2,0,1,4,1,1,22,0.0434782608695652
ACAP25_961e1fa,org.anhonesteffort.p25.util.DiBitByteBufferSink,getBytes,48,NullReturnValsMutator,KILLED,1,33,3,3,Ljava/nio/ByteBuffer,2,0,1,3,1,1,22,0.0434782608695652
ACAP25_961e1fa,org.anhonesteffort.p25.util.DiBitByteBufferSink,consume,53,MathMutator,SURVIVED,1,40,3,3,V,2,0,1,6,1,1,22,0.0434782608695652
ACAP25_961e1fa,org.anhonesteffort.p25.util.DiBitByteBufferSink,consume,53,MathMutator,KILLED,1,40,3,3,V,2,0,1,6,1,1,22,0.0434782608695652
ACAP25_961e1fa,org.anhonesteffort.p25.util.DiBitByteBufferSink,consume,57,MathMutator,SURVIVED,1,40,3,3,V,2,0,1,6,1,1,22,0.0434782608695652
ACAP25_961e1fa,org.anhonesteffort.p25.util.DiBitByteBufferSink,consume,60,MathMutator,KILLED,1,40,3,3,V,2,0,1,6,1,1,22,0.0434782608695652
ACAP25_961e1fa,org.anhonesteffort.p25.util.Util,greatestCommonFactor,25,PrimitiveReturnsMutator,KILLED,2,2000,2,2,I,1,0,1,3,1,1,22,0.0434782608695652
ACAP25_961e1fa,org.anhonesteffort.p25.util.YamlUtil,fromYaml,31,NullReturnValsMutator,KILLED,7,7,7,11,Ljava/lang/Object,1,0,1,3,1,1,22,0.0434782608695652
edi-debatcher_0658bc2,org.null0.x12.debatcher.Debatcher,canCheckForRefD9,110,BooleanTrueReturnValsMutator,SURVIVED,30,302,18,55,Z,1,0,4,3,1,0,0,0
edi-debatcher_0658bc2,org.null0.x12.debatcher.Debatcher,canCheckForRefD9,110,NegateConditionalsMutator,SURVIVED,30,302,18,55,Z,1,0,4,3,1,0,0,0
edi-debatcher_0658bc2,org.null0.x12.debatcher.Debatcher,canCheckForRefD9,110,NegateConditionalsMutator,SURVIVED,30,302,18,55,Z,1,0,4,3,1,0,0,0
edi-debatcher_0658bc2,org.null0.x12.debatcher.Debatcher,canCheckForRefD9,110,NegateConditionalsMutator,SURVIVED,30,302,18,55,Z,1,0,4,3,1,0,0,0
edi-debatcher_0658bc2,org.null0.x12.debatcher.Debatcher,canCheckForRefD9,111,NegateConditionalsMutator,SURVIVED,30,302,18,55,Z,1,0,4,3,1,0,0,0
edi-debatcher_0658bc2,org.null0.x12.debatcher.Debatcher,getClaimType,115,NegateConditionalsMutator,KILLED,33,113,22,55,Lorg/null0/x12/debatcher/DefaultValidator$ClaimType,1,0,3,10,3,0,0,0
edi-debatcher_0658bc2,org.null0.x12.debatcher.Debatcher,getClaimType,116,NullReturnValsMutator,KILLED,29,105,20,55,Lorg/null0/x12/debatcher/DefaultValidator$ClaimType,1,0,3,10,3,0,0,0
edi-debatcher_0658bc2,org.null0.x12.debatcher.Debatcher,getClaimType,117,NegateConditionalsMutator,KILLED,6,8,2,55,Lorg/null0/x12/debatcher/DefaultValidator$ClaimType,1,0,3,10,3,0,0,0
edi-debatcher_0658bc2,org.null0.x12.debatcher.Debatcher,getClaimType,118,NullReturnValsMutator,KILLED,5,5,2,55,Lorg/null0/x12/debatcher/DefaultValidator$ClaimType,1,0,3,10,3,0,0,0
edi-debatcher_0658bc2,org.null0.x12.debatcher.Debatcher,getLxCount,124,PrimitiveReturnsMutator,SURVIVED,30,288,16,55,I,1,0,1,3,1,0,0,0
edi-debatcher_0658bc2,org.null0.x12.debatcher.Debatcher,getSegmentCount,128,PrimitiveReturnsMutator,SURVIVED,30,1129,16,55,I,1,0,1,3,1,0,0,0
edi-debatcher_0658bc2,org.null0.x12.debatcher.Debatcher,idPattern,132,NegateConditionalsMutator,SURVIVED,30,108,18,55,Ljava/util/HashSet,1,0,2,6,2,0,0,0
edi-debatcher_0658bc2,org.null0.x12.debatcher.Debatcher,idPattern,135,NullReturnValsMutator,KILLED,30,108,18,55,Ljava/util/HashSet,1,0,2,6,2,0,0,0
edi-debatcher_0658bc2,org.null0.x12.debatcher.Debatcher,initRefD9idPattern,139,NegateConditionalsMutator,KILLED,30,108,18,55,V,1,0,3,9,3,0,0,0
edi-debatcher_0658bc2,org.null0.x12.debatcher.Debatcher,isAtRefD9,147,NegateConditionalsMutator,SURVIVED,30,887,18,55,Z,1,0,9,19,4,0,0,0
edi-debatcher_0658bc2,org.null0.x12.debatcher.Debatcher,isAtRefD9,151,NegateConditionalsMutator,SURVIVED,30,887,18,55,Z,1,0,9,19,4,0,0,0
edi-debatcher_0658bc2,org.null0.x12.debatcher.Debatcher,isAtRefD9,162,NegateConditionalsMutator,SURVIVED,30,871,18,55,Z,1,0,9,19,4,0,0,0
edi-debatcher_0658bc2,org.null0.x12.debatcher.Debatcher,isAtRefD9,162,NegateConditionalsMutator,SURVIVED,30,871,18,55,Z,1,0,9,19,4,0,0,0
edi-debatcher_0658bc2,org.null0.x12.debatcher.Debatcher,isAtRefD9,163,VoidMethodCallMutator,SURVIVED,25,43,18,55,Z,1,0,9,19,4,0,0,0
edi-debatcher_0658bc2,org.null0.x12.debatcher.Debatcher,isAtRefD9,164,BooleanFalseReturnValsMutator,SURVIVED,25,43,18,55,Z,1,0,9,19,4,0,0,0
edi-debatcher_0658bc2,org.null0.x12.debatcher.Debatcher,isAtRefD9,166,NegateConditionalsMutator,SURVIVED,30,828,18,55,Z,1,0,9,19,4,0,0,0
edi-debatcher_0658bc2,org.null0.x12.debatcher.Debatcher,isAtRefD9,169,BooleanTrueReturnValsMutator,SURVIVED,30,828,18,55,Z,1,0,9,19,4,0,0,0
edi-debatcher_0658bc2,org.null0.x12.debatcher.Debatcher,isAtRefD9,169,NegateConditionalsMutator,KILLED,30,828,18,55,Z,1,0,9,19,4,0,0,0
edi-debatcher_0658bc2,org.null0.x12.debatcher.Debatcher,isAtRefD9,169,NegateConditionalsMutator,SURVIVED,30,828,18,55,Z,1,0,9,19,4,0,0,0
edi-debatcher_0658bc2,org.null0.x12.debatcher.Debatcher,isAtRefD9,169,NegateConditionalsMutator,KILLED,30,828,18,55,Z,1,0,9,19,4,0,0,0
edi-debatcher_0658bc2,org.null0.x12.debatcher.Debatcher,isAtRefD9,170,NegateConditionalsMutator,SURVIVED,30,828,18,55,Z,1,0,9,19,4,0,0,0
edi-debatcher_0658bc2,org.null0.x12.debatcher.Debatcher,readClaim,177,MathMutator,SURVIVED,30,286,18,55,V,1,0,14,40,5,0,0,0
edi-debatcher_0658bc2,org.null0.x12.debatcher.Debatcher,readClaim,182,NegateConditionalsMutator,SURVIVED,30,9990,18,55,V,1,0,14,40,5,0,0,0
edi-debatcher_0658bc2,org.null0.x12.debatcher.Debatcher,readClaim,183,NegateConditionalsMutator,SURVIVED,30,887,18,55,V,1,0,14,40,5,0,0,0
edi-debatcher_0658bc2,org.null0.x12.debatcher.Debatcher,readClaim,197,NegateConditionalsMutator,SURVIVED,30,9990,18,55,V,1,0,14,40,5,0,0,0
edi-debatcher_0658bc2,org.null0.x12.debatcher.Debatcher,readClaim,199,NegateConditionalsMutator,SURVIVED,30,9947,18,55,V,1,0,14,40,5,0,0,0
edi-debatcher_0658bc2,org.null0.x12.debatcher.Debatcher,readClaim,201,NegateConditionalsMutator,KILLED,30,286,18,55,V,1,0,14,40,5,0,0,0
edi-debatcher_0658bc2,org.null0.x12.debatcher.Debatcher,readClaim,201,NegateConditionalsMutator,KILLED,30,286,18,55,V,1,0,14,40,5,0,0,0
edi-debatcher_0658bc2,org.null0.x12.debatcher.Debatcher,readClaim,213,MathMutator,KILLED,30,9990,18,55,V,1,0,14,40,5,0,0,0
edi-debatcher_0658bc2,org.null0.x12.debatcher.Debatcher,readClaim,216,NegateConditionalsMutator,KILLED,30,9990,18,55,V,1,0,14,40,5,0,0,0
edi-debatcher_0658bc2,org.null0.x12.debatcher.Debatcher,readClaim,220,NegateConditionalsMutator,KILLED,30,9989,18,55,V,1,0,14,40,5,0,0,0
edi-debatcher_0658bc2,org.null0.x12.debatcher.Debatcher,readClaim,220,NegateConditionalsMutator,KILLED,30,9989,18,55,V,1,0,14,40,5,0,0,0
edi-debatcher_0658bc2,org.null0.x12.debatcher.Debatcher,readClaim,220,NegateConditionalsMutator,KILLED,30,9989,18,55,V,1,0,14,40,5,0,0,0
edi-debatcher_0658bc2,org.null0.x12.debatcher.Debatcher,readClaim,222,VoidMethodCallMutator,SURVIVED,29,285,16,55,V,1,0,14,40,5,0,0,0
edi-debatcher_0658bc2,org.null0.x12.debatcher.Debatcher,readClaim,224,NegateConditionalsMutator,KILLED,29,285,16,55,V,1,0,14,40,5,0,0,0
edi-debatcher_0658bc2,org.null0.x12.debatcher.Debatcher,readClaim,228,NegateConditionalsMutator,KILLED,29,285,16,55,V,1,0,14,40,5,0,0,0
edi-debatcher_0658bc2,org.null0.x12.debatcher.Debatcher,readFunctionGroups,242,NegateConditionalsMutator,KILLED,37,183,30,55,V,1,0,8,34,4,0,0,0
edi-debatcher_0658bc2,org.null0.x12.debatcher.Debatcher,readFunctionGroups,243,NegateConditionalsMutator,KILLED,37,96,30,55,V,1,0,8,34,4,0,0,0
edi-debatcher_0658bc2,org.null0.x12.debatcher.Debatcher,readFunctionGroups,249,NegateConditionalsMutator,KILLED,36,182,28,55,V,1,0,8,34,4,0,0,0
edi-debatcher_0658bc2,org.null0.x12.debatcher.Debatcher,readFunctionGroups,249,NegateConditionalsMutator,KILLED,36,182,28,55,V,1,0,8,34,4,0,0,0
edi-debatcher_0658bc2,org.null0.x12.debatcher.Debatcher,readFunctionGroups,252,MathMutator,KILLED,36,98,28,55,V,1,0,8,34,4,0,0,0
edi-debatcher_0658bc2,org.null0.x12.debatcher.Debatcher,readFunctionGroups,265,VoidMethodCallMutator,KILLED,34,96,24,55,V,1,0,8,34,4,0,0,0
edi-debatcher_0658bc2,org.null0.x12.debatcher.Debatcher,readFunctionGroups,267,NegateConditionalsMutator,KILLED,28,90,12,55,V,1,0,8,34,4,0,0,0
edi-debatcher_0658bc2,org.null0.x12.debatcher.Debatcher,readFunctionGroups,272,NegateConditionalsMutator,KILLED,27,89,10,55,V,1,0,8,34,4,0,0,0
edi-debatcher_0658bc2,org.null0.x12.debatcher.Debatcher,readFunctionGroups,277,VoidMethodCallMutator,SURVIVED,25,87,6,55,V,1,0,8,34,4,0,0,0
edi-debatcher_0658bc2,org.null0.x12.debatcher.Debatcher,readHeader,285,MathMutator,KILLED,30,546,18,55,V,1,0,3,10,3,0,0,0
edi-debatcher_0658bc2,org.null0.x12.debatcher.Debatcher,readHeader,286,NegateConditionalsMutator,KILLED,30,546,18,55,V,1,0,3,10,3,0,0,0
edi-debatcher_0658bc2,org.null0.x12.debatcher.Debatcher,readHierarchicalLevels,294,NegateConditionalsMutator,KILLED,30,2385,18,55,I,1,0,10,48,5,0,0,0
edi-debatcher_0658bc2,org.null0.x12.debatcher.Debatcher,readHierarchicalLevels,296,NegateConditionalsMutator,KILLED,30,2385,18,55,I,1,0,10,48,5,0,0,0
edi-debatcher_0658bc2,org.null0.x12.debatcher.Debatcher,readHierarchicalLevels,297,IncrementsMutator,SURVIVED,30,308,18,55,I,1,0,10,48,5,0,0,0
edi-debatcher_0658bc2,org.null0.x12.debatcher.Debatcher,readHierarchicalLevels,300,VoidMethodCallMutator,SURVIVED,30,308,18,55,I,1,0,10,48,5,0,0,0
edi-debatcher_0658bc2,org.null0.x12.debatcher.Debatcher,readHierarchicalLevels,301,VoidMethodCallMutator,SURVIVED,30,308,18,55,I,1,0,10,48,5,0,0,0
edi-debatcher_0658bc2,org.null0.x12.debatcher.Debatcher,readHierarchicalLevels,302,VoidMethodCallMutator,SURVIVED,30,308,18,55,I,1,0,10,48,5,0,0,0
edi-debatcher_0658bc2,org.null0.x12.debatcher.Debatcher,readHierarchicalLevels,306,NegateConditionalsMutator,SURVIVED,30,308,18,55,I,1,0,10,48,5,0,0,0
edi-debatcher_0658bc2,org.null0.x12.debatcher.Debatcher,readHierarchicalLevels,307,VoidMethodCallMutator,SURVIVED,30,145,18,55,I,1,0,10,48,5,0,0,0
edi-debatcher_0658bc2,org.null0.x12.debatcher.Debatcher,readHierarchicalLevels,308,VoidMethodCallMutator,SURVIVED,30,145,18,55,I,1,0,10,48,5,0,0,0
edi-debatcher_0658bc2,org.null0.x12.debatcher.Debatcher,readHierarchicalLevels,309,NegateConditionalsMutator,SURVIVED,30,163,18,55,I,1,0,10,48,5,0,0,0
edi-debatcher_0658bc2,org.null0.x12.debatcher.Debatcher,readHierarchicalLevels,310,VoidMethodCallMutator,SURVIVED,30,157,18,55,I,1,0,10,48,5,0,0,0
edi-debatcher_0658bc2,org.null0.x12.debatcher.Debatcher,readHierarchicalLevels,311,VoidMethodCallMutator,SURVIVED,30,157,18,55,I,1,0,10,48,5,0,0,0
edi-debatcher_0658bc2,org.null0.x12.debatcher.Debatcher,readHierarchicalLevels,316,NegateConditionalsMutator,SURVIVED,30,308,18,55,I,1,0,10,48,5,0,0,0
edi-debatcher_0658bc2,org.null0.x12.debatcher.Debatcher,readHierarchicalLevels,320,NegateConditionalsMutator,KILLED,30,414,18,55,I,1,0,10,48,5,0,0,0
edi-debatcher_0658bc2,org.null0.x12.debatcher.Debatcher,readHierarchicalLevels,321,ConditionalsBoundaryMutator,SURVIVED,30,268,18,55,I,1,0,10,48,5,0,0,0
edi-debatcher_0658bc2,org.null0.x12.debatcher.Debatcher,readHierarchicalLevels,321,NegateConditionalsMutator,SURVIVED,30,268,18,55,I,1,0,10,48,5,0,0,0
edi-debatcher_0658bc2,org.null0.x12.debatcher.Debatcher,readHierarchicalLevels,330,VoidMethodCallMutator,KILLED,30,308,18,55,I,1,0,10,48,5,0,0,0
edi-debatcher_0658bc2,org.null0.x12.debatcher.Debatcher,readHierarchicalLevels,336,MathMutator,KILLED,30,2385,18,55,I,1,0,10,48,5,0,0,0
edi-debatcher_0658bc2,org.null0.x12.debatcher.Debatcher,readHierarchicalLevels,338,NegateConditionalsMutator,SURVIVED,30,2385,18,55,I,1,0,10,48,5,0,0,0
edi-debatcher_0658bc2,org.null0.x12.debatcher.Debatcher,readHierarchicalLevels,340,VoidMethodCallMutator,KILLED,30,179,18,55,I,1,0,10,48,5,0,0,0
edi-debatcher_0658bc2,org.null0.x12.debatcher.Debatcher,readHierarchicalLevels,341,PrimitiveReturnsMutator,SURVIVED,30,179,18,55,I,1,0,10,48,5,0,0,0
edi-debatcher_0658bc2,org.null0.x12.debatcher.Debatcher,readInterchangeControls,349,NegateConditionalsMutator,KILLED,49,134,54,55,V,1,0,6,44,3,0,0,0
edi-debatcher_0658bc2,org.null0.x12.debatcher.Debatcher,readInterchangeControls,353,NegateConditionalsMutator,KILLED,49,112,54,55,V,1,0,6,44,3,0,0,0
edi-debatcher_0658bc2,org.null0.x12.debatcher.Debatcher,readInterchangeControls,361,MathMutator,SURVIVED,48,108,52,55,V,1,0,6,44,3,0,0,0
edi-debatcher_0658bc2,org.null0.x12.debatcher.Debatcher,readInterchangeControls,365,NegateConditionalsMutator,SURVIVED,48,108,52,55,V,1,0,6,44,3,0,0,0
edi-debatcher_0658bc2,org.null0.x12.debatcher.Debatcher,readInterchangeControls,383,VoidMethodCallMutator,KILLED,37,96,30,55,V,1,0,6,44,3,0,0,0
edi-debatcher_0658bc2,org.null0.x12.debatcher.Debatcher,readInterchangeControls,385,VoidMethodCallMutator,SURVIVED,25,84,6,55,V,1,0,6,44,3,0,0,0
edi-debatcher_0658bc2,org.null0.x12.debatcher.Debatcher,readInterchangeControls,387,NegateConditionalsMutator,KILLED,25,84,6,55,V,1,0,6,44,3,0,0,0
edi-debatcher_0658bc2,org.null0.x12.debatcher.Debatcher,readInterchangeControls,394,NegateConditionalsMutator,KILLED,23,82,2,55,V,1,0,6,44,3,0,0,0
edi-debatcher_0658bc2,org.null0.x12.debatcher.Debatcher,readTransactionSets,405,NegateConditionalsMutator,KILLED,34,114,24,55,V,1,0,11,47,4,0,0,0
edi-debatcher_0658bc2,org.null0.x12.debatcher.Debatcher,readTransactionSets,409,MathMutator,KILLED,34,114,24,55,V,1,0,11,47,4,0,0,0
edi-debatcher_0658bc2,org.null0.x12.debatcher.Debatcher,readTransactionSets,413,VoidMethodCallMutator,SURVIVED,34,114,24,55,V,1,0,11,47,4,0,0,0
edi-debatcher_0658bc2,org.null0.x12.debatcher.Debatcher,readTransactionSets,414,VoidMethodCallMutator,SURVIVED,34,114,24,55,V,1,0,11,47,4,0,0,0
edi-debatcher_0658bc2,org.null0.x12.debatcher.Debatcher,readTransactionSets,425,NegateConditionalsMutator,KILLED,33,113,22,55,V,1,0,11,47,4,0,0,0
edi-debatcher_0658bc2,org.null0.x12.debatcher.Debatcher,readTransactionSets,425,NegateConditionalsMutator,KILLED,33,113,22,55,V,1,0,11,47,4,0,0,0
edi-debatcher_0658bc2,org.null0.x12.debatcher.Debatcher,readTransactionSets,427,VoidMethodCallMutator,KILLED,30,108,18,55,V,1,0,11,47,4,0,0,0
edi-debatcher_0658bc2,org.null0.x12.debatcher.Debatcher,readTransactionSets,429,VoidMethodCallMutator,KILLED,30,108,18,55,V,1,0,11,47,4,0,0,0
edi-debatcher_0658bc2,org.null0.x12.debatcher.Debatcher,readTransactionSets,434,VoidMethodCallMutator,SURVIVED,30,108,18,55,V,1,0,11,47,4,0,0,0
edi-debatcher_0658bc2,org.null0.x12.debatcher.Debatcher,readTransactionSets,448,NegateConditionalsMutator,KILLED,31,111,18,55,V,1,0,11,47,4,0,0,0
edi-debatcher_0658bc2,org.null0.x12.debatcher.Debatcher,readTransactionSets,448,NegateConditionalsMutator,KILLED,31,111,18,55,V,1,0,11,47,4,0,0,0
edi-debatcher_0658bc2,org.null0.x12.debatcher.Debatcher,readTransactionSets,456,NegateConditionalsMutator,KILLED,29,109,14,55,V,1,0,11,47,4,0,0,0
edi-debatcher_0658bc2,org.null0.x12.debatcher.Debatcher,readTransactionSets,463,NegateConditionalsMutator,KILLED,28,108,12,55,V,1,0,11,47,4,0,0,0
edi-debatcher_0658bc2,org.null0.x12.debatcher.Debatcher,readTransactionSets,463,NegateConditionalsMutator,KILLED,28,108,12,55,V,1,0,11,47,4,0,0,0
edi-debatcher_0658bc2,org.null0.x12.debatcher.Debatcher,writeClaim,480,VoidMethodCallMutator,SURVIVED,30,288,16,55,V,1,0,2,36,3,0,0,0
edi-debatcher_0658bc2,org.null0.x12.debatcher.Debatcher,writeClaim,481,VoidMethodCallMutator,SURVIVED,30,288,16,55,V,1,0,2,36,3,0,0,0
edi-debatcher_0658bc2,org.null0.x12.debatcher.Debatcher,writeClaim,482,VoidMethodCallMutator,SURVIVED,30,288,16,55,V,1,0,2,36,3,0,0,0
edi-debatcher_0658bc2,org.null0.x12.debatcher.Debatcher,writeClaim,483,VoidMethodCallMutator,SURVIVED,30,288,16,55,V,1,0,2,36,3,0,0,0
edi-debatcher_0658bc2,org.null0.x12.debatcher.Debatcher,writeClaim,486,VoidMethodCallMutator,SURVIVED,30,288,16,55,V,1,0,2,36,3,0,0,0
edi-debatcher_0658bc2,org.null0.x12.debatcher.Debatcher,writeClaim,490,NegateConditionalsMutator,KILLED,30,841,16,55,V,1,0,2,36,3,0,0,0
edi-debatcher_0658bc2,org.null0.x12.debatcher.Debatcher,writeClaim,492,MathMutator,SURVIVED,29,553,16,55,V,1,0,2,36,3,0,0,0
edi-debatcher_0658bc2,org.null0.x12.debatcher.Debatcher,writeClaim,493,VoidMethodCallMutator,SURVIVED,29,553,16,55,V,1,0,2,36,3,0,0,0
edi-debatcher_0658bc2,org.null0.x12.debatcher.Debatcher,writeClaim,494,VoidMethodCallMutator,SURVIVED,29,553,16,55,V,1,0,2,36,3,0,0,0
edi-debatcher_0658bc2,org.null0.x12.debatcher.Debatcher,writeClaim,497,VoidMethodCallMutator,SURVIVED,30,288,16,55,V,1,0,2,36,3,0,0,0
edi-debatcher_0658bc2,org.null0.x12.debatcher.Debatcher,writeClaim,498,VoidMethodCallMutator,SURVIVED,30,288,16,55,V,1,0,2,36,3,0,0,0
edi-debatcher_0658bc2,org.null0.x12.debatcher.Debatcher,writeClaim,503,MathMutator,SURVIVED,30,288,16,55,V,1,0,2,36,3,0,0,0
edi-debatcher_0658bc2,org.null0.x12.debatcher.Debatcher,writeClaim,503,MathMutator,SURVIVED,30,288,16,55,V,1,0,2,36,3,0,0,0
edi-debatcher_0658bc2,org.null0.x12.debatcher.Debatcher,writeClaim,503,MathMutator,SURVIVED,30,288,16,55,V,1,0,2,36,3,0,0,0
edi-debatcher_0658bc2,org.null0.x12.debatcher.Debatcher,writeClaim,503,VoidMethodCallMutator,SURVIVED,30,288,16,55,V,1,0,2,36,3,0,0,0
edi-debatcher_0658bc2,org.null0.x12.debatcher.Debatcher,writeClaim,504,VoidMethodCallMutator,SURVIVED,30,288,16,55,V,1,0,2,36,3,0,0,0
edi-debatcher_0658bc2,org.null0.x12.debatcher.Debatcher,writeClaim,505,VoidMethodCallMutator,SURVIVED,30,288,16,55,V,1,0,2,36,3,0,0,0
edi-debatcher_0658bc2,org.null0.x12.debatcher.Debatcher,writeClaim,506,VoidMethodCallMutator,SURVIVED,30,288,16,55,V,1,0,2,36,3,0,0,0
edi-debatcher_0658bc2,org.null0.x12.debatcher.Debatcher,writeClaim,513,VoidMethodCallMutator,SURVIVED,30,288,16,55,V,1,0,2,36,3,0,0,0
edi-debatcher_0658bc2,org.null0.x12.debatcher.Debatcher,debatch,82,NegateConditionalsMutator,KILLED,50,50,55,55,Ljava/util/Map,1,0,3,21,2,0,0,0
edi-debatcher_0658bc2,org.null0.x12.debatcher.Debatcher,debatch,89,ConditionalsBoundaryMutator,SURVIVED,49,49,54,55,Ljava/util/Map,1,0,3,21,2,0,0,0
edi-debatcher_0658bc2,org.null0.x12.debatcher.Debatcher,debatch,89,NegateConditionalsMutator,SURVIVED,49,49,54,55,Ljava/util/Map,1,0,3,21,2,0,0,0
edi-debatcher_0658bc2,org.null0.x12.debatcher.Debatcher,debatch,99,VoidMethodCallMutator,KILLED,49,49,54,55,Ljava/util/Map,1,0,3,21,2,0,0,0
edi-debatcher_0658bc2,org.null0.x12.debatcher.DebatcherException,getErrorCode,19,EmptyObjectReturnValsMutator,KILLED,27,27,54,54,Ljava/lang/String,1,0,1,3,1,0,0,0
edi-debatcher_0658bc2,org.null0.x12.debatcher.DefaultConfig,getPropertiesFromResource,103,VoidMethodCallMutator,KILLED,1,51,3,6,Ljava/util/Properties,2,0,1,8,2,0,0,0
edi-debatcher_0658bc2,org.null0.x12.debatcher.DefaultConfig,getPropertiesFromResource,105,NullReturnValsMutator,KILLED,1,51,3,6,Ljava/util/Properties,2,0,1,8,2,0,0,0
edi-debatcher_0658bc2,org.null0.x12.debatcher.DefaultConfig,initFromEnvVar,110,NegateConditionalsMutator,KILLED,2,52,6,6,Z,2,0,3,10,3,0,0,0
edi-debatcher_0658bc2,org.null0.x12.debatcher.DefaultConfig,initFromEnvVar,111,NegateConditionalsMutator,SURVIVED,1,1,3,6,Z,2,0,3,10,3,0,0,0
edi-debatcher_0658bc2,org.null0.x12.debatcher.DefaultConfig,initFromEnvVar,113,BooleanFalseReturnValsMutator,SURVIVED,1,1,3,6,Z,2,0,3,10,3,0,0,0
edi-debatcher_0658bc2,org.null0.x12.debatcher.DefaultConfig,initFromEnvVar,116,BooleanTrueReturnValsMutator,KILLED,1,51,3,6,Z,2,0,3,10,3,0,0,0
edi-debatcher_0658bc2,org.null0.x12.debatcher.DefaultConfig,initFromFile,130,BooleanFalseReturnValsMutator,SURVIVED,1,1,3,6,Z,2,0,2,13,2,0,0,0
edi-debatcher_0658bc2,org.null0.x12.debatcher.DefaultConfig,initFromLocal,140,BooleanFalseReturnValsMutator,SURVIVED,1,51,3,6,Z,2,0,1,9,2,0,0,0
edi-debatcher_0658bc2,org.null0.x12.debatcher.DefaultConfig,setList,145,NegateConditionalsMutator,SURVIVED,2,104,6,6,[Ljava/lang/String,2,0,2,4,1,0,0,0
edi-debatcher_0658bc2,org.null0.x12.debatcher.DefaultConfig,setList,145,NullReturnValsMutator,KILLED,2,104,6,6,[Ljava/lang/String,2,0,2,4,1,0,0,0
edi-debatcher_0658bc2,org.null0.x12.debatcher.DefaultConfig,toAbsolute,167,EmptyObjectReturnValsMutator,SURVIVED,1,1,3,6,Ljava/lang/String,2,0,1,12,2,0,0,0
edi-debatcher_0658bc2,org.null0.x12.debatcher.DefaultConfig,toPath,171,NegateConditionalsMutator,KILLED,2,52,6,6,Ljava/nio/file/Path,2,0,5,11,2,0,0,0
edi-debatcher_0658bc2,org.null0.x12.debatcher.DefaultConfig,toPath,171,NegateConditionalsMutator,KILLED,2,52,6,6,Ljava/nio/file/Path,2,0,5,11,2,0,0,0
edi-debatcher_0658bc2,org.null0.x12.debatcher.DefaultConfig,toPath,176,NegateConditionalsMutator,KILLED,2,52,6,6,Ljava/nio/file/Path,2,0,5,11,2,0,0,0
edi-debatcher_0658bc2,org.null0.x12.debatcher.DefaultConfig,toPath,176,NegateConditionalsMutator,KILLED,2,52,6,6,Ljava/nio/file/Path,2,0,5,11,2,0,0,0
edi-debatcher_0658bc2,org.null0.x12.debatcher.DefaultConfig,toPath,179,NullReturnValsMutator,KILLED,2,52,6,6,Ljava/nio/file/Path,2,0,5,11,2,0,0,0
edi-debatcher_0658bc2,org.null0.x12.debatcher.DefaultConfig,DefaultConfig,46,NegateConditionalsMutator,KILLED,2,52,6,6,V,2,0,3,11,2,0,0,0
edi-debatcher_0658bc2,org.null0.x12.debatcher.DefaultConfig,DefaultConfig,47,NegateConditionalsMutator,KILLED,2,52,6,6,V,2,0,3,11,2,0,0,0
edi-debatcher_0658bc2,org.null0.x12.debatcher.DefaultConfig,DefaultConfig,52,VoidMethodCallMutator,KILLED,2,52,6,6,V,2,0,3,11,2,0,0,0
edi-debatcher_0658bc2,org.null0.x12.debatcher.DefaultConfig,getBufferSize,60,PrimitiveReturnsMutator,KILLED,21,96,6,7,I,2,0,1,3,1,0,0,0
edi-debatcher_0658bc2,org.null0.x12.debatcher.DefaultConfig,getOutputDirectory,65,NullReturnValsMutator,KILLED,21,309,6,7,Ljava/nio/file/Path,2,0,1,3,1,0,0,0
edi-debatcher_0658bc2,org.null0.x12.debatcher.DefaultConfig,getPropertiesFromFile,95,VoidMethodCallMutator,KILLED,1,1,3,6,Ljava/util/Properties,2,0,1,5,1,0,0,0
edi-debatcher_0658bc2,org.null0.x12.debatcher.DefaultConfig,getPropertiesFromFile,96,NullReturnValsMutator,KILLED,1,1,3,6,Ljava/util/Properties,2,0,1,5,1,0,0,0
edi-debatcher_0658bc2,org.null0.x12.debatcher.DefaultValidator,validate,101,NegateConditionalsMutator,KILLED,38,97,32,55,Z,2,0,62,136,5,0,0,0
edi-debatcher_0658bc2,org.null0.x12.debatcher.DefaultValidator,validate,102,VoidMethodCallMutator,KILLED,14,15,2,55,Z,2,0,62,136,5,0,0,0
edi-debatcher_0658bc2,org.null0.x12.debatcher.DefaultValidator,validate,106,NegateConditionalsMutator,KILLED,25,84,6,55,Z,2,0,62,136,5,0,0,0
edi-debatcher_0658bc2,org.null0.x12.debatcher.DefaultValidator,validate,107,VoidMethodCallMutator,KILLED,1,1,2,54,Z,2,0,62,136,5,0,0,0
edi-debatcher_0658bc2,org.null0.x12.debatcher.DefaultValidator,validate,108,NegateConditionalsMutator,KILLED,24,83,4,55,Z,2,0,62,136,5,0,0,0
edi-debatcher_0658bc2,org.null0.x12.debatcher.DefaultValidator,validate,109,VoidMethodCallMutator,KILLED,1,1,2,54,Z,2,0,62,136,5,0,0,0
edi-debatcher_0658bc2,org.null0.x12.debatcher.DefaultValidator,validate,115,NegateConditionalsMutator,KILLED,49,109,54,55,Z,2,0,62,136,5,0,0,0
edi-debatcher_0658bc2,org.null0.x12.debatcher.DefaultValidator,validate,116,VoidMethodCallMutator,KILLED,1,1,2,54,Z,2,0,62,136,5,0,0,0
edi-debatcher_0658bc2,org.null0.x12.debatcher.DefaultValidator,validate,120,NegateConditionalsMutator,KILLED,1,1,2,54,Z,2,0,62,136,5,0,0,0
edi-debatcher_0658bc2,org.null0.x12.debatcher.DefaultValidator,validate,121,VoidMethodCallMutator,KILLED,1,1,2,54,Z,2,0,62,136,5,0,0,0
edi-debatcher_0658bc2,org.null0.x12.debatcher.DefaultValidator,validate,126,NegateConditionalsMutator,KILLED,36,98,28,55,Z,2,0,62,136,5,0,0,0
edi-debatcher_0658bc2,org.null0.x12.debatcher.DefaultValidator,validate,127,VoidMethodCallMutator,KILLED,2,3,2,55,Z,2,0,62,136,5,0,0,0
edi-debatcher_0658bc2,org.null0.x12.debatcher.DefaultValidator,validate,131,NegateConditionalsMutator,KILLED,1,1,2,54,Z,2,0,62,136,5,0,0,0
edi-debatcher_0658bc2,org.null0.x12.debatcher.DefaultValidator,validate,132,VoidMethodCallMutator,KILLED,1,1,2,54,Z,2,0,62,136,5,0,0,0
edi-debatcher_0658bc2,org.null0.x12.debatcher.DefaultValidator,validate,137,NegateConditionalsMutator,KILLED,35,97,26,55,Z,2,0,62,136,5,0,0,0
edi-debatcher_0658bc2,org.null0.x12.debatcher.DefaultValidator,validate,137,NegateConditionalsMutator,KILLED,35,97,26,55,Z,2,0,62,136,5,0,0,0
edi-debatcher_0658bc2,org.null0.x12.debatcher.DefaultValidator,validate,138,VoidMethodCallMutator,KILLED,22,84,2,55,Z,2,0,62,136,5,0,0,0
edi-debatcher_0658bc2,org.null0.x12.debatcher.DefaultValidator,validate,142,NegateConditionalsMutator,KILLED,1,1,2,54,Z,2,0,62,136,5,0,0,0
edi-debatcher_0658bc2,org.null0.x12.debatcher.DefaultValidator,validate,143,VoidMethodCallMutator,KILLED,1,1,2,54,Z,2,0,62,136,5,0,0,0
edi-debatcher_0658bc2,org.null0.x12.debatcher.DefaultValidator,validate,147,NegateConditionalsMutator,KILLED,26,88,8,55,Z,2,0,62,136,5,0,0,0
edi-debatcher_0658bc2,org.null0.x12.debatcher.DefaultValidator,validate,148,VoidMethodCallMutator,KILLED,1,1,2,54,Z,2,0,62,136,5,0,0,0
edi-debatcher_0658bc2,org.null0.x12.debatcher.DefaultValidator,validate,152,NegateConditionalsMutator,KILLED,34,114,24,55,Z,2,0,62,136,5,0,0,0
edi-debatcher_0658bc2,org.null0.x12.debatcher.DefaultValidator,validate,152,NegateConditionalsMutator,KILLED,34,114,24,55,Z,2,0,62,136,5,0,0,0
edi-debatcher_0658bc2,org.null0.x12.debatcher.DefaultValidator,validate,153,VoidMethodCallMutator,KILLED,2,4,2,55,Z,2,0,62,136,5,0,0,0
edi-debatcher_0658bc2,org.null0.x12.debatcher.DefaultValidator,validate,157,NegateConditionalsMutator,KILLED,1,1,2,54,Z,2,0,62,136,5,0,0,0
edi-debatcher_0658bc2,org.null0.x12.debatcher.DefaultValidator,validate,158,VoidMethodCallMutator,KILLED,1,1,2,54,Z,2,0,62,136,5,0,0,0
edi-debatcher_0658bc2,org.null0.x12.debatcher.DefaultValidator,validate,164,NegateConditionalsMutator,KILLED,32,110,22,55,Z,2,0,62,136,5,0,0,0
edi-debatcher_0658bc2,org.null0.x12.debatcher.DefaultValidator,validate,164,NegateConditionalsMutator,KILLED,32,110,22,55,Z,2,0,62,136,5,0,0,0
edi-debatcher_0658bc2,org.null0.x12.debatcher.DefaultValidator,validate,165,NegateConditionalsMutator,KILLED,32,110,22,55,Z,2,0,62,136,5,0,0,0
edi-debatcher_0658bc2,org.null0.x12.debatcher.DefaultValidator,validate,165,NegateConditionalsMutator,KILLED,32,110,22,55,Z,2,0,62,136,5,0,0,0
edi-debatcher_0658bc2,org.null0.x12.debatcher.DefaultValidator,validate,166,NegateConditionalsMutator,KILLED,32,110,22,55,Z,2,0,62,136,5,0,0,0
edi-debatcher_0658bc2,org.null0.x12.debatcher.DefaultValidator,validate,166,NegateConditionalsMutator,SURVIVED,32,110,22,55,Z,2,0,62,136,5,0,0,0
edi-debatcher_0658bc2,org.null0.x12.debatcher.DefaultValidator,validate,167,VoidMethodCallMutator,KILLED,2,2,4,54,Z,2,0,62,136,5,0,0,0
edi-debatcher_0658bc2,org.null0.x12.debatcher.DefaultValidator,validate,171,NegateConditionalsMutator,KILLED,31,111,18,55,Z,2,0,62,136,5,0,0,0
edi-debatcher_0658bc2,org.null0.x12.debatcher.DefaultValidator,validate,172,VoidMethodCallMutator,KILLED,1,1,2,54,Z,2,0,62,136,5,0,0,0
edi-debatcher_0658bc2,org.null0.x12.debatcher.DefaultValidator,validate,176,NegateConditionalsMutator,KILLED,30,110,16,55,Z,2,0,62,136,5,0,0,0
edi-debatcher_0658bc2,org.null0.x12.debatcher.DefaultValidator,validate,177,VoidMethodCallMutator,KILLED,1,1,2,54,Z,2,0,62,136,5,0,0,0
edi-debatcher_0658bc2,org.null0.x12.debatcher.DefaultValidator,validate,184,BooleanFalseReturnValsMutator,SURVIVED,48,1920,52,55,Z,2,0,62,136,5,0,0,0
edi-debatcher_0658bc2,org.null0.x12.debatcher.DefaultValidator,equals,188,BooleanTrueReturnValsMutator,KILLED,46,666,48,55,Z,2,0,3,3,1,0,0,0
edi-debatcher_0658bc2,org.null0.x12.debatcher.DefaultValidator,equals,188,NegateConditionalsMutator,KILLED,46,666,48,55,Z,2,0,3,3,1,0,0,0
edi-debatcher_0658bc2,org.null0.x12.debatcher.DefaultValidator,equals,188,NegateConditionalsMutator,KILLED,46,666,48,55,Z,2,0,3,3,1,0,0,0
edi-debatcher_0658bc2,org.null0.x12.debatcher.DefaultValidator,equals,188,NegateConditionalsMutator,KILLED,46,666,48,55,Z,2,0,3,3,1,0,0,0
edi-debatcher_0658bc2,org.null0.x12.debatcher.DefaultValidator,isNumeric,192,BooleanTrueReturnValsMutator,KILLED,42,102,40,55,Z,2,0,2,3,1,0,0,0
edi-debatcher_0658bc2,org.null0.x12.debatcher.DefaultValidator,isNumeric,192,NegateConditionalsMutator,KILLED,42,102,40,55,Z,2,0,2,3,1,0,0,0
edi-debatcher_0658bc2,org.null0.x12.debatcher.DefaultValidator,isNumeric,192,NegateConditionalsMutator,KILLED,42,102,40,55,Z,2,0,2,3,1,0,0,0
edi-debatcher_0658bc2,org.null0.x12.debatcher.DefaultValidator,logError,201,NegateConditionalsMutator,SURVIVED,48,185,54,55,V,2,0,4,9,2,0,0,0
edi-debatcher_0658bc2,org.null0.x12.debatcher.DefaultValidator,logError,204,NegateConditionalsMutator,SURVIVED,2,185,4,54,V,2,0,4,9,2,0,0,0
edi-debatcher_0658bc2,org.null0.x12.debatcher.DefaultValidator,logError,207,NegateConditionalsMutator,KILLED,48,185,54,55,V,2,0,4,9,2,0,0,0
edi-debatcher_0658bc2,org.null0.x12.debatcher.DefaultValidator,validate,49,ConditionalsBoundaryMutator,SURVIVED,48,108,52,55,Z,2,0,62,136,5,0,0,0
edi-debatcher_0658bc2,org.null0.x12.debatcher.DefaultValidator,validate,49,NegateConditionalsMutator,KILLED,48,108,52,55,Z,2,0,62,136,5,0,0,0
edi-debatcher_0658bc2,org.null0.x12.debatcher.DefaultValidator,validate,49,NegateConditionalsMutator,KILLED,48,108,52,55,Z,2,0,62,136,5,0,0,0
edi-debatcher_0658bc2,org.null0.x12.debatcher.DefaultValidator,validate,50,VoidMethodCallMutator,KILLED,2,2,4,54,Z,2,0,62,136,5,0,0,0
edi-debatcher_0658bc2,org.null0.x12.debatcher.DefaultValidator,validate,55,NegateConditionalsMutator,KILLED,46,106,48,55,Z,2,0,62,136,5,0,0,0
edi-debatcher_0658bc2,org.null0.x12.debatcher.DefaultValidator,validate,56,VoidMethodCallMutator,KILLED,1,1,2,54,Z,2,0,62,136,5,0,0,0
edi-debatcher_0658bc2,org.null0.x12.debatcher.DefaultValidator,validate,61,ConditionalsBoundaryMutator,SURVIVED,45,105,46,55,Z,2,0,62,136,5,0,0,0
edi-debatcher_0658bc2,org.null0.x12.debatcher.DefaultValidator,validate,61,NegateConditionalsMutator,KILLED,45,105,46,55,Z,2,0,62,136,5,0,0,0
edi-debatcher_0658bc2,org.null0.x12.debatcher.DefaultValidator,validate,61,NegateConditionalsMutator,KILLED,45,105,46,55,Z,2,0,62,136,5,0,0,0
edi-debatcher_0658bc2,org.null0.x12.debatcher.DefaultValidator,validate,62,VoidMethodCallMutator,KILLED,1,1,2,54,Z,2,0,62,136,5,0,0,0
edi-debatcher_0658bc2,org.null0.x12.debatcher.DefaultValidator,validate,66,NegateConditionalsMutator,KILLED,44,104,44,55,Z,2,0,62,136,5,0,0,0
edi-debatcher_0658bc2,org.null0.x12.debatcher.DefaultValidator,validate,67,VoidMethodCallMutator,KILLED,2,3,2,55,Z,2,0,62,136,5,0,0,0
edi-debatcher_0658bc2,org.null0.x12.debatcher.DefaultValidator,validate,71,NegateConditionalsMutator,KILLED,43,103,42,55,Z,2,0,62,136,5,0,0,0
edi-debatcher_0658bc2,org.null0.x12.debatcher.DefaultValidator,validate,72,VoidMethodCallMutator,KILLED,2,3,2,55,Z,2,0,62,136,5,0,0,0
edi-debatcher_0658bc2,org.null0.x12.debatcher.DefaultValidator,validate,76,NegateConditionalsMutator,KILLED,42,102,40,55,Z,2,0,62,136,5,0,0,0
edi-debatcher_0658bc2,org.null0.x12.debatcher.DefaultValidator,validate,76,NegateConditionalsMutator,KILLED,42,102,40,55,Z,2,0,62,136,5,0,0,0
edi-debatcher_0658bc2,org.null0.x12.debatcher.DefaultValidator,validate,76,NegateConditionalsMutator,KILLED,42,102,40,55,Z,2,0,62,136,5,0,0,0
edi-debatcher_0658bc2,org.null0.x12.debatcher.DefaultValidator,validate,77,VoidMethodCallMutator,KILLED,1,1,2,54,Z,2,0,62,136,5,0,0,0
edi-debatcher_0658bc2,org.null0.x12.debatcher.DefaultValidator,validate,79,NegateConditionalsMutator,KILLED,41,101,38,55,Z,2,0,62,136,5,0,0,0
edi-debatcher_0658bc2,org.null0.x12.debatcher.DefaultValidator,validate,80,VoidMethodCallMutator,KILLED,5,53,2,55,Z,2,0,62,136,5,0,0,0
edi-debatcher_0658bc2,org.null0.x12.debatcher.DefaultValidator,validate,86,NegateConditionalsMutator,KILLED,41,100,38,55,Z,2,0,62,136,5,0,0,0
edi-debatcher_0658bc2,org.null0.x12.debatcher.DefaultValidator,validate,86,NegateConditionalsMutator,KILLED,41,100,38,55,Z,2,0,62,136,5,0,0,0
edi-debatcher_0658bc2,org.null0.x12.debatcher.DefaultValidator,validate,87,VoidMethodCallMutator,KILLED,1,1,2,54,Z,2,0,62,136,5,0,0,0
edi-debatcher_0658bc2,org.null0.x12.debatcher.DefaultValidator,validate,91,NegateConditionalsMutator,KILLED,40,99,36,55,Z,2,0,62,136,5,0,0,0
edi-debatcher_0658bc2,org.null0.x12.debatcher.DefaultValidator,validate,92,VoidMethodCallMutator,KILLED,1,1,2,54,Z,2,0,62,136,5,0,0,0
edi-debatcher_0658bc2,org.null0.x12.debatcher.DefaultValidator,validate,96,NegateConditionalsMutator,KILLED,39,98,34,55,Z,2,0,62,136,5,0,0,0
edi-debatcher_0658bc2,org.null0.x12.debatcher.DefaultValidator,validate,97,VoidMethodCallMutator,KILLED,1,1,2,54,Z,2,0,62,136,5,0,0,0
edi-debatcher_0658bc2,org.null0.x12.debatcher.Delimiters,Delimiters,12,NegateConditionalsMutator,KILLED,49,49,54,55,V,1,0,2,9,2,0,0,0
edi-debatcher_0658bc2,org.null0.x12.debatcher.Delimiters,Delimiters,16,VoidMethodCallMutator,KILLED,49,49,54,55,V,1,0,2,9,2,0,0,0
edi-debatcher_0658bc2,org.null0.x12.debatcher.Delimiters,Delimiters,17,VoidMethodCallMutator,KILLED,49,49,54,55,V,1,0,2,9,2,0,0,0
edi-debatcher_0658bc2,org.null0.x12.debatcher.Delimiters,Delimiters,18,VoidMethodCallMutator,KILLED,49,49,54,55,V,1,0,2,9,2,0,0,0
edi-debatcher_0658bc2,org.null0.x12.debatcher.Delimiters,getEOL,22,EmptyObjectReturnValsMutator,SURVIVED,31,574,18,55,Ljava/lang/String,1,0,1,3,1,0,0,0
edi-debatcher_0658bc2,org.null0.x12.debatcher.Delimiters,getField,26,PrimitiveReturnsMutator,KILLED,49,16151,54,55,C,1,0,1,3,1,0,0,0
edi-debatcher_0658bc2,org.null0.x12.debatcher.Delimiters,getSegmentTerminator,30,PrimitiveReturnsMutator,KILLED,49,14898,54,55,C,1,0,1,3,1,0,0,0
edi-debatcher_0658bc2,org.null0.x12.debatcher.Delimiters,setLineWrap,43,NegateConditionalsMutator,SURVIVED,49,49,54,55,V,1,0,5,14,4,0,0,0
edi-debatcher_0658bc2,org.null0.x12.debatcher.Delimiters,setLineWrap,43,NegateConditionalsMutator,SURVIVED,49,49,54,55,V,1,0,5,14,4,0,0,0
edi-debatcher_0658bc2,org.null0.x12.debatcher.Delimiters,setLineWrap,45,NegateConditionalsMutator,SURVIVED,29,29,40,55,V,1,0,5,14,4,0,0,0
edi-debatcher_0658bc2,org.null0.x12.debatcher.Delimiters,setLineWrap,47,NegateConditionalsMutator,SURVIVED,29,29,40,55,V,1,0,5,14,4,0,0,0
edi-debatcher_0658bc2,org.null0.x12.debatcher.HierarchicalLevel,getChildcode,11,PrimitiveReturnsMutator,SURVIVED,30,308,18,55,I,1,0,1,3,1,0,0,0
edi-debatcher_0658bc2,org.null0.x12.debatcher.HierarchicalLevel,getHlDataBuffer,15,NullReturnValsMutator,KILLED,30,2938,18,55,Ljava/lang/StringBuilder,1,0,1,3,1,0,0,0
edi-debatcher_0658bc2,org.null0.x12.debatcher.HierarchicalLevel,getId,19,PrimitiveReturnsMutator,SURVIVED,30,616,18,55,I,1,0,1,3,1,0,0,0
edi-debatcher_0658bc2,org.null0.x12.debatcher.HierarchicalLevel,getLevelCode,23,PrimitiveReturnsMutator,SURVIVED,30,1623,18,55,I,1,0,1,3,1,0,0,0
edi-debatcher_0658bc2,org.null0.x12.debatcher.HierarchicalLevel,getParentId,27,PrimitiveReturnsMutator,SURVIVED,30,471,18,55,I,1,0,1,3,1,0,0,0
edi-debatcher_0658bc2,org.null0.x12.debatcher.SegmentReader,setCurrent,101,NegateConditionalsMutator,KILLED,49,13539,54,55,V,1,0,3,7,2,0,0,0
edi-debatcher_0658bc2,org.null0.x12.debatcher.SegmentReader,setCurrent,102,NegateConditionalsMutator,SURVIVED,49,13496,54,55,V,1,0,3,7,2,0,0,0
edi-debatcher_0658bc2,org.null0.x12.debatcher.SegmentReader,getDataChunk,108,NegateConditionalsMutator,KILLED,49,95,54,55,V,1,0,8,32,3,0,0,0
edi-debatcher_0658bc2,org.null0.x12.debatcher.SegmentReader,getDataChunk,120,NegateConditionalsMutator,KILLED,49,95,54,55,V,1,0,8,32,3,0,0,0
edi-debatcher_0658bc2,org.null0.x12.debatcher.SegmentReader,getDataChunk,121,NegateConditionalsMutator,KILLED,49,95,54,55,V,1,0,8,32,3,0,0,0
edi-debatcher_0658bc2,org.null0.x12.debatcher.SegmentReader,getDataChunk,124,ConditionalsBoundaryMutator,KILLED,49,93,54,55,V,1,0,8,32,3,0,0,0
edi-debatcher_0658bc2,org.null0.x12.debatcher.SegmentReader,getDataChunk,124,NegateConditionalsMutator,KILLED,49,93,54,55,V,1,0,8,32,3,0,0,0
edi-debatcher_0658bc2,org.null0.x12.debatcher.SegmentReader,getDataChunk,130,NegateConditionalsMutator,KILLED,49,95,54,55,V,1,0,8,32,3,0,0,0
edi-debatcher_0658bc2,org.null0.x12.debatcher.SegmentReader,getDataChunk,138,MathMutator,KILLED,49,95,54,55,V,1,0,8,32,3,0,0,0
edi-debatcher_0658bc2,org.null0.x12.debatcher.SegmentReader,getDataChunk,140,NegateConditionalsMutator,KILLED,49,95,54,55,V,1,0,8,32,3,0,0,0
edi-debatcher_0658bc2,org.null0.x12.debatcher.SegmentReader,getDataChunk,144,NegateConditionalsMutator,KILLED,49,95,54,55,V,1,0,8,32,3,0,0,0
edi-debatcher_0658bc2,org.null0.x12.debatcher.SegmentReader,getDataChunk,144,NegateConditionalsMutator,KILLED,49,95,54,55,V,1,0,8,32,3,0,0,0
edi-debatcher_0658bc2,org.null0.x12.debatcher.SegmentReader,getDataChunk,145,MathMutator,KILLED,33,60,54,55,V,1,0,8,32,3,0,0,0
edi-debatcher_0658bc2,org.null0.x12.debatcher.SegmentReader,current,47,EmptyObjectReturnValsMutator,KILLED,33,33047,22,55,Ljava/lang/String,1,0,1,3,1,0,0,0
edi-debatcher_0658bc2,org.null0.x12.debatcher.SegmentReader,field,51,NegateConditionalsMutator,KILLED,49,56033,54,55,Ljava/lang/String,1,0,3,10,2,0,0,0
edi-debatcher_0658bc2,org.null0.x12.debatcher.SegmentReader,field,55,ConditionalsBoundaryMutator,KILLED,49,56033,54,55,Ljava/lang/String,1,0,3,10,2,0,0,0
edi-debatcher_0658bc2,org.null0.x12.debatcher.SegmentReader,field,55,NegateConditionalsMutator,KILLED,49,56033,54,55,Ljava/lang/String,1,0,3,10,2,0,0,0
edi-debatcher_0658bc2,org.null0.x12.debatcher.SegmentReader,field,58,EmptyObjectReturnValsMutator,KILLED,49,56027,54,55,Ljava/lang/String,1,0,3,10,2,0,0,0
edi-debatcher_0658bc2,org.null0.x12.debatcher.SegmentReader,fileReadCompleted,62,BooleanFalseReturnValsMutator,KILLED,49,134,54,55,Z,1,0,1,3,1,0,0,0
edi-debatcher_0658bc2,org.null0.x12.debatcher.SegmentReader,fileReadCompleted,62,BooleanTrueReturnValsMutator,KILLED,49,134,54,55,Z,1,0,1,3,1,0,0,0
edi-debatcher_0658bc2,org.null0.x12.debatcher.SegmentReader,getDelimiters,66,NullReturnValsMutator,KILLED,49,112,54,55,Lorg/null0/x12/debatcher/Delimiters,1,0,1,3,1,0,0,0
edi-debatcher_0658bc2,org.null0.x12.debatcher.SegmentReader,isEOF,70,BooleanFalseReturnValsMutator,SURVIVED,30,2385,18,55,Z,1,0,1,3,1,0,0,0
edi-debatcher_0658bc2,org.null0.x12.debatcher.SegmentReader,isEOF,70,BooleanTrueReturnValsMutator,KILLED,30,2385,18,55,Z,1,0,1,3,1,0,0,0
edi-debatcher_0658bc2,org.null0.x12.debatcher.SegmentReader,isIeaFound,74,BooleanFalseReturnValsMutator,KILLED,31,111,18,55,Z,1,0,1,3,1,0,0,0
edi-debatcher_0658bc2,org.null0.x12.debatcher.SegmentReader,isIeaFound,74,BooleanTrueReturnValsMutator,SURVIVED,31,111,18,55,Z,1,0,1,3,1,0,0,0
edi-debatcher_0658bc2,org.null0.x12.debatcher.SegmentReader,next,78,NegateConditionalsMutator,KILLED,49,13496,54,55,Ljava/lang/String,1,0,5,18,3,0,0,0
edi-debatcher_0658bc2,org.null0.x12.debatcher.SegmentReader,next,79,VoidMethodCallMutator,KILLED,49,95,54,55,Ljava/lang/String,1,0,5,18,3,0,0,0
edi-debatcher_0658bc2,org.null0.x12.debatcher.SegmentReader,next,81,VoidMethodCallMutator,KILLED,49,13496,54,55,Ljava/lang/String,1,0,5,18,3,0,0,0
edi-debatcher_0658bc2,org.null0.x12.debatcher.SegmentReader,next,83,NegateConditionalsMutator,SURVIVED,49,13496,54,55,Ljava/lang/String,1,0,5,18,3,0,0,0
edi-debatcher_0658bc2,org.null0.x12.debatcher.SegmentReader,next,86,MathMutator,KILLED,49,13496,54,55,Ljava/lang/String,1,0,5,18,3,0,0,0
edi-debatcher_0658bc2,org.null0.x12.debatcher.SegmentReader,next,87,NegateConditionalsMutator,KILLED,49,13496,54,55,Ljava/lang/String,1,0,5,18,3,0,0,0
edi-debatcher_0658bc2,org.null0.x12.debatcher.SegmentReader,next,90,NegateConditionalsMutator,KILLED,32,72,20,55,Ljava/lang/String,1,0,5,18,3,0,0,0
edi-debatcher_0658bc2,org.null0.x12.debatcher.SegmentReader,next,94,EmptyObjectReturnValsMutator,KILLED,49,13496,54,55,Ljava/lang/String,1,0,5,18,3,0,0,0
2021sp-420-Team-Indecision_f76d229,team.indecision.Command.AddClassCommand,execute,36,NegateConditionalsMutator,KILLED,48,69,106,128,Ljava/lang/String,2,0,3,17,3,21,3,0.875
2021sp-420-Team-Indecision_f76d229,team.indecision.Command.AddClassCommand,execute,39,NegateConditionalsMutator,KILLED,48,68,106,128,Ljava/lang/String,2,0,3,17,3,21,3,0.875
2021sp-420-Team-Indecision_f76d229,team.indecision.Command.AddClassCommand,execute,52,EmptyObjectReturnValsMutator,KILLED,48,69,106,128,Ljava/lang/String,2,0,3,17,3,21,3,0.875
2021sp-420-Team-Indecision_f76d229,team.indecision.Command.AddFieldCommand,execute,43,NegateConditionalsMutator,KILLED,11,13,25,128,Ljava/lang/String,2,0,3,16,3,21,3,0.875
2021sp-420-Team-Indecision_f76d229,team.indecision.Command.AddFieldCommand,execute,45,NegateConditionalsMutator,KILLED,8,10,19,128,Ljava/lang/String,2,0,3,16,3,21,3,0.875
2021sp-420-Team-Indecision_f76d229,team.indecision.Command.AddFieldCommand,execute,57,EmptyObjectReturnValsMutator,KILLED,11,13,25,128,Ljava/lang/String,2,0,3,16,3,21,3,0.875
2021sp-420-Team-Indecision_f76d229,team.indecision.Command.AddMethodCommand,execute,49,NegateConditionalsMutator,KILLED,15,18,35,128,Ljava/lang/String,2,0,3,16,3,21,3,0.875
2021sp-420-Team-Indecision_f76d229,team.indecision.Command.AddMethodCommand,execute,51,NegateConditionalsMutator,KILLED,8,11,20,123,Ljava/lang/String,2,0,3,16,3,21,3,0.875
2021sp-420-Team-Indecision_f76d229,team.indecision.Command.AddMethodCommand,execute,63,EmptyObjectReturnValsMutator,KILLED,15,18,35,128,Ljava/lang/String,2,0,3,16,3,21,3,0.875
2021sp-420-Team-Indecision_f76d229,team.indecision.Command.AddRelationshipCommand,execute,44,NegateConditionalsMutator,KILLED,15,17,33,128,Ljava/lang/String,2,0,8,24,5,21,3,0.875
2021sp-420-Team-Indecision_f76d229,team.indecision.Command.AddRelationshipCommand,execute,46,NegateConditionalsMutator,KILLED,11,13,25,128,Ljava/lang/String,2,0,8,24,5,21,3,0.875
2021sp-420-Team-Indecision_f76d229,team.indecision.Command.AddRelationshipCommand,execute,47,NegateConditionalsMutator,KILLED,11,12,25,128,Ljava/lang/String,2,0,8,24,5,21,3,0.875
2021sp-420-Team-Indecision_f76d229,team.indecision.Command.AddRelationshipCommand,execute,48,NegateConditionalsMutator,KILLED,10,11,23,128,Ljava/lang/String,2,0,8,24,5,21,3,0.875
2021sp-420-Team-Indecision_f76d229,team.indecision.Command.AddRelationshipCommand,execute,48,NegateConditionalsMutator,KILLED,10,11,23,128,Ljava/lang/String,2,0,8,24,5,21,3,0.875
2021sp-420-Team-Indecision_f76d229,team.indecision.Command.AddRelationshipCommand,execute,48,NegateConditionalsMutator,KILLED,10,11,23,128,Ljava/lang/String,2,0,8,24,5,21,3,0.875
2021sp-420-Team-Indecision_f76d229,team.indecision.Command.AddRelationshipCommand,execute,48,NegateConditionalsMutator,KILLED,10,11,23,128,Ljava/lang/String,2,0,8,24,5,21,3,0.875
2021sp-420-Team-Indecision_f76d229,team.indecision.Command.AddRelationshipCommand,execute,68,EmptyObjectReturnValsMutator,KILLED,15,17,33,128,Ljava/lang/String,2,0,8,24,5,21,3,0.875
2021sp-420-Team-Indecision_f76d229,team.indecision.Command.DeleteClassCommand,execute,37,NegateConditionalsMutator,KILLED,3,3,7,123,Ljava/lang/String,2,0,3,17,3,21,3,0.875
2021sp-420-Team-Indecision_f76d229,team.indecision.Command.DeleteClassCommand,execute,42,NegateConditionalsMutator,KILLED,1,1,3,123,Ljava/lang/String,2,0,3,17,3,21,3,0.875
2021sp-420-Team-Indecision_f76d229,team.indecision.Command.DeleteClassCommand,execute,53,EmptyObjectReturnValsMutator,KILLED,3,3,7,123,Ljava/lang/String,2,0,3,17,3,21,3,0.875
2021sp-420-Team-Indecision_f76d229,team.indecision.Command.DeleteFieldCommand,execute,40,NegateConditionalsMutator,KILLED,3,3,6,123,Ljava/lang/String,2,0,3,16,3,21,3,0.875
2021sp-420-Team-Indecision_f76d229,team.indecision.Command.DeleteFieldCommand,execute,42,NegateConditionalsMutator,KILLED,2,2,4,123,Ljava/lang/String,2,0,3,16,3,21,3,0.875
2021sp-420-Team-Indecision_f76d229,team.indecision.Command.DeleteFieldCommand,execute,54,EmptyObjectReturnValsMutator,KILLED,3,3,6,123,Ljava/lang/String,2,0,3,16,3,21,3,0.875
2021sp-420-Team-Indecision_f76d229,team.indecision.Command.DeleteMethodCommand,execute,52,NegateConditionalsMutator,KILLED,3,3,6,123,Ljava/lang/String,2,0,3,16,3,21,3,0.875
2021sp-420-Team-Indecision_f76d229,team.indecision.Command.DeleteMethodCommand,execute,54,NegateConditionalsMutator,KILLED,2,2,4,123,Ljava/lang/String,2,0,3,16,3,21,3,0.875
2021sp-420-Team-Indecision_f76d229,team.indecision.Command.DeleteMethodCommand,execute,66,EmptyObjectReturnValsMutator,KILLED,3,3,6,123,Ljava/lang/String,2,0,3,16,3,21,3,0.875
2021sp-420-Team-Indecision_f76d229,team.indecision.Command.DeleteRelationshipCommand,execute,40,NegateConditionalsMutator,KILLED,3,3,6,123,Ljava/lang/String,2,0,3,16,3,21,3,0.875
2021sp-420-Team-Indecision_f76d229,team.indecision.Command.DeleteRelationshipCommand,execute,42,NegateConditionalsMutator,KILLED,2,2,4,123,Ljava/lang/String,2,0,3,16,3,21,3,0.875
2021sp-420-Team-Indecision_f76d229,team.indecision.Command.DeleteRelationshipCommand,execute,54,EmptyObjectReturnValsMutator,KILLED,3,3,6,123,Ljava/lang/String,2,0,3,16,3,21,3,0.875
2021sp-420-Team-Indecision_f76d229,team.indecision.Command.EditClassNameCommand,execute,40,NegateConditionalsMutator,KILLED,3,3,8,123,Ljava/lang/String,2,0,4,18,3,21,3,0.875
2021sp-420-Team-Indecision_f76d229,team.indecision.Command.EditClassNameCommand,execute,40,NegateConditionalsMutator,KILLED,3,3,8,123,Ljava/lang/String,2,0,4,18,3,21,3,0.875
2021sp-420-Team-Indecision_f76d229,team.indecision.Command.EditClassNameCommand,execute,43,VoidMethodCallMutator,SURVIVED,1,1,3,123,Ljava/lang/String,2,0,4,18,3,21,3,0.875
2021sp-420-Team-Indecision_f76d229,team.indecision.Command.EditClassNameCommand,execute,51,NegateConditionalsMutator,KILLED,2,2,5,123,Ljava/lang/String,2,0,4,18,3,21,3,0.875
2021sp-420-Team-Indecision_f76d229,team.indecision.Command.EditClassNameCommand,execute,60,EmptyObjectReturnValsMutator,KILLED,3,3,8,123,Ljava/lang/String,2,0,4,18,3,21,3,0.875
2021sp-420-Team-Indecision_f76d229,team.indecision.Command.EditFieldNameCommand,execute,45,NegateConditionalsMutator,KILLED,4,4,10,123,Ljava/lang/String,2,0,5,21,4,21,3,0.875
2021sp-420-Team-Indecision_f76d229,team.indecision.Command.EditFieldNameCommand,execute,47,NegateConditionalsMutator,KILLED,3,3,8,123,Ljava/lang/String,2,0,5,21,4,21,3,0.875
2021sp-420-Team-Indecision_f76d229,team.indecision.Command.EditFieldNameCommand,execute,47,NegateConditionalsMutator,KILLED,3,3,8,123,Ljava/lang/String,2,0,5,21,4,21,3,0.875
2021sp-420-Team-Indecision_f76d229,team.indecision.Command.EditFieldNameCommand,execute,49,VoidMethodCallMutator,KILLED,1,1,3,123,Ljava/lang/String,2,0,5,21,4,21,3,0.875
2021sp-420-Team-Indecision_f76d229,team.indecision.Command.EditFieldNameCommand,execute,54,NegateConditionalsMutator,KILLED,2,2,5,123,Ljava/lang/String,2,0,5,21,4,21,3,0.875
2021sp-420-Team-Indecision_f76d229,team.indecision.Command.EditFieldNameCommand,execute,65,EmptyObjectReturnValsMutator,KILLED,4,4,10,123,Ljava/lang/String,2,0,5,21,4,21,3,0.875
2021sp-420-Team-Indecision_f76d229,team.indecision.Command.EditFieldTypeCommand,execute,45,NegateConditionalsMutator,KILLED,3,3,6,123,Ljava/lang/String,2,0,3,17,3,21,3,0.875
2021sp-420-Team-Indecision_f76d229,team.indecision.Command.EditFieldTypeCommand,execute,47,NegateConditionalsMutator,KILLED,2,2,4,123,Ljava/lang/String,2,0,3,17,3,21,3,0.875
2021sp-420-Team-Indecision_f76d229,team.indecision.Command.EditFieldTypeCommand,execute,49,VoidMethodCallMutator,SURVIVED,1,1,2,123,Ljava/lang/String,2,0,3,17,3,21,3,0.875
2021sp-420-Team-Indecision_f76d229,team.indecision.Command.EditFieldTypeCommand,execute,60,EmptyObjectReturnValsMutator,KILLED,3,3,6,123,Ljava/lang/String,2,0,3,17,3,21,3,0.875
2021sp-420-Team-Indecision_f76d229,team.indecision.Command.EditMethodNameCommand,execute,51,NegateConditionalsMutator,KILLED,4,4,10,123,Ljava/lang/String,2,0,5,21,4,21,3,0.875
2021sp-420-Team-Indecision_f76d229,team.indecision.Command.EditMethodNameCommand,execute,53,NegateConditionalsMutator,KILLED,3,3,8,123,Ljava/lang/String,2,0,5,21,4,21,3,0.875
2021sp-420-Team-Indecision_f76d229,team.indecision.Command.EditMethodNameCommand,execute,53,NegateConditionalsMutator,KILLED,3,3,8,123,Ljava/lang/String,2,0,5,21,4,21,3,0.875
2021sp-420-Team-Indecision_f76d229,team.indecision.Command.EditMethodNameCommand,execute,55,VoidMethodCallMutator,KILLED,1,1,3,123,Ljava/lang/String,2,0,5,21,4,21,3,0.875
2021sp-420-Team-Indecision_f76d229,team.indecision.Command.EditMethodNameCommand,execute,60,NegateConditionalsMutator,KILLED,2,2,5,123,Ljava/lang/String,2,0,5,21,4,21,3,0.875
2021sp-420-Team-Indecision_f76d229,team.indecision.Command.EditMethodNameCommand,execute,71,EmptyObjectReturnValsMutator,KILLED,4,4,10,123,Ljava/lang/String,2,0,5,21,4,21,3,0.875
2021sp-420-Team-Indecision_f76d229,team.indecision.Command.EditMethodParametersCommand,execute,51,NegateConditionalsMutator,KILLED,4,4,10,123,Ljava/lang/String,2,0,5,21,4,21,3,0.875
2021sp-420-Team-Indecision_f76d229,team.indecision.Command.EditMethodParametersCommand,execute,53,NegateConditionalsMutator,KILLED,3,3,8,123,Ljava/lang/String,2,0,5,21,4,21,3,0.875
2021sp-420-Team-Indecision_f76d229,team.indecision.Command.EditMethodParametersCommand,execute,53,NegateConditionalsMutator,KILLED,3,3,8,123,Ljava/lang/String,2,0,5,21,4,21,3,0.875
2021sp-420-Team-Indecision_f76d229,team.indecision.Command.EditMethodParametersCommand,execute,55,VoidMethodCallMutator,KILLED,1,1,3,123,Ljava/lang/String,2,0,5,21,4,21,3,0.875
2021sp-420-Team-Indecision_f76d229,team.indecision.Command.EditMethodParametersCommand,execute,60,NegateConditionalsMutator,KILLED,2,2,5,123,Ljava/lang/String,2,0,5,21,4,21,3,0.875
2021sp-420-Team-Indecision_f76d229,team.indecision.Command.EditMethodParametersCommand,execute,71,EmptyObjectReturnValsMutator,KILLED,4,4,10,123,Ljava/lang/String,2,0,5,21,4,21,3,0.875
2021sp-420-Team-Indecision_f76d229,team.indecision.Command.EditMethodTypeCommand,execute,47,NegateConditionalsMutator,KILLED,3,3,6,123,Ljava/lang/String,2,0,3,17,3,21,3,0.875
2021sp-420-Team-Indecision_f76d229,team.indecision.Command.EditMethodTypeCommand,execute,49,NegateConditionalsMutator,KILLED,2,2,4,123,Ljava/lang/String,2,0,3,17,3,21,3,0.875
2021sp-420-Team-Indecision_f76d229,team.indecision.Command.EditMethodTypeCommand,execute,51,VoidMethodCallMutator,KILLED,1,1,2,123,Ljava/lang/String,2,0,3,17,3,21,3,0.875
2021sp-420-Team-Indecision_f76d229,team.indecision.Command.EditMethodTypeCommand,execute,62,EmptyObjectReturnValsMutator,KILLED,3,3,6,123,Ljava/lang/String,2,0,3,17,3,21,3,0.875
2021sp-420-Team-Indecision_f76d229,team.indecision.Command.EditRelationshipDestinationCommand,execute,45,NegateConditionalsMutator,KILLED,4,4,9,123,Ljava/lang/String,2,0,5,21,4,21,3,0.875
2021sp-420-Team-Indecision_f76d229,team.indecision.Command.EditRelationshipDestinationCommand,execute,47,NegateConditionalsMutator,KILLED,3,3,7,123,Ljava/lang/String,2,0,5,21,4,21,3,0.875
2021sp-420-Team-Indecision_f76d229,team.indecision.Command.EditRelationshipDestinationCommand,execute,47,NegateConditionalsMutator,KILLED,3,3,7,123,Ljava/lang/String,2,0,5,21,4,21,3,0.875
2021sp-420-Team-Indecision_f76d229,team.indecision.Command.EditRelationshipDestinationCommand,execute,49,VoidMethodCallMutator,KILLED,1,1,3,123,Ljava/lang/String,2,0,5,21,4,21,3,0.875
2021sp-420-Team-Indecision_f76d229,team.indecision.Command.EditRelationshipDestinationCommand,execute,54,NegateConditionalsMutator,KILLED,2,2,4,123,Ljava/lang/String,2,0,5,21,4,21,3,0.875
2021sp-420-Team-Indecision_f76d229,team.indecision.Command.EditRelationshipDestinationCommand,execute,65,EmptyObjectReturnValsMutator,KILLED,4,4,9,123,Ljava/lang/String,2,0,5,21,4,21,3,0.875
2021sp-420-Team-Indecision_f76d229,team.indecision.Command.EditRelationshipTypeCommand,execute,45,NegateConditionalsMutator,KILLED,3,3,6,123,Ljava/lang/String,2,0,7,21,4,21,3,0.875
2021sp-420-Team-Indecision_f76d229,team.indecision.Command.EditRelationshipTypeCommand,execute,47,NegateConditionalsMutator,KILLED,2,2,4,123,Ljava/lang/String,2,0,7,21,4,21,3,0.875
2021sp-420-Team-Indecision_f76d229,team.indecision.Command.EditRelationshipTypeCommand,execute,49,NegateConditionalsMutator,KILLED,1,1,2,123,Ljava/lang/String,2,0,7,21,4,21,3,0.875
2021sp-420-Team-Indecision_f76d229,team.indecision.Command.EditRelationshipTypeCommand,execute,50,VoidMethodCallMutator,KILLED,1,1,2,123,Ljava/lang/String,2,0,7,21,4,21,3,0.875
2021sp-420-Team-Indecision_f76d229,team.indecision.Command.EditRelationshipTypeCommand,execute,65,EmptyObjectReturnValsMutator,KILLED,3,3,6,123,Ljava/lang/String,2,0,7,21,4,21,3,0.875
2021sp-420-Team-Indecision_f76d229,team.indecision.Command.LoadJSONCommand,execute,51,NegateConditionalsMutator,KILLED,2,2,3,123,Ljava/lang/String,2,0,2,18,3,21,3,0.875
2021sp-420-Team-Indecision_f76d229,team.indecision.Command.LoadJSONCommand,execute,53,VoidMethodCallMutator,SURVIVED,1,1,2,123,Ljava/lang/String,2,0,2,18,3,21,3,0.875
2021sp-420-Team-Indecision_f76d229,team.indecision.Command.LoadJSONCommand,execute,64,EmptyObjectReturnValsMutator,KILLED,2,2,3,123,Ljava/lang/String,2,0,2,18,3,21,3,0.875
2021sp-420-Team-Indecision_f76d229,team.indecision.Command.SaveJSONCommand,execute,48,NegateConditionalsMutator,KILLED,2,2,3,123,Ljava/lang/String,2,0,2,17,3,21,3,0.875
2021sp-420-Team-Indecision_f76d229,team.indecision.Command.SaveJSONCommand,execute,51,VoidMethodCallMutator,KILLED,2,2,3,123,Ljava/lang/String,2,0,2,17,3,21,3,0.875
2021sp-420-Team-Indecision_f76d229,team.indecision.Command.SaveJSONCommand,execute,62,EmptyObjectReturnValsMutator,KILLED,2,2,3,123,Ljava/lang/String,2,0,2,17,3,21,3,0.875
2021sp-420-Team-Indecision_f76d229,team.indecision.Memento.History,undo,101,VoidMethodCallMutator,KILLED,1,1,3,5,V,1,0,1,7,1,3,2,0.6
2021sp-420-Team-Indecision_f76d229,team.indecision.Memento.History,redo,109,NullReturnValsMutator,KILLED,1,1,3,5,Lteam/indecision/Command/Command,1,0,1,4,1,3,2,0.6
2021sp-420-Team-Indecision_f76d229,team.indecision.Memento.History,popUndo,62,NullReturnValsMutator,KILLED,1,1,3,5,Lteam/indecision/Memento/History$Pair,1,0,1,3,1,3,2,0.6
2021sp-420-Team-Indecision_f76d229,team.indecision.Memento.History,popRedo,75,NullReturnValsMutator,KILLED,1,1,3,5,Lteam/indecision/Command/Command,1,0,1,3,1,3,2,0.6
2021sp-420-Team-Indecision_f76d229,team.indecision.Memento.History,undo,99,VoidMethodCallMutator,KILLED,1,1,3,5,V,1,0,1,7,1,3,2,0.6
2021sp-420-Team-Indecision_f76d229,team.indecision.Memento.Memento,restore,29,VoidMethodCallMutator,KILLED,2,2,5,5,V,1,0,1,3,1,3,2,0.6
2021sp-420-Team-Indecision_f76d229,team.indecision.Model.Class,deleteField,103,BooleanFalseReturnValsMutator,SURVIVED,2,2,27,181,Z,1,0,1,4,1,0,27,0.0
2021sp-420-Team-Indecision_f76d229,team.indecision.Model.Class,deleteField,103,BooleanTrueReturnValsMutator,SURVIVED,2,2,27,181,Z,1,0,1,4,1,0,27,0.0
2021sp-420-Team-Indecision_f76d229,team.indecision.Model.Class,getField,113,NegateConditionalsMutator,KILLED,12,57,50,186,Lteam/indecision/Model/Field,1,0,3,12,3,0,27,0.0
2021sp-420-Team-Indecision_f76d229,team.indecision.Model.Class,getField,115,NegateConditionalsMutator,KILLED,7,36,39,181,Lteam/indecision/Model/Field,1,0,3,12,3,0,27,0.0
2021sp-420-Team-Indecision_f76d229,team.indecision.Model.Class,containsField,129,NegateConditionalsMutator,KILLED,12,35,50,186,Z,1,0,2,7,2,0,27,0.0
2021sp-420-Team-Indecision_f76d229,team.indecision.Model.Class,containsField,132,BooleanFalseReturnValsMutator,KILLED,12,35,50,186,Z,1,0,2,7,2,0,27,0.0
2021sp-420-Team-Indecision_f76d229,team.indecision.Model.Class,containsField,132,BooleanTrueReturnValsMutator,KILLED,12,35,50,186,Z,1,0,2,7,2,0,27,0.0
2021sp-420-Team-Indecision_f76d229,team.indecision.Model.Class,getMethods,168,NullReturnValsMutator,KILLED,2,6,27,181,Ljava/util/SortedSet,1,0,1,3,1,0,27,0.0
2021sp-420-Team-Indecision_f76d229,team.indecision.Model.Class,addMethod,193,BooleanFalseReturnValsMutator,SURVIVED,9,11,45,181,Z,1,0,1,4,1,0,27,0.0
2021sp-420-Team-Indecision_f76d229,team.indecision.Model.Class,addMethod,193,BooleanTrueReturnValsMutator,SURVIVED,9,11,45,181,Z,1,0,1,4,1,0,27,0.0
2021sp-420-Team-Indecision_f76d229,team.indecision.Model.Class,deleteMethod,202,BooleanFalseReturnValsMutator,SURVIVED,2,2,27,181,Z,1,0,1,4,1,0,27,0.0
2021sp-420-Team-Indecision_f76d229,team.indecision.Model.Class,deleteMethod,202,BooleanTrueReturnValsMutator,SURVIVED,2,2,27,181,Z,1,0,1,4,1,0,27,0.0
2021sp-420-Team-Indecision_f76d229,team.indecision.Model.Class,getMethod,212,NegateConditionalsMutator,KILLED,13,72,53,181,Lteam/indecision/Model/Method,1,0,4,12,3,0,27,0.0
2021sp-420-Team-Indecision_f76d229,team.indecision.Model.Class,getMethod,214,NegateConditionalsMutator,KILLED,9,45,45,181,Lteam/indecision/Model/Method,1,0,4,12,3,0,27,0.0
2021sp-420-Team-Indecision_f76d229,team.indecision.Model.Class,getMethod,214,NegateConditionalsMutator,KILLED,9,45,45,181,Lteam/indecision/Model/Method,1,0,4,12,3,0,27,0.0
2021sp-420-Team-Indecision_f76d229,team.indecision.Model.Class,containsMethod,228,NegateConditionalsMutator,KILLED,13,47,53,181,Z,1,0,2,7,2,0,27,0.0
2021sp-420-Team-Indecision_f76d229,team.indecision.Model.Class,containsMethod,231,BooleanFalseReturnValsMutator,KILLED,13,47,53,181,Z,1,0,2,7,2,0,27,0.0
2021sp-420-Team-Indecision_f76d229,team.indecision.Model.Class,containsMethod,231,BooleanTrueReturnValsMutator,KILLED,13,47,53,181,Z,1,0,2,7,2,0,27,0.0
2021sp-420-Team-Indecision_f76d229,team.indecision.Model.Class,getRelationships,263,NullReturnValsMutator,KILLED,2,6,27,181,Ljava/util/SortedSet,1,0,1,3,1,0,27,0.0
2021sp-420-Team-Indecision_f76d229,team.indecision.Model.Class,addRelationship,280,BooleanFalseReturnValsMutator,SURVIVED,10,11,46,186,Z,1,0,1,4,1,0,27,0.0
2021sp-420-Team-Indecision_f76d229,team.indecision.Model.Class,addRelationship,280,BooleanTrueReturnValsMutator,SURVIVED,10,11,46,186,Z,1,0,1,4,1,0,27,0.0
2021sp-420-Team-Indecision_f76d229,team.indecision.Model.Class,deleteRelationship,290,BooleanFalseReturnValsMutator,SURVIVED,3,3,30,181,Z,1,0,1,4,1,0,27,0.0
2021sp-420-Team-Indecision_f76d229,team.indecision.Model.Class,deleteRelationship,290,BooleanTrueReturnValsMutator,SURVIVED,3,3,30,181,Z,1,0,1,4,1,0,27,0.0
2021sp-420-Team-Indecision_f76d229,team.indecision.Model.Class,getRelationship,300,NegateConditionalsMutator,KILLED,15,58,56,186,Lteam/indecision/Model/Relationship,1,0,3,12,3,0,27,0.0
2021sp-420-Team-Indecision_f76d229,team.indecision.Model.Class,getRelationship,302,NegateConditionalsMutator,KILLED,8,32,41,181,Lteam/indecision/Model/Relationship,1,0,3,12,3,0,27,0.0
2021sp-420-Team-Indecision_f76d229,team.indecision.Model.Class,containsRelationship,316,NegateConditionalsMutator,KILLED,15,40,56,186,Z,1,0,2,7,2,0,27,0.0
2021sp-420-Team-Indecision_f76d229,team.indecision.Model.Class,containsRelationship,319,BooleanFalseReturnValsMutator,KILLED,15,40,56,186,Z,1,0,2,7,2,0,27,0.0
2021sp-420-Team-Indecision_f76d229,team.indecision.Model.Class,containsRelationship,319,BooleanTrueReturnValsMutator,KILLED,15,40,56,186,Z,1,0,2,7,2,0,27,0.0
2021sp-420-Team-Indecision_f76d229,team.indecision.Model.Class,equals,358,NegateConditionalsMutator,KILLED,1,1,25,58,Z,1,0,5,7,2,0,27,0.0
2021sp-420-Team-Indecision_f76d229,team.indecision.Model.Class,equals,358,NegateConditionalsMutator,KILLED,1,1,25,58,Z,1,0,5,7,2,0,27,0.0
2021sp-420-Team-Indecision_f76d229,team.indecision.Model.Class,equals,358,NegateConditionalsMutator,KILLED,1,1,25,58,Z,1,0,5,7,2,0,27,0.0
2021sp-420-Team-Indecision_f76d229,team.indecision.Model.Class,equals,358,NegateConditionalsMutator,KILLED,1,1,25,58,Z,1,0,5,7,2,0,27,0.0
2021sp-420-Team-Indecision_f76d229,team.indecision.Model.Class,equals,361,BooleanFalseReturnValsMutator,KILLED,1,1,25,58,Z,1,0,5,7,2,0,27,0.0
2021sp-420-Team-Indecision_f76d229,team.indecision.Model.Class,equals,361,BooleanTrueReturnValsMutator,SURVIVED,1,1,25,58,Z,1,0,5,7,2,0,27,0.0
2021sp-420-Team-Indecision_f76d229,team.indecision.Model.Class,getXLocation,368,PrimitiveReturnsMutator,SURVIVED,1,1,2,123,I,1,0,1,3,1,0,27,0.0
2021sp-420-Team-Indecision_f76d229,team.indecision.Model.Class,getYLocation,375,PrimitiveReturnsMutator,SURVIVED,1,1,2,123,I,1,0,1,3,1,0,27,0.0
2021sp-420-Team-Indecision_f76d229,team.indecision.Model.Class,getName,64,EmptyObjectReturnValsMutator,KILLED,2,6,27,181,Ljava/lang/String,1,0,1,3,1,0,27,0.0
2021sp-420-Team-Indecision_f76d229,team.indecision.Model.Class,getFields,78,NullReturnValsMutator,KILLED,2,6,27,181,Ljava/util/SortedSet,1,0,1,3,1,0,27,0.0
2021sp-420-Team-Indecision_f76d229,team.indecision.Model.Class,addField,94,BooleanFalseReturnValsMutator,SURVIVED,9,10,44,186,Z,1,0,1,4,1,0,27,0.0
2021sp-420-Team-Indecision_f76d229,team.indecision.Model.Class,addField,94,BooleanTrueReturnValsMutator,SURVIVED,9,10,44,186,Z,1,0,1,4,1,0,27,0.0
2021sp-420-Team-Indecision_f76d229,team.indecision.Model.Classes,getBackup,54,NullReturnValsMutator,KILLED,3,6,9,63,Ljava/util/SortedMap,1,0,1,3,1,0,27,0.0
2021sp-420-Team-Indecision_f76d229,team.indecision.Model.Classes,getClasses,61,NullReturnValsMutator,KILLED,60,379,132,186,Ljava/util/SortedMap,1,0,1,3,1,0,27,0.0
2021sp-420-Team-Indecision_f76d229,team.indecision.Model.Field,getName,37,EmptyObjectReturnValsMutator,KILLED,12,67,62,186,Ljava/lang/String,1,0,1,3,1,0,27,0.0
2021sp-420-Team-Indecision_f76d229,team.indecision.Model.Field,getType,51,EmptyObjectReturnValsMutator,KILLED,3,5,16,181,Ljava/lang/String,1,0,1,3,1,0,27,0.0
2021sp-420-Team-Indecision_f76d229,team.indecision.Model.Field,toString,65,EmptyObjectReturnValsMutator,KILLED,2,2,14,58,Ljava/lang/String,1,0,1,3,1,0,27,0.0
2021sp-420-Team-Indecision_f76d229,team.indecision.Model.Field,equals,74,NegateConditionalsMutator,KILLED,3,5,39,58,Z,1,0,2,7,2,0,27,0.0
2021sp-420-Team-Indecision_f76d229,team.indecision.Model.Field,equals,77,BooleanFalseReturnValsMutator,KILLED,3,5,39,58,Z,1,0,2,7,2,0,27,0.0
2021sp-420-Team-Indecision_f76d229,team.indecision.Model.Field,equals,77,BooleanTrueReturnValsMutator,KILLED,3,5,39,58,Z,1,0,2,7,2,0,27,0.0
2021sp-420-Team-Indecision_f76d229,team.indecision.Model.Field,compareTo,87,PrimitiveReturnsMutator,KILLED,10,17,48,186,I,1,0,1,4,1,0,27,0.0
2021sp-420-Team-Indecision_f76d229,team.indecision.Model.Method,getParameter,111,NegateConditionalsMutator,KILLED,1,2,8,58,Lteam/indecision/Model/Parameter,1,0,3,12,3,0,27,0.0
2021sp-420-Team-Indecision_f76d229,team.indecision.Model.Method,getParameter,113,NegateConditionalsMutator,KILLED,1,2,8,58,Lteam/indecision/Model/Parameter,1,0,3,12,3,0,27,0.0
2021sp-420-Team-Indecision_f76d229,team.indecision.Model.Method,toString,140,NegateConditionalsMutator,KILLED,1,2,8,58,Ljava/lang/String,1,0,2,9,2,0,27,0.0
2021sp-420-Team-Indecision_f76d229,team.indecision.Model.Method,toString,145,EmptyObjectReturnValsMutator,KILLED,1,1,8,58,Ljava/lang/String,1,0,2,9,2,0,27,0.0
2021sp-420-Team-Indecision_f76d229,team.indecision.Model.Method,equals,189,NegateConditionalsMutator,KILLED,2,3,33,58,Z,1,0,3,7,2,0,27,0.0
2021sp-420-Team-Indecision_f76d229,team.indecision.Model.Method,equals,189,NegateConditionalsMutator,KILLED,2,3,33,58,Z,1,0,3,7,2,0,27,0.0
2021sp-420-Team-Indecision_f76d229,team.indecision.Model.Method,equals,192,BooleanFalseReturnValsMutator,KILLED,2,3,33,58,Z,1,0,3,7,2,0,27,0.0
2021sp-420-Team-Indecision_f76d229,team.indecision.Model.Method,equals,192,BooleanTrueReturnValsMutator,KILLED,2,3,33,58,Z,1,0,3,7,2,0,27,0.0
2021sp-420-Team-Indecision_f76d229,team.indecision.Model.Method,compareTo,202,NegateConditionalsMutator,KILLED,10,17,49,181,I,1,0,3,10,2,0,27,0.0
2021sp-420-Team-Indecision_f76d229,team.indecision.Model.Method,compareTo,203,PrimitiveReturnsMutator,KILLED,2,4,28,181,I,1,0,3,10,2,0,27,0.0
2021sp-420-Team-Indecision_f76d229,team.indecision.Model.Method,compareTo,205,NegateConditionalsMutator,KILLED,10,13,49,181,I,1,0,3,10,2,0,27,0.0
2021sp-420-Team-Indecision_f76d229,team.indecision.Model.Method,compareTo,208,PrimitiveReturnsMutator,KILLED,1,1,3,123,I,1,0,3,10,2,0,27,0.0
2021sp-420-Team-Indecision_f76d229,team.indecision.Model.Method,getName,50,EmptyObjectReturnValsMutator,KILLED,11,73,57,181,Ljava/lang/String,1,0,1,3,1,0,27,0.0
2021sp-420-Team-Indecision_f76d229,team.indecision.Model.Method,getType,64,EmptyObjectReturnValsMutator,KILLED,1,1,2,123,Ljava/lang/String,1,0,1,3,1,0,27,0.0
2021sp-420-Team-Indecision_f76d229,team.indecision.Model.Method,getParameters,78,NullReturnValsMutator,KILLED,11,54,57,181,Ljava/util/SortedSet,1,0,1,3,1,0,27,0.0
2021sp-420-Team-Indecision_f76d229,team.indecision.Model.Parameter,getName,37,EmptyObjectReturnValsMutator,KILLED,22,57,80,186,Ljava/lang/String,1,0,1,3,1,0,27,0.0
2021sp-420-Team-Indecision_f76d229,team.indecision.Model.Parameter,getType,51,EmptyObjectReturnValsMutator,KILLED,1,1,8,58,Ljava/lang/String,1,0,1,3,1,0,27,0.0
2021sp-420-Team-Indecision_f76d229,team.indecision.Model.Parameter,toString,65,EmptyObjectReturnValsMutator,KILLED,1,1,8,58,Ljava/lang/String,1,0,1,3,1,0,27,0.0
2021sp-420-Team-Indecision_f76d229,team.indecision.Model.Parameter,compareTo,87,PrimitiveReturnsMutator,SURVIVED,22,54,80,186,I,1,0,1,4,1,0,27,0.0
2021sp-420-Team-Indecision_f76d229,team.indecision.Model.Relationship,getDestination,43,EmptyObjectReturnValsMutator,KILLED,12,59,57,186,Ljava/lang/String,1,0,1,3,1,0,27,0.0
2021sp-420-Team-Indecision_f76d229,team.indecision.Model.Relationship,getType,57,EmptyObjectReturnValsMutator,KILLED,3,7,34,181,Ljava/lang/String,1,0,1,3,1,0,27,0.0
2021sp-420-Team-Indecision_f76d229,team.indecision.Model.Relationship,toString,71,EmptyObjectReturnValsMutator,KILLED,1,1,7,58,Ljava/lang/String,1,0,1,3,1,0,27,0.0
2021sp-420-Team-Indecision_f76d229,team.indecision.Model.Relationship,equals,80,NegateConditionalsMutator,KILLED,2,3,32,58,Z,1,0,3,7,2,0,27,0.0
2021sp-420-Team-Indecision_f76d229,team.indecision.Model.Relationship,equals,80,NegateConditionalsMutator,KILLED,2,3,32,58,Z,1,0,3,7,2,0,27,0.0
2021sp-420-Team-Indecision_f76d229,team.indecision.Model.Relationship,equals,83,BooleanFalseReturnValsMutator,KILLED,2,3,32,58,Z,1,0,3,7,2,0,27,0.0
2021sp-420-Team-Indecision_f76d229,team.indecision.Model.Relationship,equals,83,BooleanTrueReturnValsMutator,KILLED,2,3,32,58,Z,1,0,3,7,2,0,27,0.0
2021sp-420-Team-Indecision_f76d229,team.indecision.Model.Relationship,compareTo,93,PrimitiveReturnsMutator,KILLED,11,19,50,186,I,1,0,1,4,1,0,27,0.0
Agents_e1b_1345f6d,asw.agents.util.Assert,isIdValid,110,NegateConditionalsMutator,KILLED,4,13,13,79,Z,1,0,2,6,2,1,5,0.1666666666666666
Agents_e1b_1345f6d,asw.agents.util.Assert,isIdValid,113,BooleanFalseReturnValsMutator,KILLED,3,9,9,79,Z,1,0,2,6,2,1,5,0.1666666666666666
Agents_e1b_1345f6d,asw.agents.util.Assert,isKindCorrect,118,ConditionalsBoundaryMutator,KILLED,5,16,15,79,Z,1,0,3,6,2,1,5,0.1666666666666666
Agents_e1b_1345f6d,asw.agents.util.Assert,isKindCorrect,118,ConditionalsBoundaryMutator,KILLED,5,16,15,79,Z,1,0,3,6,2,1,5,0.1666666666666666
Agents_e1b_1345f6d,asw.agents.util.Assert,isKindCorrect,118,NegateConditionalsMutator,KILLED,5,16,15,79,Z,1,0,3,6,2,1,5,0.1666666666666666
Agents_e1b_1345f6d,asw.agents.util.Assert,isKindCorrect,118,NegateConditionalsMutator,KILLED,5,16,15,79,Z,1,0,3,6,2,1,5,0.1666666666666666
Agents_e1b_1345f6d,asw.agents.util.Assert,isKindCorrect,121,BooleanFalseReturnValsMutator,KILLED,4,13,13,79,Z,1,0,3,6,2,1,5,0.1666666666666666
Agents_e1b_1345f6d,asw.agents.util.Assert,isEmailEmpty,20,NegateConditionalsMutator,KILLED,17,61,45,79,Z,1,0,2,7,1,1,5,0.1666666666666666
Agents_e1b_1345f6d,asw.agents.util.Assert,isEmailEmpty,23,BooleanTrueReturnValsMutator,KILLED,15,52,39,79,Z,1,0,2,7,1,1,5,0.1666666666666666
Agents_e1b_1345f6d,asw.agents.util.Assert,isPasswordEmpty,27,NegateConditionalsMutator,KILLED,17,62,46,79,Z,1,0,2,7,1,1,5,0.1666666666666666
Agents_e1b_1345f6d,asw.agents.util.Assert,isPasswordEmpty,30,BooleanTrueReturnValsMutator,KILLED,15,52,39,79,Z,1,0,2,7,1,1,5,0.1666666666666666
Agents_e1b_1345f6d,asw.agents.util.Assert,isIdentEmpty,34,NegateConditionalsMutator,KILLED,8,28,26,79,Z,1,0,2,7,1,1,5,0.1666666666666666
Agents_e1b_1345f6d,asw.agents.util.Assert,isIdentEmpty,37,BooleanTrueReturnValsMutator,KILLED,7,24,22,79,Z,1,0,2,7,1,1,5,0.1666666666666666
Agents_e1b_1345f6d,asw.agents.util.Assert,isKindEmpty,41,NegateConditionalsMutator,KILLED,6,20,18,79,Z,1,0,2,7,2,1,5,0.1666666666666666
Agents_e1b_1345f6d,asw.agents.util.Assert,isKindEmpty,44,BooleanTrueReturnValsMutator,KILLED,5,16,15,79,Z,1,0,2,7,2,1,5,0.1666666666666666
Agents_e1b_1345f6d,asw.agents.util.Assert,isEmailValid,56,NegateConditionalsMutator,KILLED,15,52,39,79,Z,1,0,2,8,1,1,5,0.1666666666666666
Agents_e1b_1345f6d,asw.agents.util.Assert,isEmailValid,59,BooleanFalseReturnValsMutator,KILLED,13,43,33,79,Z,1,0,2,8,1,1,5,0.1666666666666666
Agents_e1b_1345f6d,asw.agents.util.Assert,isParticipantNull,68,NegateConditionalsMutator,KILLED,9,21,21,79,Z,1,0,2,6,2,1,5,0.1666666666666666
Agents_e1b_1345f6d,asw.agents.util.Assert,isParticipantNull,71,BooleanTrueReturnValsMutator,KILLED,6,13,13,79,Z,1,0,2,6,2,1,5,0.1666666666666666
Agents_e1b_1345f6d,asw.agents.util.Assert,isPasswordCorrect,75,NegateConditionalsMutator,KILLED,6,13,13,79,Z,1,0,2,6,2,1,5,0.1666666666666666
Agents_e1b_1345f6d,asw.agents.util.Assert,isPasswordCorrect,78,BooleanFalseReturnValsMutator,KILLED,5,9,9,79,Z,1,0,2,6,2,1,5,0.1666666666666666
Agents_e1b_1345f6d,asw.agents.util.Assert,isKindCodeCorrect,82,NegateConditionalsMutator,KILLED,1,3,3,79,Z,1,0,2,6,2,1,5,0.1666666666666666
Agents_e1b_1345f6d,asw.agents.util.Assert,isKindCodeCorrect,85,BooleanFalseReturnValsMutator,KILLED,1,3,3,79,Z,1,0,2,6,2,1,5,0.1666666666666666
Agents_e1b_1345f6d,asw.agents.util.Assert,isSamePassword,89,NegateConditionalsMutator,KILLED,5,11,11,79,Z,1,0,2,6,2,1,5,0.1666666666666666
Agents_e1b_1345f6d,asw.agents.util.Assert,isSamePassword,92,BooleanFalseReturnValsMutator,KILLED,3,5,5,79,Z,1,0,2,6,2,1,5,0.1666666666666666
Agents_e1b_1345f6d,asw.agents.util.Assert,isSameEmail,96,NegateConditionalsMutator,KILLED,4,10,10,79,Z,1,0,2,6,2,1,5,0.1666666666666666
Agents_e1b_1345f6d,asw.agents.util.Assert,isSameEmail,99,BooleanFalseReturnValsMutator,KILLED,3,7,7,79,Z,1,0,2,6,2,1,5,0.1666666666666666
Agents_e1b_1345f6d,asw.agents.util.CsvReader,leerCSV,28,NegateConditionalsMutator,KILLED,2,20,4,79,V,1,0,2,14,3,1,5,0.1666666666666666
Agents_e1b_1345f6d,asw.agents.util.CsvReader,buscarTipo,41,VoidMethodCallMutator,KILLED,2,5,4,79,Ljava/lang/String,1,0,2,9,1,1,5,0.1666666666666666
Agents_e1b_1345f6d,asw.agents.util.CsvReader,buscarTipo,43,NegateConditionalsMutator,KILLED,2,8,4,79,Ljava/lang/String,1,0,2,9,1,1,5,0.1666666666666666
Agents_e1b_1345f6d,asw.agents.util.CsvReader,buscarTipo,44,EmptyObjectReturnValsMutator,KILLED,2,5,4,79,Ljava/lang/String,1,0,2,9,1,1,5,0.1666666666666666
Agents_e1b_1345f6d,asw.agents.webService.ChangeInfoRESTController,changePassword,52,VoidMethodCallMutator,KILLED,2,2,2,79,Lorg/springframework/http/ResponseEntity,2,0,1,16,1,2,0,1.0
Agents_e1b_1345f6d,asw.agents.webService.ChangeInfoRESTController,changePassword,55,NullReturnValsMutator,KILLED,2,2,2,79,Lorg/springframework/http/ResponseEntity,2,0,1,16,1,2,0,1.0
Agents_e1b_1345f6d,asw.agents.webService.ChangeInfoRESTController,changeEmail,81,VoidMethodCallMutator,KILLED,2,4,4,79,Lorg/springframework/http/ResponseEntity,2,0,1,17,1,2,0,1.0
Agents_e1b_1345f6d,asw.agents.webService.ChangeInfoRESTController,changeEmail,84,NullReturnValsMutator,KILLED,2,4,4,79,Lorg/springframework/http/ResponseEntity,2,0,1,17,1,2,0,1.0
Agents_e1b_1345f6d,asw.agents.webService.ChangeInfoRESTController,handleErrorResponses,90,EmptyObjectReturnValsMutator,KILLED,13,39,39,79,Ljava/lang/String,2,0,1,3,1,2,0,1.0
Agents_e1b_1345f6d,asw.agents.webService.GetAgentInfoRESTController,getPOSTpetition,50,NullReturnValsMutator,KILLED,1,3,3,79,Lorg/springframework/http/ResponseEntity,2,0,1,12,1,2,0,1.0
Agents_e1b_1345f6d,asw.agents.webService.GetAgentInfoRESTController,handleErrorResponses,56,EmptyObjectReturnValsMutator,KILLED,7,25,23,79,Ljava/lang/String,2,0,1,3,1,2,0,1.0
Agents_e1b_1345f6d,asw.agents.webService.htmlController.GetAgentInfoHTMLController,inicalicerLogin,28,EmptyObjectReturnValsMutator,KILLED,26,27,72,79,Ljava/lang/String,1,0,1,3,1,2,0,1.0
Agents_e1b_1345f6d,asw.agents.webService.request.PeticionChangeEmailREST,getIdent,30,EmptyObjectReturnValsMutator,KILLED,8,22,22,79,Ljava/lang/String,1,0,1,3,1,0,4,0.0
Agents_e1b_1345f6d,asw.agents.webService.request.PeticionChangeEmailREST,getEmail,34,EmptyObjectReturnValsMutator,KILLED,8,44,22,79,Ljava/lang/String,1,0,1,3,1,0,4,0.0
Agents_e1b_1345f6d,asw.agents.webService.request.PeticionChangeEmailREST,getPassword,42,EmptyObjectReturnValsMutator,KILLED,8,44,22,79,Ljava/lang/String,1,0,1,3,1,0,4,0.0
Agents_e1b_1345f6d,asw.agents.webService.request.PeticionChangeEmailREST,getNewEmail,50,EmptyObjectReturnValsMutator,KILLED,8,44,22,79,Ljava/lang/String,1,0,1,3,1,0,4,0.0
Agents_e1b_1345f6d,asw.agents.webService.request.PeticionChangePasswordREST,getEmail,39,EmptyObjectReturnValsMutator,KILLED,9,46,23,79,Ljava/lang/String,1,0,1,3,1,0,4,0.0
Agents_e1b_1345f6d,asw.agents.webService.request.PeticionChangePasswordREST,getPassword,43,EmptyObjectReturnValsMutator,KILLED,9,46,23,79,Ljava/lang/String,1,0,1,3,1,0,4,0.0
Agents_e1b_1345f6d,asw.agents.webService.request.PeticionChangePasswordREST,getNewPassword,47,EmptyObjectReturnValsMutator,KILLED,9,46,23,79,Ljava/lang/String,1,0,1,3,1,0,4,0.0
Agents_e1b_1345f6d,asw.agents.webService.request.PeticionChangePasswordREST,getIdent,51,EmptyObjectReturnValsMutator,KILLED,9,23,23,79,Ljava/lang/String,1,0,1,3,1,0,4,0.0
Agents_e1b_1345f6d,asw.agents.webService.request.PeticionInfoREST,getKind,25,EmptyObjectReturnValsMutator,KILLED,8,67,26,79,Ljava/lang/Integer,1,0,1,3,1,0,4,0.0
Agents_e1b_1345f6d,asw.agents.webService.request.PeticionInfoREST,getident,41,EmptyObjectReturnValsMutator,KILLED,8,85,26,79,Ljava/lang/String,1,0,1,3,1,0,4,0.0
Agents_e1b_1345f6d,asw.agents.webService.request.PeticionInfoREST,getPassword,45,EmptyObjectReturnValsMutator,KILLED,8,59,26,79,Ljava/lang/String,1,0,1,3,1,0,4,0.0
Agents_e1b_1345f6d,asw.agents.webService.responses.RespuestaChangeInfoREST,getAgent,22,EmptyObjectReturnValsMutator,KILLED,4,10,6,79,Ljava/lang/String,1,0,1,3,1,0,4,0.0
Agents_e1b_1345f6d,asw.agents.webService.responses.RespuestaChangeInfoREST,getMessage,31,EmptyObjectReturnValsMutator,KILLED,4,10,6,79,Ljava/lang/String,1,0,1,3,1,0,4,0.0
Agents_e1b_1345f6d,asw.agents.webService.responses.RespuestaInfoREST,RespuestaInfoREST,22,VoidMethodCallMutator,KILLED,1,3,3,79,V,1,0,1,8,1,0,4,0.0
Agents_e1b_1345f6d,asw.agents.webService.responses.RespuestaInfoREST,RespuestaInfoREST,23,VoidMethodCallMutator,KILLED,1,3,3,79,V,1,0,1,8,1,0,4,0.0
Agents_e1b_1345f6d,asw.agents.webService.responses.RespuestaInfoREST,RespuestaInfoREST,24,VoidMethodCallMutator,KILLED,1,3,3,79,V,1,0,1,8,1,0,4,0.0
Agents_e1b_1345f6d,asw.agents.webService.responses.RespuestaInfoREST,RespuestaInfoREST,25,VoidMethodCallMutator,KILLED,1,3,3,79,V,1,0,1,8,1,0,4,0.0
Agents_e1b_1345f6d,asw.agents.webService.responses.RespuestaInfoREST,RespuestaInfoREST,26,VoidMethodCallMutator,KILLED,1,3,3,79,V,1,0,1,8,1,0,4,0.0
Agents_e1b_1345f6d,asw.agents.webService.responses.RespuestaInfoREST,RespuestaInfoREST,27,VoidMethodCallMutator,KILLED,1,3,3,79,V,1,0,1,8,1,0,4,0.0
Agents_e1b_1345f6d,asw.agents.webService.responses.RespuestaInfoREST,getName,32,EmptyObjectReturnValsMutator,KILLED,1,3,3,79,Ljava/lang/String,1,0,1,3,1,0,4,0.0
Agents_e1b_1345f6d,asw.agents.webService.responses.RespuestaInfoREST,getLocation,36,EmptyObjectReturnValsMutator,KILLED,1,3,3,79,Ljava/lang/String,1,0,1,3,1,0,4,0.0
Agents_e1b_1345f6d,asw.agents.webService.responses.RespuestaInfoREST,getEmail,40,EmptyObjectReturnValsMutator,KILLED,1,3,3,79,Ljava/lang/String,1,0,1,3,1,0,4,0.0
Agents_e1b_1345f6d,asw.agents.webService.responses.RespuestaInfoREST,getId,44,EmptyObjectReturnValsMutator,KILLED,1,3,3,79,Ljava/lang/String,1,0,1,3,1,0,4,0.0
Agents_e1b_1345f6d,asw.agents.webService.responses.RespuestaInfoREST,getKind,48,EmptyObjectReturnValsMutator,KILLED,1,3,3,79,Ljava/lang/String,1,0,1,3,1,0,4,0.0
Agents_e1b_1345f6d,asw.agents.webService.responses.RespuestaInfoREST,getKindCode,52,PrimitiveReturnsMutator,KILLED,1,3,3,79,I,1,0,1,3,1,0,4,0.0
Agents_e1b_1345f6d,asw.agents.webService.responses.errors.IncorrectPasswordErrorResponse,getMessageJSONFormat,14,EmptyObjectReturnValsMutator,KILLED,2,6,6,79,Ljava/lang/String,2,0,1,3,1,0,6,0.0
Agents_e1b_1345f6d,asw.agents.webService.responses.errors.PasswordDoNotMatchErrorResponse,getMessageJSONFormat,17,EmptyObjectReturnValsMutator,KILLED,1,4,4,79,Ljava/lang/String,2,0,1,3,1,0,6,0.0
Agents_e1b_1345f6d,asw.agents.webService.responses.errors.RequiredEmailErrorResponse,getMessageJSONFormat,14,EmptyObjectReturnValsMutator,KILLED,3,9,9,79,Ljava/lang/String,2,0,1,3,1,0,6,0.0
Agents_e1b_1345f6d,asw.agents.webService.responses.errors.RequiredIdentErrorResponse,getMessageJSONFormat,12,EmptyObjectReturnValsMutator,KILLED,1,4,4,79,Ljava/lang/String,2,0,1,3,1,0,6,0.0
Agents_e1b_1345f6d,asw.agents.webService.responses.errors.RequiredKindErrorResponse,getMessageJSONFormat,13,EmptyObjectReturnValsMutator,KILLED,1,4,3,79,Ljava/lang/String,2,0,1,3,1,0,6,0.0
Agents_e1b_1345f6d,asw.agents.webService.responses.errors.RequiredPasswordErrorResponse,getMessageJSONFormat,14,EmptyObjectReturnValsMutator,KILLED,3,10,10,79,Ljava/lang/String,2,0,1,3,1,0,6,0.0
Agents_e1b_1345f6d,asw.agents.webService.responses.errors.SameEmailErrorResponse,getMessageJSONFormat,13,EmptyObjectReturnValsMutator,KILLED,1,3,3,79,Ljava/lang/String,2,0,1,3,1,0,6,0.0
Agents_e1b_1345f6d,asw.agents.webService.responses.errors.UserNotFoundResponse,getMessageJSONFormat,14,EmptyObjectReturnValsMutator,KILLED,3,8,8,79,Ljava/lang/String,2,0,1,3,1,0,6,0.0
Agents_e1b_1345f6d,asw.agents.webService.responses.errors.WrongEmailStyleErrorResponse,getMessageJSONFormat,13,EmptyObjectReturnValsMutator,KILLED,3,9,9,79,Ljava/lang/String,2,0,1,3,1,0,6,0.0
Agents_e1b_1345f6d,asw.agents.webService.responses.errors.WrongIdStyleErrorResponse,getMessageJSONFormat,13,EmptyObjectReturnValsMutator,KILLED,1,4,4,79,Ljava/lang/String,2,0,1,3,1,0,6,0.0
Agents_e1b_1345f6d,asw.agents.webService.responses.errors.WrongKindStyleErrorResponse,getMessageJSONFormat,13,EmptyObjectReturnValsMutator,KILLED,1,3,2,79,Ljava/lang/String,2,0,1,3,1,0,6,0.0
Agents_e1b_1345f6d,asw.dbManagement.impl.GetAgentImpl,getAgent,26,NullReturnValsMutator,KILLED,8,23,22,79,Lasw/dbManagement/model/Agent,2,0,1,3,1,2,0,1.0
Agents_e1b_1345f6d,asw.dbManagement.impl.GetAgentImpl,getAgentByEmail,32,NullReturnValsMutator,KILLED,6,12,12,79,Lasw/dbManagement/model/Agent,2,0,1,3,1,2,0,1.0
Agents_e1b_1345f6d,asw.dbManagement.impl.UpdateInfoImpl,updatePassword,28,NegateConditionalsMutator,KILLED,2,2,2,79,V,2,0,5,6,2,2,0,1.0
Agents_e1b_1345f6d,asw.dbManagement.impl.UpdateInfoImpl,updatePassword,28,NegateConditionalsMutator,KILLED,2,2,2,79,V,2,0,5,6,2,2,0,1.0
Agents_e1b_1345f6d,asw.dbManagement.impl.UpdateInfoImpl,updatePassword,28,NegateConditionalsMutator,KILLED,2,2,2,79,V,2,0,5,6,2,2,0,1.0
Agents_e1b_1345f6d,asw.dbManagement.impl.UpdateInfoImpl,updatePassword,29,NegateConditionalsMutator,KILLED,2,2,2,79,V,2,0,5,6,2,2,0,1.0
Agents_e1b_1345f6d,asw.dbManagement.impl.UpdateInfoImpl,updatePassword,30,VoidMethodCallMutator,KILLED,2,2,2,79,V,2,0,5,6,2,2,0,1.0
Agents_e1b_1345f6d,asw.dbManagement.impl.UpdateInfoImpl,updateEmail,42,NegateConditionalsMutator,KILLED,2,4,4,79,V,2,0,2,6,2,2,0,1.0
Agents_e1b_1345f6d,asw.dbManagement.impl.UpdateInfoImpl,updateEmail,43,VoidMethodCallMutator,KILLED,2,4,4,79,V,2,0,2,6,2,2,0,1.0
Agents_e1b_1345f6d,asw.dbManagement.model.Agent,equals,103,NegateConditionalsMutator,KILLED,1,5,5,79,Z,1,0,7,22,2,1,11,0.0833333333333333
Agents_e1b_1345f6d,asw.dbManagement.model.Agent,equals,104,BooleanFalseReturnValsMutator,KILLED,1,1,5,79,Z,1,0,7,22,2,1,11,0.0833333333333333
Agents_e1b_1345f6d,asw.dbManagement.model.Agent,equals,105,NegateConditionalsMutator,KILLED,1,4,5,79,Z,1,0,7,22,2,1,11,0.0833333333333333
Agents_e1b_1345f6d,asw.dbManagement.model.Agent,equals,107,NegateConditionalsMutator,KILLED,1,4,5,79,Z,1,0,7,22,2,1,11,0.0833333333333333
Agents_e1b_1345f6d,asw.dbManagement.model.Agent,equals,108,BooleanTrueReturnValsMutator,KILLED,1,1,5,79,Z,1,0,7,22,2,1,11,0.0833333333333333
Agents_e1b_1345f6d,asw.dbManagement.model.Agent,equals,110,NegateConditionalsMutator,KILLED,1,3,5,79,Z,1,0,7,22,2,1,11,0.0833333333333333
Agents_e1b_1345f6d,asw.dbManagement.model.Agent,equals,113,NegateConditionalsMutator,KILLED,1,3,5,79,Z,1,0,7,22,2,1,11,0.0833333333333333
Agents_e1b_1345f6d,asw.dbManagement.model.Agent,equals,114,BooleanTrueReturnValsMutator,KILLED,1,2,5,79,Z,1,0,7,22,2,1,11,0.0833333333333333
Agents_e1b_1345f6d,asw.dbManagement.model.Agent,equals,115,BooleanFalseReturnValsMutator,KILLED,1,1,5,79,Z,1,0,7,22,2,1,11,0.0833333333333333
Agents_e1b_1345f6d,asw.dbManagement.model.Agent,toString,120,EmptyObjectReturnValsMutator,KILLED,1,1,1,79,Ljava/lang/String,1,0,1,3,1,1,11,0.0833333333333333
Agents_e1b_1345f6d,asw.dbManagement.model.Agent,getIdent,46,EmptyObjectReturnValsMutator,KILLED,2,4,4,79,Ljava/lang/String,1,0,1,3,1,1,11,0.0833333333333333
Agents_e1b_1345f6d,asw.dbManagement.model.Agent,getId,54,EmptyObjectReturnValsMutator,KILLED,4,12,6,79,Ljava/lang/Long,1,0,1,3,1,1,11,0.0833333333333333
Agents_e1b_1345f6d,asw.dbManagement.model.Agent,getName,58,EmptyObjectReturnValsMutator,KILLED,2,4,4,79,Ljava/lang/String,1,0,1,3,1,1,11,0.0833333333333333
Agents_e1b_1345f6d,asw.dbManagement.model.Agent,getPassword,62,EmptyObjectReturnValsMutator,KILLED,6,15,13,79,Ljava/lang/String,1,0,1,3,1,1,11,0.0833333333333333
Agents_e1b_1345f6d,asw.dbManagement.model.Agent,getEmail,70,EmptyObjectReturnValsMutator,KILLED,2,4,4,79,Ljava/lang/String,1,0,1,3,1,1,11,0.0833333333333333
Agents_e1b_1345f6d,asw.dbManagement.model.Agent,getLocation,78,EmptyObjectReturnValsMutator,KILLED,2,4,4,79,Ljava/lang/String,1,0,1,3,1,1,11,0.0833333333333333
Agents_e1b_1345f6d,asw.dbManagement.model.Agent,getKindCode,86,PrimitiveReturnsMutator,KILLED,2,12,4,79,I,1,0,1,3,1,1,11,0.0833333333333333
Agents_e1b_1345f6d,asw.dbManagement.model.Agent,getKind,90,EmptyObjectReturnValsMutator,KILLED,2,5,4,79,Ljava/lang/String,1,0,1,3,1,1,11,0.0833333333333333
Agents_e1b_1345f6d,asw.dbManagement.model.Agent,hashCode,97,MathMutator,KILLED,1,2,1,79,I,1,0,2,6,1,1,11,0.0833333333333333
Agents_e1b_1345f6d,asw.dbManagement.model.Agent,hashCode,97,MathMutator,KILLED,1,2,1,79,I,1,0,2,6,1,1,11,0.0833333333333333
Agents_e1b_1345f6d,asw.dbManagement.model.Agent,hashCode,97,NegateConditionalsMutator,KILLED,1,2,1,79,I,1,0,2,6,1,1,11,0.0833333333333333
Agents_e1b_1345f6d,asw.dbManagement.model.Agent,hashCode,98,PrimitiveReturnsMutator,KILLED,1,2,1,79,I,1,0,2,6,1,1,11,0.0833333333333333
