Project,True Label,Predicted Label,Killing Probability
Csv_5,"['KILLED', 'KILLED', 'KILLED', 'KILLED', 'KILLED', 'KILLED', 'KILLED', 'KILLED', 'KILLED', 'KILLED', 'KILLED', 'KILLED', 'KILLED', 'SURVIVED', 'SURVIVED', 'SURVIVED', 'SURVIVED', 'SURVIVED', 'SURVIVED', 'SURVIVED', 'SURVIVED', 'SURVIVED', 'SURVIVED', 'SURVIVED', 'SURVIVED', 'SURVIVED', 'SURVIVED', 'SURVIVED', 'SURVIVED', 'SURVIVED', 'SURVIVED', 'SURVIVED', 'SURVIVED', 'SURVIVED', 'SURVIVED', 'SURVIVED', 'SURVIVED', 'SURVIVED', 'SURVIVED', 'SURVIVED', 'SURVIVED', 'SURVIVED', 'SURVIVED', 'SURVIVED', 'SURVIVED', 'SURVIVED', 'SURVIVED', 'SURVIVED', 'SURVIVED', 'SURVIVED', 'SURVIVED', 'SURVIVED', 'SURVIVED', 'SURVIVED', 'SURVIVED', 'SURVIVED', 'SURVIVED', 'SURVIVED', 'SURVIVED', 'SURVIVED', 'SURVIVED', 'SURVIVED', 'SURVIVED', 'SURVIVED', 'SURVIVED', 'SURVIVED', 'SURVIVED', 'SURVIVED', 'SURVIVED', 'SURVIVED', 'SURVIVED', 'SURVIVED', 'SURVIVED', 'SURVIVED', 'SURVIVED', 'SURVIVED', 'SURVIVED', 'SURVIVED', 'SURVIVED', 'SURVIVED', 'SURVIVED', 'SURVIVED', 'SURVIVED', 'SURVIVED', 'SURVIVED', 'SURVIVED', 'SURVIVED', 'SURVIVED']","['KILLED', 'KILLED', 'SURVIVED', 'KILLED', 'KILLED', 'KILLED', 'KILLED', 'KILLED', 'SURVIVED', 'KILLED', 'KILLED', 'KILLED', 'KILLED', 'KILLED', 'KILLED', 'KILLED', 'SURVIVED', 'KILLED', 'SURVIVED', 'SURVIVED', 'KILLED', 'KILLED', 'SURVIVED', 'SURVIVED', 'SURVIVED', 'KILLED', 'KILLED', 'SURVIVED', 'KILLED', 'KILLED', 'SURVIVED', 'KILLED', 'SURVIVED', 'SURVIVED', 'SURVIVED', 'KILLED', 'SURVIVED', 'KILLED', 'SURVIVED', 'KILLED', 'SURVIVED', 'SURVIVED', 'KILLED', 'KILLED', 'KILLED', 'KILLED', 'SURVIVED', 'KILLED', 'KILLED', 'KILLED', 'SURVIVED', 'SURVIVED', 'SURVIVED', 'SURVIVED', 'KILLED', 'SURVIVED', 'SURVIVED', 'KILLED', 'SURVIVED', 'KILLED', 'KILLED', 'KILLED', 'KILLED', 'SURVIVED', 'SURVIVED', 'SURVIVED', 'KILLED', 'SURVIVED', 'KILLED', 'KILLED', 'KILLED', 'SURVIVED', 'SURVIVED', 'SURVIVED', 'KILLED', 'KILLED', 'SURVIVED', 'KILLED', 'SURVIVED', 'SURVIVED', 'SURVIVED', 'KILLED', 'SURVIVED', 'KILLED', 'KILLED', 'SURVIVED', 'SURVIVED', 'SURVIVED']","[0.362, 0.997, 0.138, 0.494, 0.756, 0.861, 0.153, 0.16, 0.68, 0.596, 0.385, 0.596, 0.468, 0.251, 0.553, 0.942, 0.68, 0.115, 0.885, 0.751, 0.769, 0.34, 0.294, 0.158, 0.003, 0.722, 0.72, 0.972, 0.762, 0.508, 0.106, 0.625, 0.842, 0.508, 0.199, 0.374, 0.162, 0.953, 0.922, 0.918, 0.599, 0.489, 0.112, 0.363, 0.985, 0.807, 0.239, 0.241, 0.567, 0.079, 0.732, 0.816, 0.978, 0.533, 0.126, 0.66, 0.947, 0.165, 0.528, 0.607, 0.964, 0.929, 0.755, 0.69, 0.713, 0.399, 0.672, 0.373, 0.9, 0.451, 0.248, 0.064, 0.021, 0.554, 0.588, 0.007, 0.708, 0.059, 0.067, 0.031, 0.33, 0.514, 0.278, 0.485, 0.539, 0.723, 0.882, 0.576]"
Csv_5,"['SURVIVED', 'SURVIVED', 'SURVIVED', 'SURVIVED', 'SURVIVED', 'SURVIVED', 'SURVIVED', 'SURVIVED', 'SURVIVED', 'SURVIVED', 'SURVIVED', 'SURVIVED', 'SURVIVED', 'SURVIVED', 'SURVIVED', 'SURVIVED', 'SURVIVED', 'SURVIVED', 'SURVIVED', 'SURVIVED', 'SURVIVED', 'SURVIVED', 'SURVIVED', 'SURVIVED', 'SURVIVED', 'SURVIVED', 'SURVIVED', 'SURVIVED', 'SURVIVED', 'SURVIVED', 'SURVIVED', 'SURVIVED', 'SURVIVED', 'SURVIVED', 'SURVIVED', 'SURVIVED', 'SURVIVED', 'SURVIVED', 'SURVIVED', 'SURVIVED', 'SURVIVED', 'SURVIVED', 'SURVIVED', 'SURVIVED', 'SURVIVED', 'SURVIVED', 'SURVIVED', 'SURVIVED', 'SURVIVED', 'SURVIVED', 'SURVIVED', 'SURVIVED', 'SURVIVED', 'SURVIVED', 'SURVIVED', 'SURVIVED', 'SURVIVED', 'SURVIVED', 'SURVIVED', 'SURVIVED', 'SURVIVED', 'SURVIVED', 'SURVIVED', 'SURVIVED', 'SURVIVED', 'SURVIVED', 'SURVIVED', 'SURVIVED', 'SURVIVED', 'SURVIVED', 'SURVIVED', 'SURVIVED', 'SURVIVED', 'SURVIVED', 'SURVIVED', 'SURVIVED', 'SURVIVED', 'SURVIVED', 'SURVIVED', 'SURVIVED', 'SURVIVED', 'SURVIVED', 'SURVIVED', 'SURVIVED', 'SURVIVED', 'SURVIVED', 'SURVIVED', 'SURVIVED', 'SURVIVED', 'SURVIVED', 'SURVIVED', 'SURVIVED', 'SURVIVED', 'SURVIVED', 'SURVIVED', 'SURVIVED', 'SURVIVED', 'SURVIVED', 'SURVIVED', 'SURVIVED', 'SURVIVED', 'SURVIVED', 'SURVIVED', 'SURVIVED', 'SURVIVED', 'SURVIVED', 'SURVIVED', 'SURVIVED', 'SURVIVED', 'SURVIVED', 'SURVIVED', 'SURVIVED', 'SURVIVED', 'SURVIVED', 'SURVIVED', 'SURVIVED', 'SURVIVED', 'SURVIVED', 'SURVIVED', 'SURVIVED', 'SURVIVED', 'SURVIVED', 'SURVIVED', 'SURVIVED', 'SURVIVED', 'SURVIVED', 'SURVIVED', 'SURVIVED', 'SURVIVED', 'SURVIVED', 'SURVIVED', 'SURVIVED', 'SURVIVED', 'SURVIVED', 'SURVIVED', 'SURVIVED', 'SURVIVED', 'SURVIVED', 'SURVIVED', 'SURVIVED', 'SURVIVED', 'SURVIVED', 'SURVIVED', 'SURVIVED', 'SURVIVED', 'SURVIVED']","['KILLED', 'SURVIVED', 'SURVIVED', 'KILLED', 'KILLED', 'KILLED', 'SURVIVED', 'SURVIVED', 'SURVIVED', 'SURVIVED', 'SURVIVED', 'KILLED', 'KILLED', 'KILLED', 'SURVIVED', 'SURVIVED', 'KILLED', 'KILLED', 'KILLED', 'KILLED', 'SURVIVED', 'KILLED', 'SURVIVED', 'KILLED', 'SURVIVED', 'SURVIVED', 'KILLED', 'KILLED', 'SURVIVED', 'KILLED', 'KILLED', 'KILLED', 'KILLED', 'KILLED', 'KILLED', 'SURVIVED', 'SURVIVED', 'SURVIVED', 'KILLED', 'SURVIVED', 'KILLED', 'KILLED', 'SURVIVED', 'KILLED', 'SURVIVED', 'SURVIVED', 'SURVIVED', 'SURVIVED', 'SURVIVED', 'SURVIVED', 'KILLED', 'KILLED', 'SURVIVED', 'KILLED', 'KILLED', 'KILLED', 'SURVIVED', 'KILLED', 'KILLED', 'SURVIVED', 'KILLED', 'KILLED', 'KILLED', 'KILLED', 'KILLED', 'KILLED', 'KILLED', 'SURVIVED', 'KILLED', 'KILLED', 'KILLED', 'KILLED', 'SURVIVED', 'SURVIVED', 'SURVIVED', 'KILLED', 'SURVIVED', 'KILLED', 'SURVIVED', 'SURVIVED', 'KILLED', 'SURVIVED', 'SURVIVED', 'SURVIVED', 'KILLED', 'KILLED', 'SURVIVED', 'KILLED', 'KILLED', 'KILLED', 'SURVIVED', 'KILLED', 'SURVIVED', 'KILLED', 'KILLED', 'SURVIVED', 'SURVIVED', 'KILLED', 'SURVIVED', 'SURVIVED', 'KILLED', 'SURVIVED', 'KILLED', 'KILLED', 'SURVIVED', 'KILLED', 'KILLED', 'KILLED', 'SURVIVED', 'SURVIVED', 'KILLED', 'SURVIVED', 'KILLED', 'SURVIVED', 'SURVIVED', 'SURVIVED', 'KILLED', 'KILLED', 'SURVIVED', 'SURVIVED', 'KILLED', 'KILLED', 'SURVIVED', 'KILLED', 'SURVIVED', 'KILLED', 'SURVIVED', 'SURVIVED', 'KILLED', 'KILLED', 'KILLED', 'KILLED', 'KILLED', 'SURVIVED', 'KILLED', 'SURVIVED', 'KILLED', 'KILLED', 'SURVIVED', 'SURVIVED', 'KILLED', 'SURVIVED', 'KILLED', 'KILLED', 'KILLED', 'SURVIVED']","[0.78, 0.884, 0.406, 0.621, 0.155, 0.93, 0.865, 0.976, 0.811, 0.881, 0.025, 0.737, 0.332, 0.931, 0.802, 0.864, 0.811, 0.267, 0.787, 0.108, 0.872, 0.859, 0.222, 0.817, 0.46, 0.305, 0.795, 0.228, 0.024, 0.193, 0.328, 0.864, 0.967, 0.279, 0.641, 0.4, 0.981, 0.536, 0.939, 0.115, 0.97, 0.179, 0.963, 0.265, 0.108, 0.435, 0.729, 0.314, 0.606, 0.511, 0.385, 0.577, 0.255, 0.709, 0.002, 0.926, 0.538, 0.719, 0.742, 0.671, 0.364, 0.07, 0.664, 0.33, 0.314, 0.848, 0.72, 0.3, 0.309, 0.408, 0.402, 0.296, 0.127, 0.42, 0.94, 0.677, 0.903, 0.616, 0.301, 0.548, 0.0, 0.287, 0.43, 0.58, 0.655, 0.465, 0.442, 0.214, 0.473, 0.901, 0.796, 0.17, 0.085, 0.515, 0.633, 0.335, 0.818, 0.751, 0.673, 0.225, 0.199, 0.024, 0.245, 0.475, 0.85, 0.073, 0.414, 0.63, 0.194, 0.696, 0.494, 0.244, 0.656, 0.006, 0.751, 0.77, 0.107, 0.425, 0.176, 0.958, 0.518, 0.05, 0.249, 0.848, 0.456, 0.801, 0.668, 0.988, 0.595, 0.95, 0.891, 0.613, 0.719, 0.505, 0.831, 0.548, 0.897, 0.744, 0.475, 0.259, 0.247, 0.638, 0.766, 0.521, 0.627, 0.275]"
Csv_5,"['KILLED', 'KILLED', 'KILLED', 'SURVIVED', 'SURVIVED', 'SURVIVED', 'SURVIVED', 'SURVIVED', 'SURVIVED', 'SURVIVED', 'SURVIVED', 'SURVIVED', 'SURVIVED', 'SURVIVED', 'SURVIVED', 'SURVIVED', 'SURVIVED', 'SURVIVED', 'SURVIVED', 'SURVIVED', 'SURVIVED', 'SURVIVED', 'SURVIVED', 'SURVIVED', 'SURVIVED', 'SURVIVED', 'SURVIVED', 'SURVIVED', 'SURVIVED', 'SURVIVED', 'SURVIVED', 'SURVIVED', 'SURVIVED', 'SURVIVED', 'SURVIVED', 'SURVIVED', 'SURVIVED', 'SURVIVED', 'SURVIVED', 'SURVIVED', 'SURVIVED', 'SURVIVED', 'SURVIVED', 'SURVIVED', 'SURVIVED', 'SURVIVED', 'SURVIVED', 'SURVIVED', 'SURVIVED', 'SURVIVED', 'SURVIVED', 'SURVIVED', 'SURVIVED', 'SURVIVED', 'SURVIVED', 'SURVIVED', 'SURVIVED', 'SURVIVED', 'SURVIVED', 'SURVIVED', 'SURVIVED', 'SURVIVED', 'SURVIVED', 'SURVIVED', 'SURVIVED', 'SURVIVED', 'SURVIVED', 'SURVIVED', 'SURVIVED', 'SURVIVED', 'SURVIVED', 'SURVIVED', 'SURVIVED', 'SURVIVED', 'SURVIVED', 'SURVIVED', 'SURVIVED', 'SURVIVED', 'SURVIVED', 'SURVIVED', 'SURVIVED', 'SURVIVED', 'SURVIVED', 'SURVIVED', 'SURVIVED', 'SURVIVED', 'SURVIVED', 'SURVIVED', 'SURVIVED', 'SURVIVED', 'SURVIVED', 'SURVIVED', 'SURVIVED', 'SURVIVED', 'SURVIVED', 'SURVIVED', 'SURVIVED', 'SURVIVED', 'SURVIVED', 'SURVIVED', 'SURVIVED', 'SURVIVED', 'SURVIVED', 'SURVIVED', 'SURVIVED', 'SURVIVED', 'SURVIVED', 'SURVIVED', 'SURVIVED', 'SURVIVED', 'SURVIVED', 'SURVIVED', 'SURVIVED', 'SURVIVED', 'SURVIVED', 'SURVIVED', 'SURVIVED', 'SURVIVED', 'SURVIVED', 'SURVIVED', 'SURVIVED', 'SURVIVED', 'SURVIVED', 'SURVIVED', 'SURVIVED', 'SURVIVED', 'SURVIVED', 'SURVIVED', 'SURVIVED', 'SURVIVED', 'SURVIVED', 'SURVIVED', 'SURVIVED', 'SURVIVED', 'SURVIVED', 'SURVIVED', 'SURVIVED', 'SURVIVED', 'SURVIVED', 'SURVIVED', 'SURVIVED', 'SURVIVED', 'SURVIVED', 'SURVIVED', 'SURVIVED', 'SURVIVED']","['KILLED', 'SURVIVED', 'KILLED', 'SURVIVED', 'SURVIVED', 'SURVIVED', 'KILLED', 'KILLED', 'KILLED', 'KILLED', 'SURVIVED', 'KILLED', 'KILLED', 'KILLED', 'SURVIVED', 'SURVIVED', 'SURVIVED', 'SURVIVED', 'SURVIVED', 'KILLED', 'KILLED', 'SURVIVED', 'SURVIVED', 'KILLED', 'SURVIVED', 'SURVIVED', 'KILLED', 'SURVIVED', 'SURVIVED', 'SURVIVED', 'SURVIVED', 'KILLED', 'SURVIVED', 'KILLED', 'SURVIVED', 'SURVIVED', 'SURVIVED', 'KILLED', 'SURVIVED', 'SURVIVED', 'SURVIVED', 'KILLED', 'SURVIVED', 'KILLED', 'KILLED', 'SURVIVED', 'KILLED', 'KILLED', 'SURVIVED', 'KILLED', 'SURVIVED', 'KILLED', 'KILLED', 'SURVIVED', 'SURVIVED', 'SURVIVED', 'KILLED', 'SURVIVED', 'SURVIVED', 'SURVIVED', 'SURVIVED', 'SURVIVED', 'SURVIVED', 'SURVIVED', 'KILLED', 'SURVIVED', 'KILLED', 'KILLED', 'SURVIVED', 'KILLED', 'KILLED', 'KILLED', 'KILLED', 'KILLED', 'KILLED', 'KILLED', 'KILLED', 'KILLED', 'KILLED', 'SURVIVED', 'KILLED', 'KILLED', 'SURVIVED', 'SURVIVED', 'SURVIVED', 'KILLED', 'KILLED', 'KILLED', 'SURVIVED', 'KILLED', 'KILLED', 'SURVIVED', 'SURVIVED', 'SURVIVED', 'KILLED', 'KILLED', 'KILLED', 'KILLED', 'SURVIVED', 'KILLED', 'KILLED', 'SURVIVED', 'SURVIVED', 'SURVIVED', 'KILLED', 'SURVIVED', 'KILLED', 'SURVIVED', 'SURVIVED', 'KILLED', 'SURVIVED', 'SURVIVED', 'SURVIVED', 'KILLED', 'SURVIVED', 'KILLED', 'SURVIVED', 'SURVIVED', 'SURVIVED', 'SURVIVED', 'SURVIVED', 'SURVIVED', 'KILLED', 'KILLED', 'SURVIVED', 'SURVIVED', 'KILLED', 'SURVIVED', 'SURVIVED', 'SURVIVED', 'KILLED', 'SURVIVED', 'SURVIVED', 'KILLED', 'SURVIVED', 'KILLED', 'SURVIVED', 'SURVIVED', 'SURVIVED', 'SURVIVED', 'SURVIVED', 'KILLED', 'KILLED', 'KILLED', 'KILLED', 'SURVIVED']","[0.489, 0.758, 0.691, 0.646, 0.491, 0.793, 0.093, 0.222, 0.692, 0.306, 0.582, 0.473, 0.531, 0.426, 0.746, 0.331, 0.703, 0.271, 0.251, 0.121, 0.193, 0.12, 0.536, 0.762, 0.185, 0.216, 0.484, 0.725, 0.977, 0.525, 0.283, 0.101, 0.194, 0.227, 0.179, 0.014, 0.534, 0.274, 0.974, 0.553, 0.697, 0.126, 0.868, 0.491, 0.873, 0.574, 0.469, 0.44, 0.184, 0.051, 0.941, 0.478, 0.822, 0.401, 0.074, 0.629, 0.054, 0.149, 0.563, 0.304, 0.994, 0.118, 0.764, 0.606, 0.791, 0.226, 0.523, 0.451, 0.443, 0.86, 0.99, 0.305, 0.621, 0.61, 0.74, 0.948, 0.208, 0.211, 0.66, 0.157, 0.174, 0.075, 0.003, 0.451, 0.594, 0.291, 0.231, 0.707, 0.703, 0.454, 0.687, 0.924, 0.788, 0.625, 0.661, 0.934, 0.425, 0.545, 0.648, 0.908, 0.827, 0.071, 0.166, 0.308, 0.749, 0.569, 0.289, 0.124, 0.689, 0.7, 0.943, 0.5, 0.494, 0.08, 0.04, 0.432, 0.322, 0.25, 0.091, 0.962, 0.836, 0.575, 0.951, 1.0, 0.672, 0.27, 0.04, 0.756, 0.471, 0.652, 0.916, 0.181, 0.585, 0.635, 0.492, 0.091, 0.348, 0.333, 0.67, 0.858, 0.33, 0.694, 0.288, 0.945, 0.814, 0.55]"
Csv_5,"['KILLED', 'KILLED', 'SURVIVED', 'SURVIVED', 'SURVIVED', 'SURVIVED', 'SURVIVED', 'SURVIVED', 'SURVIVED', 'SURVIVED', 'SURVIVED', 'SURVIVED', 'SURVIVED', 'SURVIVED', 'SURVIVED', 'SURVIVED', 'SURVIVED', 'SURVIVED', 'SURVIVED', 'SURVIVED', 'SURVIVED', 'SURVIVED', 'SURVIVED', 'SURVIVED', 'SURVIVED', 'SURVIVED', 'SURVIVED', 'SURVIVED', 'SURVIVED', 'SURVIVED', 'SURVIVED', 'SURVIVED', 'SURVIVED', 'SURVIVED', 'SURVIVED', 'SURVIVED', 'SURVIVED', 'SURVIVED', 'SURVIVED', 'SURVIVED', 'SURVIVED', 'SURVIVED', 'SURVIVED', 'SURVIVED', 'SURVIVED', 'SURVIVED', 'SURVIVED', 'SURVIVED', 'SURVIVED', 'SURVIVED', 'SURVIVED', 'SURVIVED', 'SURVIVED', 'SURVIVED', 'SURVIVED', 'SURVIVED', 'SURVIVED', 'SURVIVED', 'SURVIVED', 'SURVIVED', 'SURVIVED', 'SURVIVED', 'SURVIVED', 'SURVIVED', 'SURVIVED', 'SURVIVED', 'SURVIVED', 'SURVIVED', 'SURVIVED', 'SURVIVED', 'SURVIVED', 'SURVIVED', 'SURVIVED', 'SURVIVED', 'SURVIVED', 'SURVIVED', 'SURVIVED', 'SURVIVED', 'SURVIVED', 'SURVIVED', 'SURVIVED', 'SURVIVED', 'SURVIVED', 'SURVIVED', 'SURVIVED', 'SURVIVED', 'SURVIVED', 'SURVIVED', 'SURVIVED', 'SURVIVED', 'SURVIVED', 'SURVIVED', 'SURVIVED', 'SURVIVED', 'SURVIVED', 'SURVIVED', 'SURVIVED', 'SURVIVED', 'SURVIVED', 'SURVIVED', 'SURVIVED', 'SURVIVED', 'SURVIVED', 'SURVIVED', 'SURVIVED', 'SURVIVED', 'SURVIVED', 'SURVIVED', 'SURVIVED', 'SURVIVED', 'SURVIVED', 'SURVIVED', 'SURVIVED', 'SURVIVED', 'SURVIVED', 'SURVIVED', 'SURVIVED', 'SURVIVED', 'SURVIVED', 'SURVIVED', 'SURVIVED', 'SURVIVED', 'SURVIVED', 'SURVIVED', 'SURVIVED', 'SURVIVED', 'SURVIVED', 'SURVIVED', 'SURVIVED', 'SURVIVED', 'SURVIVED', 'SURVIVED', 'SURVIVED', 'SURVIVED', 'SURVIVED', 'SURVIVED', 'SURVIVED', 'SURVIVED', 'SURVIVED', 'SURVIVED', 'SURVIVED', 'SURVIVED', 'SURVIVED', 'SURVIVED', 'SURVIVED', 'SURVIVED']","['SURVIVED', 'KILLED', 'SURVIVED', 'SURVIVED', 'SURVIVED', 'KILLED', 'SURVIVED', 'KILLED', 'SURVIVED', 'SURVIVED', 'KILLED', 'KILLED', 'SURVIVED', 'SURVIVED', 'SURVIVED', 'KILLED', 'KILLED', 'SURVIVED', 'KILLED', 'SURVIVED', 'SURVIVED', 'SURVIVED', 'KILLED', 'KILLED', 'KILLED', 'KILLED', 'SURVIVED', 'KILLED', 'SURVIVED', 'KILLED', 'KILLED', 'KILLED', 'SURVIVED', 'KILLED', 'KILLED', 'SURVIVED', 'SURVIVED', 'SURVIVED', 'SURVIVED', 'SURVIVED', 'SURVIVED', 'KILLED', 'SURVIVED', 'KILLED', 'SURVIVED', 'KILLED', 'KILLED', 'KILLED', 'SURVIVED', 'SURVIVED', 'SURVIVED', 'SURVIVED', 'KILLED', 'SURVIVED', 'SURVIVED', 'SURVIVED', 'KILLED', 'SURVIVED', 'SURVIVED', 'SURVIVED', 'SURVIVED', 'SURVIVED', 'SURVIVED', 'SURVIVED', 'KILLED', 'KILLED', 'SURVIVED', 'KILLED', 'SURVIVED', 'KILLED', 'SURVIVED', 'SURVIVED', 'SURVIVED', 'SURVIVED', 'KILLED', 'SURVIVED', 'KILLED', 'KILLED', 'SURVIVED', 'KILLED', 'SURVIVED', 'KILLED', 'SURVIVED', 'KILLED', 'KILLED', 'SURVIVED', 'KILLED', 'KILLED', 'SURVIVED', 'SURVIVED', 'SURVIVED', 'SURVIVED', 'KILLED', 'SURVIVED', 'SURVIVED', 'SURVIVED', 'SURVIVED', 'KILLED', 'KILLED', 'KILLED', 'SURVIVED', 'KILLED', 'KILLED', 'SURVIVED', 'KILLED', 'KILLED', 'SURVIVED', 'KILLED', 'SURVIVED', 'KILLED', 'KILLED', 'SURVIVED', 'KILLED', 'SURVIVED', 'SURVIVED', 'SURVIVED', 'SURVIVED', 'KILLED', 'KILLED', 'SURVIVED', 'KILLED', 'KILLED', 'KILLED', 'KILLED', 'SURVIVED', 'KILLED', 'SURVIVED', 'KILLED', 'KILLED', 'SURVIVED', 'SURVIVED', 'SURVIVED', 'SURVIVED', 'KILLED', 'SURVIVED', 'SURVIVED', 'KILLED', 'KILLED', 'SURVIVED', 'SURVIVED', 'SURVIVED', 'SURVIVED', 'SURVIVED', 'SURVIVED', 'SURVIVED', 'KILLED']","[0.999, 0.853, 0.107, 0.381, 0.359, 0.296, 0.699, 0.022, 0.83, 0.396, 0.008, 0.865, 0.778, 0.974, 0.911, 0.745, 0.833, 0.903, 0.776, 0.23, 0.802, 0.219, 0.19, 0.251, 0.756, 0.767, 0.681, 0.137, 0.097, 0.627, 0.039, 0.789, 0.033, 0.365, 0.131, 0.91, 0.327, 0.416, 0.201, 0.787, 0.876, 0.366, 0.502, 0.273, 0.165, 0.914, 0.944, 0.967, 0.295, 0.87, 0.804, 0.468, 0.075, 0.754, 0.226, 0.676, 0.674, 0.397, 0.846, 0.557, 0.09, 0.395, 0.264, 0.124, 0.369, 0.749, 0.262, 0.381, 0.639, 0.371, 0.675, 0.471, 0.62, 0.943, 0.328, 0.61, 0.648, 0.635, 0.464, 0.701, 0.649, 0.117, 0.045, 0.037, 0.996, 0.116, 0.235, 0.538, 0.389, 0.371, 0.949, 0.696, 0.54, 0.587, 0.727, 0.885, 0.655, 0.834, 0.616, 0.939, 0.28, 0.69, 0.217, 0.445, 0.236, 0.363, 0.981, 0.367, 0.902, 0.645, 0.061, 0.276, 0.968, 0.949, 0.824, 0.092, 0.212, 0.639, 0.971, 0.051, 0.334, 0.989, 0.787, 0.205, 0.83, 0.554, 0.586, 0.813, 0.233, 0.774, 0.789, 0.596, 0.277, 0.984, 0.988, 0.54, 0.799, 0.11, 0.866, 0.132, 0.358, 0.788, 0.589, 0.016, 0.265, 0.127]"
Csv_5,"['KILLED', 'KILLED', 'KILLED', 'KILLED', 'KILLED', 'KILLED', 'KILLED', 'KILLED', 'KILLED', 'KILLED', 'KILLED', 'KILLED', 'KILLED', 'KILLED', 'KILLED', 'KILLED', 'KILLED', 'KILLED', 'KILLED', 'KILLED', 'KILLED', 'KILLED', 'KILLED', 'KILLED', 'KILLED', 'KILLED', 'KILLED', 'KILLED', 'KILLED', 'KILLED', 'KILLED', 'KILLED', 'KILLED', 'KILLED', 'KILLED', 'KILLED', 'KILLED', 'KILLED', 'KILLED', 'KILLED', 'KILLED', 'KILLED', 'KILLED', 'KILLED', 'KILLED', 'KILLED', 'KILLED', 'KILLED', 'KILLED', 'KILLED', 'KILLED', 'KILLED', 'KILLED', 'KILLED', 'KILLED', 'KILLED', 'KILLED', 'KILLED', 'KILLED', 'KILLED', 'KILLED', 'KILLED', 'KILLED', 'KILLED', 'KILLED', 'KILLED', 'KILLED', 'KILLED', 'KILLED', 'KILLED', 'KILLED', 'KILLED', 'KILLED', 'KILLED', 'KILLED', 'KILLED', 'KILLED', 'KILLED', 'KILLED', 'KILLED', 'KILLED', 'KILLED', 'KILLED', 'KILLED', 'KILLED', 'KILLED', 'KILLED', 'KILLED', 'KILLED', 'KILLED', 'KILLED', 'KILLED', 'KILLED', 'KILLED', 'KILLED', 'KILLED', 'KILLED', 'KILLED', 'KILLED', 'KILLED', 'KILLED', 'KILLED', 'KILLED', 'KILLED', 'KILLED', 'KILLED', 'KILLED', 'KILLED', 'KILLED', 'KILLED', 'KILLED', 'KILLED', 'KILLED', 'KILLED', 'KILLED', 'KILLED', 'KILLED', 'KILLED', 'KILLED', 'KILLED', 'KILLED', 'KILLED', 'KILLED', 'KILLED', 'KILLED', 'KILLED', 'KILLED', 'KILLED', 'KILLED', 'KILLED', 'KILLED', 'KILLED', 'KILLED', 'KILLED', 'KILLED', 'KILLED', 'KILLED', 'KILLED', 'KILLED', 'KILLED', 'KILLED', 'KILLED', 'KILLED', 'KILLED', 'KILLED', 'KILLED']","['SURVIVED', 'KILLED', 'KILLED', 'SURVIVED', 'SURVIVED', 'SURVIVED', 'KILLED', 'SURVIVED', 'KILLED', 'KILLED', 'SURVIVED', 'SURVIVED', 'KILLED', 'KILLED', 'SURVIVED', 'SURVIVED', 'SURVIVED', 'KILLED', 'SURVIVED', 'SURVIVED', 'KILLED', 'KILLED', 'SURVIVED', 'KILLED', 'KILLED', 'KILLED', 'SURVIVED', 'SURVIVED', 'SURVIVED', 'SURVIVED', 'SURVIVED', 'SURVIVED', 'KILLED', 'KILLED', 'KILLED', 'SURVIVED', 'SURVIVED', 'KILLED', 'SURVIVED', 'SURVIVED', 'SURVIVED', 'SURVIVED', 'SURVIVED', 'KILLED', 'SURVIVED', 'SURVIVED', 'SURVIVED', 'SURVIVED', 'SURVIVED', 'KILLED', 'SURVIVED', 'KILLED', 'KILLED', 'KILLED', 'KILLED', 'SURVIVED', 'KILLED', 'SURVIVED', 'KILLED', 'KILLED', 'SURVIVED', 'KILLED', 'SURVIVED', 'SURVIVED', 'SURVIVED', 'KILLED', 'SURVIVED', 'SURVIVED', 'SURVIVED', 'KILLED', 'KILLED', 'KILLED', 'SURVIVED', 'KILLED', 'KILLED', 'SURVIVED', 'SURVIVED', 'KILLED', 'SURVIVED', 'KILLED', 'SURVIVED', 'KILLED', 'SURVIVED', 'KILLED', 'KILLED', 'SURVIVED', 'SURVIVED', 'SURVIVED', 'SURVIVED', 'KILLED', 'KILLED', 'KILLED', 'SURVIVED', 'KILLED', 'KILLED', 'KILLED', 'KILLED', 'KILLED', 'SURVIVED', 'SURVIVED', 'SURVIVED', 'SURVIVED', 'KILLED', 'SURVIVED', 'SURVIVED', 'SURVIVED', 'KILLED', 'KILLED', 'KILLED', 'KILLED', 'KILLED', 'KILLED', 'SURVIVED', 'SURVIVED', 'SURVIVED', 'SURVIVED', 'SURVIVED', 'SURVIVED', 'SURVIVED', 'KILLED', 'KILLED', 'SURVIVED', 'SURVIVED', 'KILLED', 'SURVIVED', 'SURVIVED', 'SURVIVED', 'KILLED', 'KILLED', 'SURVIVED', 'KILLED', 'KILLED', 'KILLED', 'SURVIVED', 'KILLED', 'KILLED', 'SURVIVED', 'SURVIVED', 'SURVIVED', 'KILLED', 'KILLED', 'SURVIVED', 'SURVIVED', 'KILLED', 'KILLED', 'SURVIVED']","[0.533, 0.23, 0.559, 0.668, 0.354, 0.397, 0.742, 0.436, 0.46, 0.078, 0.313, 0.429, 0.404, 0.64, 0.29, 0.405, 0.966, 0.172, 0.948, 0.46, 0.69, 0.362, 0.437, 0.106, 0.436, 0.4, 0.079, 0.871, 0.746, 0.222, 0.779, 0.076, 0.633, 0.531, 0.194, 0.776, 0.351, 0.958, 0.645, 0.148, 0.103, 0.256, 0.173, 0.153, 0.759, 0.075, 0.951, 0.628, 0.464, 0.564, 0.579, 0.681, 0.882, 0.643, 0.987, 0.323, 0.971, 0.316, 0.44, 0.469, 0.631, 0.796, 0.591, 0.352, 0.074, 0.462, 0.038, 0.369, 0.287, 0.645, 0.977, 0.09, 0.594, 0.384, 0.58, 0.954, 0.739, 0.041, 0.909, 0.572, 0.188, 0.605, 0.501, 0.958, 0.451, 0.811, 0.837, 0.982, 0.084, 0.646, 0.039, 0.708, 0.991, 0.524, 0.61, 0.364, 0.918, 0.387, 0.774, 0.679, 0.052, 0.631, 0.335, 0.33, 0.558, 0.387, 0.252, 0.852, 0.964, 0.603, 0.15, 0.082, 0.664, 0.917, 0.31, 0.656, 0.662, 0.129, 0.709, 0.085, 0.559, 0.643, 0.328, 0.128, 0.703, 0.947, 0.997, 0.912, 0.093, 0.67, 0.508, 0.018, 0.309, 0.951, 0.342, 0.766, 0.192, 1.0, 0.155, 0.296, 0.788, 0.508, 0.54, 0.739, 0.527, 0.662]"
Csv_5,"['KILLED', 'KILLED', 'KILLED', 'KILLED', 'KILLED', 'KILLED', 'KILLED', 'KILLED', 'KILLED', 'KILLED', 'KILLED', 'KILLED', 'KILLED', 'KILLED', 'KILLED', 'KILLED', 'KILLED', 'KILLED', 'KILLED', 'KILLED', 'KILLED', 'KILLED', 'KILLED', 'KILLED', 'KILLED', 'KILLED', 'KILLED', 'KILLED', 'KILLED', 'KILLED', 'KILLED', 'KILLED', 'KILLED', 'KILLED', 'KILLED', 'KILLED', 'KILLED', 'KILLED', 'KILLED', 'KILLED', 'KILLED', 'KILLED', 'KILLED', 'KILLED', 'KILLED', 'KILLED', 'KILLED', 'KILLED', 'KILLED', 'KILLED', 'KILLED', 'KILLED', 'KILLED', 'KILLED', 'KILLED', 'KILLED', 'KILLED', 'KILLED', 'KILLED', 'KILLED', 'KILLED', 'KILLED', 'KILLED', 'KILLED', 'KILLED', 'KILLED', 'KILLED', 'KILLED', 'KILLED', 'KILLED', 'KILLED', 'KILLED', 'KILLED', 'KILLED', 'KILLED', 'KILLED', 'KILLED', 'KILLED', 'KILLED', 'KILLED', 'KILLED', 'KILLED', 'KILLED', 'KILLED', 'KILLED', 'KILLED', 'KILLED', 'KILLED', 'KILLED', 'KILLED', 'KILLED', 'KILLED', 'KILLED', 'KILLED', 'KILLED', 'KILLED', 'KILLED', 'KILLED', 'KILLED', 'KILLED', 'KILLED', 'KILLED', 'KILLED', 'KILLED', 'KILLED', 'KILLED', 'KILLED', 'KILLED', 'KILLED', 'KILLED', 'KILLED', 'KILLED', 'KILLED', 'KILLED', 'KILLED', 'KILLED', 'KILLED', 'KILLED', 'KILLED', 'KILLED', 'KILLED', 'KILLED', 'KILLED', 'KILLED', 'KILLED', 'KILLED', 'KILLED', 'KILLED', 'KILLED', 'KILLED', 'KILLED', 'KILLED', 'KILLED', 'KILLED', 'KILLED', 'KILLED', 'KILLED', 'KILLED', 'KILLED', 'KILLED', 'KILLED', 'KILLED', 'KILLED', 'KILLED', 'KILLED', 'KILLED']","['KILLED', 'SURVIVED', 'KILLED', 'KILLED', 'KILLED', 'KILLED', 'SURVIVED', 'KILLED', 'SURVIVED', 'SURVIVED', 'KILLED', 'SURVIVED', 'SURVIVED', 'SURVIVED', 'KILLED', 'KILLED', 'SURVIVED', 'SURVIVED', 'KILLED', 'SURVIVED', 'SURVIVED', 'SURVIVED', 'SURVIVED', 'SURVIVED', 'SURVIVED', 'KILLED', 'KILLED', 'KILLED', 'SURVIVED', 'KILLED', 'SURVIVED', 'SURVIVED', 'KILLED', 'KILLED', 'SURVIVED', 'KILLED', 'KILLED', 'SURVIVED', 'SURVIVED', 'KILLED', 'SURVIVED', 'KILLED', 'KILLED', 'SURVIVED', 'SURVIVED', 'KILLED', 'SURVIVED', 'KILLED', 'SURVIVED', 'SURVIVED', 'KILLED', 'SURVIVED', 'KILLED', 'SURVIVED', 'KILLED', 'KILLED', 'SURVIVED', 'KILLED', 'SURVIVED', 'KILLED', 'KILLED', 'KILLED', 'SURVIVED', 'SURVIVED', 'KILLED', 'SURVIVED', 'SURVIVED', 'KILLED', 'KILLED', 'KILLED', 'SURVIVED', 'KILLED', 'KILLED', 'SURVIVED', 'KILLED', 'SURVIVED', 'KILLED', 'SURVIVED', 'KILLED', 'KILLED', 'KILLED', 'SURVIVED', 'SURVIVED', 'KILLED', 'KILLED', 'SURVIVED', 'KILLED', 'KILLED', 'KILLED', 'SURVIVED', 'SURVIVED', 'KILLED', 'SURVIVED', 'KILLED', 'SURVIVED', 'KILLED', 'KILLED', 'SURVIVED', 'KILLED', 'KILLED', 'SURVIVED', 'SURVIVED', 'KILLED', 'SURVIVED', 'SURVIVED', 'SURVIVED', 'KILLED', 'SURVIVED', 'KILLED', 'SURVIVED', 'KILLED', 'KILLED', 'SURVIVED', 'KILLED', 'KILLED', 'SURVIVED', 'SURVIVED', 'KILLED', 'SURVIVED', 'SURVIVED', 'KILLED', 'KILLED', 'KILLED', 'SURVIVED', 'KILLED', 'SURVIVED', 'KILLED', 'KILLED', 'KILLED', 'KILLED', 'SURVIVED', 'SURVIVED', 'SURVIVED', 'SURVIVED', 'SURVIVED', 'KILLED', 'KILLED', 'SURVIVED', 'SURVIVED', 'KILLED', 'SURVIVED', 'SURVIVED', 'KILLED', 'SURVIVED', 'SURVIVED', 'SURVIVED']","[0.743, 0.895, 0.387, 0.974, 0.496, 0.498, 0.924, 0.519, 0.801, 0.727, 0.079, 0.602, 0.822, 0.545, 0.321, 0.08, 0.661, 0.306, 0.603, 0.426, 0.69, 0.352, 0.042, 0.87, 0.353, 0.998, 0.275, 0.98, 0.948, 0.075, 0.638, 0.363, 0.801, 0.679, 0.953, 0.143, 0.608, 0.781, 0.035, 0.067, 0.779, 0.366, 0.383, 0.567, 0.605, 0.679, 0.949, 0.372, 0.763, 0.574, 0.529, 0.398, 0.65, 0.25, 0.113, 0.736, 0.499, 0.387, 0.562, 0.262, 0.26, 0.446, 0.996, 0.286, 0.916, 0.491, 0.123, 0.853, 0.452, 0.899, 0.445, 0.088, 0.682, 0.846, 0.32, 0.347, 0.065, 0.542, 0.891, 0.851, 0.712, 0.927, 0.638, 0.794, 0.509, 0.121, 0.201, 0.139, 0.79, 0.026, 0.554, 0.369, 0.804, 0.552, 0.612, 0.086, 0.309, 1.0, 0.719, 0.526, 0.769, 0.823, 0.074, 0.972, 0.642, 0.45, 0.68, 0.345, 0.878, 0.78, 0.64, 0.182, 0.966, 0.433, 0.911, 0.055, 0.124, 0.153, 0.165, 0.323, 0.709, 0.346, 0.941, 0.895, 0.846, 0.251, 0.635, 0.551, 0.125, 0.303, 0.533, 0.503, 0.169, 0.942, 0.154, 0.659, 0.721, 0.605, 0.843, 0.564, 0.825, 0.028, 0.045, 0.641, 0.577, 0.651]"
Csv_5,"['KILLED', 'KILLED', 'SURVIVED', 'SURVIVED', 'SURVIVED', 'SURVIVED', 'SURVIVED', 'SURVIVED', 'SURVIVED', 'SURVIVED', 'SURVIVED', 'SURVIVED', 'SURVIVED', 'SURVIVED', 'SURVIVED', 'SURVIVED', 'SURVIVED', 'SURVIVED', 'SURVIVED', 'SURVIVED', 'SURVIVED', 'SURVIVED', 'SURVIVED', 'SURVIVED', 'SURVIVED', 'SURVIVED', 'SURVIVED', 'SURVIVED', 'SURVIVED', 'SURVIVED', 'SURVIVED', 'SURVIVED', 'SURVIVED', 'SURVIVED', 'SURVIVED', 'SURVIVED', 'SURVIVED', 'SURVIVED', 'SURVIVED', 'SURVIVED', 'SURVIVED', 'SURVIVED', 'SURVIVED', 'SURVIVED', 'SURVIVED', 'SURVIVED', 'SURVIVED', 'SURVIVED', 'SURVIVED', 'SURVIVED', 'SURVIVED', 'SURVIVED', 'SURVIVED', 'SURVIVED', 'SURVIVED', 'SURVIVED', 'SURVIVED', 'SURVIVED', 'SURVIVED', 'SURVIVED', 'SURVIVED', 'SURVIVED', 'SURVIVED', 'SURVIVED', 'SURVIVED', 'SURVIVED', 'SURVIVED', 'SURVIVED', 'SURVIVED', 'SURVIVED', 'SURVIVED', 'SURVIVED', 'SURVIVED', 'SURVIVED', 'SURVIVED', 'SURVIVED', 'SURVIVED', 'SURVIVED', 'SURVIVED', 'SURVIVED', 'SURVIVED', 'SURVIVED', 'SURVIVED', 'SURVIVED', 'SURVIVED', 'SURVIVED', 'SURVIVED', 'SURVIVED', 'SURVIVED', 'SURVIVED', 'SURVIVED', 'SURVIVED', 'SURVIVED', 'SURVIVED', 'SURVIVED', 'SURVIVED', 'SURVIVED', 'SURVIVED', 'SURVIVED', 'SURVIVED', 'SURVIVED', 'SURVIVED', 'SURVIVED', 'SURVIVED', 'SURVIVED', 'SURVIVED', 'SURVIVED', 'SURVIVED', 'SURVIVED', 'SURVIVED', 'SURVIVED', 'SURVIVED', 'SURVIVED', 'SURVIVED', 'SURVIVED', 'SURVIVED', 'SURVIVED', 'SURVIVED', 'SURVIVED', 'SURVIVED', 'SURVIVED', 'SURVIVED', 'SURVIVED', 'SURVIVED', 'SURVIVED', 'SURVIVED', 'SURVIVED', 'SURVIVED', 'SURVIVED', 'SURVIVED', 'SURVIVED', 'SURVIVED', 'SURVIVED', 'SURVIVED', 'SURVIVED', 'SURVIVED', 'SURVIVED', 'SURVIVED', 'SURVIVED', 'SURVIVED', 'SURVIVED', 'SURVIVED', 'SURVIVED', 'SURVIVED', 'SURVIVED', 'SURVIVED']","['SURVIVED', 'KILLED', 'SURVIVED', 'SURVIVED', 'SURVIVED', 'SURVIVED', 'KILLED', 'SURVIVED', 'SURVIVED', 'SURVIVED', 'KILLED', 'KILLED', 'KILLED', 'SURVIVED', 'SURVIVED', 'SURVIVED', 'SURVIVED', 'KILLED', 'SURVIVED', 'KILLED', 'SURVIVED', 'SURVIVED', 'SURVIVED', 'SURVIVED', 'KILLED', 'SURVIVED', 'KILLED', 'SURVIVED', 'KILLED', 'SURVIVED', 'KILLED', 'SURVIVED', 'SURVIVED', 'KILLED', 'KILLED', 'KILLED', 'KILLED', 'SURVIVED', 'SURVIVED', 'SURVIVED', 'KILLED', 'KILLED', 'SURVIVED', 'SURVIVED', 'KILLED', 'KILLED', 'SURVIVED', 'SURVIVED', 'SURVIVED', 'SURVIVED', 'SURVIVED', 'KILLED', 'KILLED', 'SURVIVED', 'SURVIVED', 'KILLED', 'KILLED', 'SURVIVED', 'KILLED', 'KILLED', 'SURVIVED', 'SURVIVED', 'SURVIVED', 'SURVIVED', 'KILLED', 'KILLED', 'SURVIVED', 'KILLED', 'SURVIVED', 'SURVIVED', 'SURVIVED', 'SURVIVED', 'KILLED', 'SURVIVED', 'KILLED', 'KILLED', 'SURVIVED', 'SURVIVED', 'KILLED', 'SURVIVED', 'SURVIVED', 'SURVIVED', 'KILLED', 'KILLED', 'KILLED', 'SURVIVED', 'SURVIVED', 'SURVIVED', 'SURVIVED', 'KILLED', 'KILLED', 'SURVIVED', 'KILLED', 'KILLED', 'KILLED', 'KILLED', 'SURVIVED', 'SURVIVED', 'SURVIVED', 'KILLED', 'KILLED', 'SURVIVED', 'SURVIVED', 'KILLED', 'SURVIVED', 'SURVIVED', 'SURVIVED', 'SURVIVED', 'SURVIVED', 'SURVIVED', 'KILLED', 'SURVIVED', 'SURVIVED', 'KILLED', 'SURVIVED', 'SURVIVED', 'KILLED', 'SURVIVED', 'SURVIVED', 'KILLED', 'KILLED', 'SURVIVED', 'KILLED', 'SURVIVED', 'KILLED', 'KILLED', 'KILLED', 'KILLED', 'KILLED', 'KILLED', 'SURVIVED', 'SURVIVED', 'SURVIVED', 'KILLED', 'SURVIVED', 'KILLED', 'SURVIVED', 'SURVIVED', 'KILLED', 'KILLED', 'KILLED', 'SURVIVED', 'SURVIVED', 'SURVIVED', 'SURVIVED', 'KILLED']","[0.46, 0.533, 0.546, 0.676, 0.868, 0.681, 0.804, 0.264, 0.484, 0.957, 0.279, 0.298, 0.941, 0.982, 0.771, 0.705, 0.69, 0.489, 0.48, 0.56, 0.934, 0.722, 0.288, 0.573, 0.543, 0.896, 0.395, 0.345, 0.773, 0.146, 0.042, 0.955, 0.079, 0.924, 0.656, 0.747, 0.214, 0.828, 0.271, 0.562, 0.272, 0.109, 0.741, 0.239, 0.051, 0.905, 0.226, 0.233, 0.1, 0.33, 0.472, 0.681, 0.137, 0.965, 0.978, 0.158, 0.653, 0.881, 0.476, 0.651, 0.756, 0.287, 0.285, 0.059, 0.769, 0.652, 0.232, 0.739, 0.85, 0.037, 0.921, 0.418, 0.838, 0.934, 0.036, 0.836, 0.788, 0.186, 0.749, 0.872, 0.289, 0.037, 0.298, 0.603, 0.928, 0.335, 0.454, 0.641, 0.524, 0.889, 0.134, 0.504, 0.273, 0.809, 0.331, 0.731, 0.648, 0.719, 0.014, 0.337, 0.295, 0.674, 0.193, 0.611, 0.639, 0.405, 0.428, 0.328, 0.401, 0.095, 0.982, 0.477, 0.936, 0.007, 0.384, 0.447, 0.267, 0.33, 0.582, 0.573, 0.262, 0.36, 0.236, 0.668, 0.465, 0.16, 0.686, 0.923, 0.888, 0.77, 0.69, 0.639, 0.941, 0.368, 0.221, 0.957, 0.478, 0.455, 0.989, 0.374, 0.702, 0.913, 0.757, 0.802, 0.826, 0.762]"
Csv_5,"['KILLED', 'KILLED', 'KILLED', 'KILLED', 'KILLED', 'KILLED', 'KILLED', 'KILLED', 'KILLED', 'KILLED', 'KILLED', 'KILLED', 'KILLED', 'KILLED', 'KILLED', 'KILLED', 'KILLED', 'KILLED', 'KILLED', 'KILLED', 'KILLED', 'KILLED', 'KILLED', 'KILLED', 'KILLED', 'KILLED', 'KILLED', 'KILLED', 'KILLED', 'KILLED', 'KILLED', 'KILLED', 'KILLED', 'KILLED', 'KILLED', 'KILLED', 'KILLED', 'KILLED', 'KILLED', 'KILLED', 'KILLED', 'KILLED', 'KILLED', 'KILLED', 'KILLED', 'KILLED', 'KILLED', 'KILLED', 'KILLED', 'KILLED', 'KILLED', 'KILLED', 'KILLED', 'KILLED', 'KILLED', 'KILLED', 'KILLED', 'KILLED', 'KILLED', 'KILLED', 'KILLED', 'KILLED', 'KILLED', 'KILLED', 'KILLED', 'KILLED', 'KILLED', 'KILLED', 'KILLED', 'KILLED', 'KILLED', 'KILLED', 'KILLED', 'KILLED', 'KILLED', 'KILLED', 'KILLED', 'KILLED', 'KILLED', 'KILLED', 'KILLED', 'KILLED', 'KILLED', 'KILLED', 'KILLED', 'KILLED', 'KILLED', 'KILLED', 'KILLED', 'KILLED', 'KILLED', 'KILLED', 'KILLED', 'KILLED', 'KILLED', 'KILLED', 'KILLED', 'KILLED', 'KILLED', 'KILLED', 'KILLED', 'KILLED', 'KILLED', 'KILLED', 'KILLED', 'KILLED', 'KILLED', 'KILLED', 'KILLED', 'KILLED', 'KILLED', 'KILLED', 'KILLED', 'KILLED', 'KILLED', 'KILLED', 'KILLED', 'KILLED', 'KILLED', 'KILLED', 'KILLED', 'KILLED', 'KILLED', 'KILLED', 'KILLED', 'KILLED', 'KILLED', 'KILLED', 'KILLED', 'KILLED', 'KILLED', 'KILLED', 'KILLED', 'KILLED', 'KILLED', 'KILLED', 'KILLED', 'KILLED', 'KILLED', 'KILLED', 'KILLED', 'KILLED', 'KILLED', 'KILLED', 'KILLED', 'KILLED']","['KILLED', 'SURVIVED', 'SURVIVED', 'KILLED', 'KILLED', 'KILLED', 'KILLED', 'KILLED', 'KILLED', 'SURVIVED', 'SURVIVED', 'KILLED', 'KILLED', 'SURVIVED', 'KILLED', 'SURVIVED', 'KILLED', 'SURVIVED', 'KILLED', 'SURVIVED', 'SURVIVED', 'KILLED', 'SURVIVED', 'SURVIVED', 'KILLED', 'SURVIVED', 'SURVIVED', 'KILLED', 'KILLED', 'KILLED', 'KILLED', 'SURVIVED', 'SURVIVED', 'KILLED', 'KILLED', 'KILLED', 'SURVIVED', 'KILLED', 'SURVIVED', 'SURVIVED', 'KILLED', 'KILLED', 'SURVIVED', 'SURVIVED', 'SURVIVED', 'SURVIVED', 'SURVIVED', 'SURVIVED', 'KILLED', 'KILLED', 'SURVIVED', 'KILLED', 'KILLED', 'SURVIVED', 'KILLED', 'KILLED', 'KILLED', 'KILLED', 'SURVIVED', 'SURVIVED', 'SURVIVED', 'SURVIVED', 'KILLED', 'KILLED', 'SURVIVED', 'SURVIVED', 'KILLED', 'SURVIVED', 'KILLED', 'KILLED', 'KILLED', 'SURVIVED', 'KILLED', 'KILLED', 'KILLED', 'KILLED', 'KILLED', 'KILLED', 'SURVIVED', 'KILLED', 'KILLED', 'KILLED', 'SURVIVED', 'SURVIVED', 'KILLED', 'KILLED', 'KILLED', 'KILLED', 'SURVIVED', 'KILLED', 'SURVIVED', 'SURVIVED', 'KILLED', 'SURVIVED', 'KILLED', 'KILLED', 'SURVIVED', 'SURVIVED', 'SURVIVED', 'KILLED', 'KILLED', 'SURVIVED', 'SURVIVED', 'KILLED', 'SURVIVED', 'SURVIVED', 'SURVIVED', 'SURVIVED', 'SURVIVED', 'KILLED', 'SURVIVED', 'SURVIVED', 'KILLED', 'SURVIVED', 'KILLED', 'KILLED', 'SURVIVED', 'KILLED', 'SURVIVED', 'KILLED', 'SURVIVED', 'SURVIVED', 'KILLED', 'SURVIVED', 'KILLED', 'SURVIVED', 'KILLED', 'SURVIVED', 'KILLED', 'SURVIVED', 'SURVIVED', 'KILLED', 'KILLED', 'KILLED', 'SURVIVED', 'SURVIVED', 'KILLED', 'KILLED', 'KILLED', 'KILLED', 'SURVIVED', 'KILLED', 'SURVIVED', 'SURVIVED', 'KILLED', 'KILLED']","[0.937, 0.962, 0.117, 1.0, 0.479, 0.243, 0.604, 0.205, 0.915, 0.552, 0.776, 0.381, 0.534, 0.359, 0.262, 0.513, 0.497, 0.099, 0.981, 0.469, 0.84, 0.914, 0.371, 0.414, 0.563, 0.221, 0.146, 0.261, 0.935, 0.579, 0.418, 0.152, 0.33, 0.38, 0.833, 0.499, 0.655, 0.685, 0.257, 0.822, 0.967, 0.642, 0.491, 0.168, 0.795, 0.169, 0.72, 0.488, 0.917, 0.542, 0.642, 0.059, 0.034, 0.847, 0.945, 0.668, 0.764, 0.412, 0.843, 0.231, 0.707, 0.009, 0.506, 0.373, 0.618, 0.667, 0.617, 0.483, 0.488, 0.007, 0.552, 0.012, 0.529, 0.275, 0.977, 0.017, 0.813, 0.674, 0.806, 0.91, 0.107, 0.096, 0.149, 0.192, 0.526, 0.815, 0.267, 0.397, 0.373, 0.406, 0.565, 0.99, 0.226, 0.684, 0.848, 0.654, 0.858, 0.76, 0.094, 0.379, 0.553, 0.056, 0.009, 0.171, 0.5, 0.434, 0.784, 0.566, 0.858, 0.095, 0.528, 0.043, 0.211, 0.868, 0.888, 0.476, 0.047, 0.074, 0.926, 0.899, 0.564, 0.033, 0.929, 0.314, 0.961, 0.587, 0.752, 0.713, 0.398, 0.077, 0.162, 0.24, 0.835, 0.389, 0.897, 0.332, 0.756, 0.14, 0.988, 0.724, 0.501, 0.974, 0.054, 0.437, 0.839, 0.341]"
Csv_5,"['KILLED', 'KILLED', 'KILLED', 'KILLED', 'KILLED', 'KILLED', 'KILLED', 'KILLED', 'KILLED', 'KILLED', 'KILLED', 'KILLED', 'KILLED', 'KILLED', 'KILLED', 'KILLED', 'KILLED', 'KILLED', 'KILLED', 'KILLED', 'KILLED', 'KILLED', 'KILLED', 'KILLED', 'KILLED', 'KILLED', 'KILLED', 'KILLED', 'KILLED', 'KILLED', 'KILLED', 'KILLED', 'KILLED', 'KILLED', 'KILLED', 'KILLED', 'KILLED', 'KILLED', 'KILLED', 'KILLED', 'KILLED', 'KILLED', 'KILLED', 'KILLED', 'KILLED', 'KILLED', 'KILLED', 'KILLED', 'KILLED', 'KILLED', 'KILLED', 'KILLED', 'KILLED', 'KILLED', 'KILLED', 'KILLED', 'KILLED', 'KILLED', 'KILLED', 'KILLED', 'KILLED', 'KILLED', 'KILLED', 'KILLED', 'KILLED', 'KILLED', 'KILLED', 'KILLED', 'KILLED', 'KILLED', 'KILLED', 'KILLED', 'KILLED', 'KILLED', 'KILLED', 'KILLED', 'KILLED', 'KILLED', 'KILLED', 'KILLED', 'KILLED', 'KILLED', 'KILLED', 'KILLED', 'KILLED', 'KILLED', 'KILLED', 'KILLED', 'KILLED', 'KILLED', 'KILLED', 'KILLED', 'KILLED', 'KILLED', 'KILLED', 'KILLED', 'KILLED', 'KILLED', 'KILLED', 'KILLED', 'KILLED', 'KILLED', 'KILLED', 'KILLED', 'KILLED', 'KILLED', 'KILLED', 'KILLED', 'KILLED', 'KILLED', 'KILLED', 'KILLED', 'KILLED', 'KILLED', 'KILLED', 'KILLED', 'KILLED', 'KILLED', 'KILLED', 'KILLED', 'KILLED', 'KILLED', 'KILLED', 'KILLED', 'KILLED', 'KILLED', 'KILLED', 'KILLED', 'KILLED', 'KILLED', 'KILLED', 'KILLED', 'KILLED', 'KILLED', 'KILLED', 'KILLED', 'KILLED', 'KILLED', 'KILLED', 'KILLED', 'KILLED', 'KILLED', 'KILLED', 'KILLED', 'KILLED', 'KILLED']","['SURVIVED', 'SURVIVED', 'KILLED', 'SURVIVED', 'SURVIVED', 'SURVIVED', 'KILLED', 'SURVIVED', 'SURVIVED', 'SURVIVED', 'KILLED', 'SURVIVED', 'KILLED', 'SURVIVED', 'KILLED', 'KILLED', 'KILLED', 'SURVIVED', 'KILLED', 'SURVIVED', 'KILLED', 'SURVIVED', 'SURVIVED', 'SURVIVED', 'KILLED', 'KILLED', 'KILLED', 'SURVIVED', 'SURVIVED', 'SURVIVED', 'SURVIVED', 'KILLED', 'KILLED', 'KILLED', 'KILLED', 'SURVIVED', 'SURVIVED', 'SURVIVED', 'KILLED', 'KILLED', 'KILLED', 'SURVIVED', 'KILLED', 'SURVIVED', 'SURVIVED', 'KILLED', 'SURVIVED', 'SURVIVED', 'SURVIVED', 'KILLED', 'KILLED', 'KILLED', 'SURVIVED', 'KILLED', 'KILLED', 'SURVIVED', 'SURVIVED', 'SURVIVED', 'SURVIVED', 'KILLED', 'KILLED', 'KILLED', 'SURVIVED', 'SURVIVED', 'SURVIVED', 'SURVIVED', 'SURVIVED', 'KILLED', 'SURVIVED', 'SURVIVED', 'KILLED', 'SURVIVED', 'KILLED', 'SURVIVED', 'KILLED', 'KILLED', 'SURVIVED', 'KILLED', 'SURVIVED', 'SURVIVED', 'SURVIVED', 'SURVIVED', 'SURVIVED', 'SURVIVED', 'SURVIVED', 'KILLED', 'SURVIVED', 'SURVIVED', 'KILLED', 'SURVIVED', 'SURVIVED', 'KILLED', 'SURVIVED', 'SURVIVED', 'SURVIVED', 'SURVIVED', 'KILLED', 'SURVIVED', 'SURVIVED', 'SURVIVED', 'SURVIVED', 'SURVIVED', 'KILLED', 'KILLED', 'KILLED', 'KILLED', 'SURVIVED', 'KILLED', 'SURVIVED', 'SURVIVED', 'KILLED', 'SURVIVED', 'SURVIVED', 'KILLED', 'SURVIVED', 'KILLED', 'SURVIVED', 'KILLED', 'SURVIVED', 'SURVIVED', 'KILLED', 'SURVIVED', 'SURVIVED', 'SURVIVED', 'SURVIVED', 'KILLED', 'SURVIVED', 'KILLED', 'KILLED', 'KILLED', 'SURVIVED', 'KILLED', 'KILLED', 'SURVIVED', 'SURVIVED', 'SURVIVED', 'KILLED', 'KILLED', 'KILLED', 'SURVIVED', 'KILLED', 'KILLED', 'SURVIVED', 'SURVIVED', 'SURVIVED', 'SURVIVED']","[0.772, 0.589, 0.5, 0.345, 0.025, 0.105, 0.416, 0.962, 0.116, 0.941, 0.142, 0.312, 0.455, 0.207, 0.483, 0.476, 0.438, 0.697, 0.319, 0.3, 0.81, 0.115, 0.849, 0.648, 0.677, 0.164, 0.984, 0.244, 0.174, 0.16, 0.56, 0.958, 0.232, 0.405, 0.184, 0.64, 0.432, 0.029, 0.614, 0.197, 0.592, 0.389, 0.705, 0.206, 0.752, 0.809, 0.063, 0.102, 0.872, 0.187, 0.326, 0.458, 0.262, 0.863, 0.528, 0.639, 0.597, 0.611, 0.587, 0.348, 0.846, 0.617, 0.814, 0.706, 0.297, 0.614, 0.085, 0.134, 0.118, 0.305, 0.183, 0.693, 0.511, 0.418, 0.138, 0.384, 0.186, 0.636, 0.693, 0.645, 1.0, 0.555, 0.49, 0.14, 0.315, 0.451, 0.054, 0.359, 0.01, 0.137, 0.815, 0.964, 0.505, 0.495, 0.685, 0.416, 0.84, 0.489, 0.083, 0.031, 0.761, 0.292, 0.275, 0.538, 0.168, 0.457, 0.743, 0.766, 0.55, 0.113, 0.114, 0.775, 0.823, 0.367, 0.823, 0.042, 0.719, 0.546, 0.99, 0.102, 0.83, 0.751, 0.298, 0.999, 0.45, 0.349, 0.817, 0.439, 0.994, 0.776, 0.237, 0.811, 0.588, 0.351, 0.711, 0.633, 0.166, 0.139, 0.207, 0.207, 0.059, 0.351, 0.281, 0.539, 0.324, 0.704]"
Csv_5,"['KILLED', 'KILLED', 'KILLED', 'SURVIVED', 'SURVIVED', 'SURVIVED', 'SURVIVED', 'SURVIVED', 'SURVIVED', 'SURVIVED', 'SURVIVED', 'SURVIVED', 'SURVIVED', 'SURVIVED', 'SURVIVED', 'SURVIVED', 'SURVIVED', 'SURVIVED', 'SURVIVED', 'SURVIVED', 'SURVIVED', 'SURVIVED', 'SURVIVED', 'SURVIVED', 'SURVIVED', 'SURVIVED', 'SURVIVED', 'SURVIVED', 'SURVIVED', 'SURVIVED', 'SURVIVED', 'SURVIVED', 'SURVIVED', 'SURVIVED', 'SURVIVED', 'SURVIVED', 'SURVIVED', 'SURVIVED', 'SURVIVED', 'SURVIVED', 'SURVIVED', 'SURVIVED', 'SURVIVED', 'SURVIVED', 'SURVIVED', 'SURVIVED', 'SURVIVED', 'SURVIVED', 'SURVIVED', 'SURVIVED', 'SURVIVED', 'SURVIVED', 'SURVIVED', 'SURVIVED', 'SURVIVED', 'SURVIVED', 'SURVIVED', 'SURVIVED', 'SURVIVED', 'SURVIVED', 'SURVIVED', 'SURVIVED', 'SURVIVED', 'SURVIVED', 'SURVIVED', 'SURVIVED', 'SURVIVED', 'SURVIVED', 'SURVIVED', 'SURVIVED', 'SURVIVED', 'SURVIVED', 'SURVIVED', 'SURVIVED', 'SURVIVED', 'SURVIVED', 'SURVIVED', 'SURVIVED', 'SURVIVED', 'SURVIVED', 'SURVIVED', 'SURVIVED', 'SURVIVED', 'SURVIVED', 'SURVIVED', 'SURVIVED', 'SURVIVED', 'SURVIVED', 'SURVIVED', 'SURVIVED', 'SURVIVED', 'SURVIVED', 'SURVIVED', 'SURVIVED', 'SURVIVED', 'SURVIVED', 'SURVIVED', 'SURVIVED', 'SURVIVED', 'SURVIVED', 'SURVIVED', 'SURVIVED', 'SURVIVED', 'SURVIVED', 'SURVIVED', 'SURVIVED', 'SURVIVED', 'SURVIVED', 'SURVIVED', 'SURVIVED', 'SURVIVED', 'SURVIVED', 'SURVIVED', 'SURVIVED', 'SURVIVED', 'SURVIVED', 'SURVIVED', 'SURVIVED', 'SURVIVED', 'SURVIVED', 'SURVIVED', 'SURVIVED', 'SURVIVED', 'SURVIVED', 'SURVIVED', 'SURVIVED', 'SURVIVED', 'SURVIVED', 'SURVIVED', 'SURVIVED', 'SURVIVED', 'SURVIVED', 'SURVIVED', 'SURVIVED', 'SURVIVED', 'SURVIVED', 'SURVIVED', 'SURVIVED', 'SURVIVED', 'SURVIVED', 'SURVIVED', 'SURVIVED', 'SURVIVED', 'SURVIVED', 'SURVIVED', 'SURVIVED']","['SURVIVED', 'SURVIVED', 'KILLED', 'KILLED', 'SURVIVED', 'KILLED', 'SURVIVED', 'KILLED', 'KILLED', 'KILLED', 'KILLED', 'SURVIVED', 'KILLED', 'SURVIVED', 'SURVIVED', 'KILLED', 'SURVIVED', 'SURVIVED', 'SURVIVED', 'SURVIVED', 'KILLED', 'KILLED', 'SURVIVED', 'SURVIVED', 'SURVIVED', 'SURVIVED', 'SURVIVED', 'SURVIVED', 'KILLED', 'KILLED', 'SURVIVED', 'SURVIVED', 'KILLED', 'SURVIVED', 'KILLED', 'SURVIVED', 'KILLED', 'SURVIVED', 'SURVIVED', 'SURVIVED', 'SURVIVED', 'SURVIVED', 'KILLED', 'SURVIVED', 'SURVIVED', 'KILLED', 'KILLED', 'KILLED', 'SURVIVED', 'KILLED', 'KILLED', 'KILLED', 'SURVIVED', 'SURVIVED', 'KILLED', 'SURVIVED', 'KILLED', 'KILLED', 'SURVIVED', 'KILLED', 'SURVIVED', 'KILLED', 'SURVIVED', 'SURVIVED', 'KILLED', 'SURVIVED', 'KILLED', 'KILLED', 'SURVIVED', 'SURVIVED', 'KILLED', 'SURVIVED', 'KILLED', 'KILLED', 'KILLED', 'KILLED', 'SURVIVED', 'KILLED', 'KILLED', 'KILLED', 'SURVIVED', 'KILLED', 'KILLED', 'SURVIVED', 'KILLED', 'SURVIVED', 'KILLED', 'SURVIVED', 'KILLED', 'KILLED', 'SURVIVED', 'KILLED', 'KILLED', 'KILLED', 'SURVIVED', 'SURVIVED', 'SURVIVED', 'KILLED', 'SURVIVED', 'KILLED', 'KILLED', 'KILLED', 'KILLED', 'KILLED', 'SURVIVED', 'SURVIVED', 'KILLED', 'KILLED', 'SURVIVED', 'SURVIVED', 'KILLED', 'KILLED', 'KILLED', 'KILLED', 'KILLED', 'SURVIVED', 'SURVIVED', 'SURVIVED', 'SURVIVED', 'KILLED', 'KILLED', 'SURVIVED', 'KILLED', 'KILLED', 'SURVIVED', 'KILLED', 'SURVIVED', 'KILLED', 'KILLED', 'SURVIVED', 'SURVIVED', 'KILLED', 'KILLED', 'SURVIVED', 'SURVIVED', 'KILLED', 'KILLED', 'SURVIVED', 'KILLED', 'KILLED', 'SURVIVED', 'SURVIVED', 'KILLED', 'SURVIVED', 'SURVIVED', 'SURVIVED']","[0.546, 0.173, 0.471, 0.987, 0.073, 0.587, 0.014, 0.216, 0.923, 0.949, 0.398, 0.286, 0.713, 0.767, 0.424, 0.402, 0.641, 0.538, 0.153, 0.084, 0.079, 0.921, 0.974, 0.155, 0.327, 0.586, 0.763, 0.65, 0.643, 0.31, 0.437, 0.953, 0.239, 0.244, 0.925, 0.116, 0.612, 0.055, 0.666, 0.658, 0.176, 0.013, 0.137, 0.011, 0.496, 0.347, 0.517, 0.823, 0.259, 0.372, 0.75, 0.873, 0.733, 0.118, 0.9, 0.335, 0.429, 0.524, 0.263, 0.975, 0.628, 0.496, 0.511, 0.055, 0.859, 0.167, 0.157, 0.773, 0.894, 0.674, 0.115, 0.741, 0.003, 0.859, 0.012, 0.046, 0.364, 0.92, 0.179, 0.96, 0.035, 0.803, 0.714, 0.656, 0.225, 0.248, 0.916, 0.32, 0.826, 0.572, 0.119, 0.673, 0.053, 0.223, 0.516, 0.046, 0.401, 0.877, 0.866, 0.774, 0.311, 0.086, 0.457, 0.369, 0.292, 0.785, 0.74, 0.243, 0.368, 0.972, 0.998, 0.776, 0.732, 0.547, 0.796, 0.151, 0.932, 0.024, 0.542, 0.636, 0.693, 0.01, 0.335, 0.759, 0.376, 0.738, 0.308, 0.205, 0.983, 0.42, 0.961, 0.973, 0.142, 0.28, 0.044, 0.231, 0.846, 0.413, 0.896, 0.458, 0.748, 0.581, 0.505, 0.637, 0.394, 0.592]"
Csv_5,"['KILLED', 'KILLED', 'KILLED', 'KILLED', 'KILLED', 'KILLED', 'KILLED', 'KILLED', 'KILLED', 'KILLED', 'KILLED', 'KILLED', 'KILLED', 'KILLED', 'KILLED', 'KILLED', 'KILLED', 'KILLED', 'KILLED', 'KILLED', 'KILLED', 'KILLED', 'KILLED', 'KILLED', 'KILLED', 'KILLED', 'KILLED', 'KILLED', 'KILLED', 'KILLED', 'KILLED', 'KILLED', 'KILLED', 'KILLED', 'KILLED', 'KILLED', 'KILLED', 'KILLED', 'KILLED', 'KILLED', 'KILLED', 'KILLED', 'KILLED', 'KILLED', 'KILLED', 'KILLED', 'KILLED', 'KILLED', 'KILLED', 'KILLED', 'KILLED', 'KILLED', 'KILLED', 'KILLED', 'KILLED', 'KILLED', 'KILLED', 'KILLED', 'KILLED', 'KILLED', 'KILLED', 'KILLED', 'KILLED', 'KILLED', 'KILLED', 'KILLED', 'KILLED', 'KILLED', 'KILLED', 'KILLED', 'KILLED', 'KILLED', 'KILLED', 'KILLED', 'KILLED', 'KILLED', 'KILLED', 'KILLED', 'KILLED', 'KILLED', 'KILLED', 'KILLED', 'KILLED', 'KILLED', 'KILLED', 'KILLED', 'KILLED', 'KILLED', 'KILLED', 'KILLED', 'KILLED', 'KILLED', 'KILLED', 'KILLED', 'KILLED', 'KILLED', 'KILLED', 'KILLED', 'KILLED', 'KILLED', 'KILLED', 'KILLED', 'KILLED', 'KILLED', 'KILLED', 'KILLED', 'KILLED', 'KILLED', 'KILLED', 'KILLED', 'KILLED', 'KILLED', 'KILLED', 'KILLED', 'KILLED', 'KILLED', 'KILLED', 'KILLED', 'KILLED', 'KILLED', 'KILLED', 'KILLED', 'KILLED', 'KILLED', 'KILLED', 'KILLED', 'KILLED', 'KILLED', 'KILLED', 'KILLED', 'KILLED', 'KILLED', 'KILLED', 'KILLED', 'KILLED', 'KILLED', 'KILLED', 'KILLED', 'KILLED', 'KILLED', 'KILLED', 'KILLED', 'KILLED', 'KILLED', 'KILLED', 'KILLED']","['KILLED', 'SURVIVED', 'KILLED', 'KILLED', 'SURVIVED', 'SURVIVED', 'SURVIVED', 'SURVIVED', 'SURVIVED', 'SURVIVED', 'SURVIVED', 'SURVIVED', 'KILLED', 'KILLED', 'KILLED', 'KILLED', 'KILLED', 'KILLED', 'KILLED', 'KILLED', 'SURVIVED', 'SURVIVED', 'SURVIVED', 'SURVIVED', 'KILLED', 'SURVIVED', 'KILLED', 'SURVIVED', 'SURVIVED', 'SURVIVED', 'SURVIVED', 'KILLED', 'KILLED', 'KILLED', 'SURVIVED', 'KILLED', 'KILLED', 'SURVIVED', 'KILLED', 'KILLED', 'KILLED', 'SURVIVED', 'SURVIVED', 'KILLED', 'SURVIVED', 'SURVIVED', 'KILLED', 'KILLED', 'SURVIVED', 'SURVIVED', 'KILLED', 'KILLED', 'SURVIVED', 'KILLED', 'KILLED', 'KILLED', 'KILLED', 'KILLED', 'KILLED', 'KILLED', 'KILLED', 'SURVIVED', 'SURVIVED', 'KILLED', 'SURVIVED', 'KILLED', 'KILLED', 'KILLED', 'KILLED', 'SURVIVED', 'KILLED', 'KILLED', 'SURVIVED', 'KILLED', 'KILLED', 'SURVIVED', 'KILLED', 'KILLED', 'SURVIVED', 'SURVIVED', 'SURVIVED', 'KILLED', 'SURVIVED', 'SURVIVED', 'KILLED', 'SURVIVED', 'KILLED', 'KILLED', 'SURVIVED', 'SURVIVED', 'SURVIVED', 'KILLED', 'KILLED', 'KILLED', 'SURVIVED', 'SURVIVED', 'SURVIVED', 'SURVIVED', 'KILLED', 'KILLED', 'SURVIVED', 'SURVIVED', 'KILLED', 'SURVIVED', 'KILLED', 'KILLED', 'KILLED', 'SURVIVED', 'SURVIVED', 'SURVIVED', 'SURVIVED', 'SURVIVED', 'SURVIVED', 'SURVIVED', 'SURVIVED', 'KILLED', 'KILLED', 'SURVIVED', 'KILLED', 'KILLED', 'SURVIVED', 'KILLED', 'SURVIVED', 'SURVIVED', 'KILLED', 'KILLED', 'KILLED', 'KILLED', 'KILLED', 'SURVIVED', 'KILLED', 'KILLED', 'SURVIVED', 'SURVIVED', 'KILLED', 'KILLED', 'KILLED', 'SURVIVED', 'SURVIVED', 'KILLED', 'SURVIVED', 'KILLED', 'KILLED', 'SURVIVED', 'SURVIVED', 'KILLED']","[0.49, 0.09, 0.233, 0.219, 0.526, 0.001, 0.918, 0.201, 0.13, 0.717, 0.919, 0.844, 0.324, 0.022, 0.587, 0.917, 0.774, 0.846, 0.861, 0.961, 0.374, 0.942, 0.396, 0.101, 0.302, 0.136, 0.158, 0.949, 0.792, 0.961, 0.649, 0.174, 0.969, 0.694, 0.929, 0.787, 0.223, 0.589, 0.175, 0.307, 0.688, 0.127, 0.729, 0.949, 0.949, 0.392, 0.994, 0.965, 0.032, 0.602, 0.921, 0.968, 0.221, 0.566, 0.937, 0.141, 0.745, 0.238, 0.982, 0.168, 0.885, 0.089, 0.709, 0.639, 0.887, 0.447, 0.265, 0.25, 0.068, 0.257, 0.108, 0.001, 0.386, 0.733, 0.969, 0.885, 0.493, 0.379, 0.546, 0.101, 0.479, 0.864, 0.651, 0.687, 0.163, 0.074, 0.846, 0.295, 0.319, 0.952, 0.074, 0.17, 0.375, 0.732, 0.547, 0.898, 0.093, 0.594, 0.614, 0.483, 0.031, 0.942, 0.165, 0.89, 0.157, 0.101, 0.206, 0.19, 0.697, 0.722, 0.73, 0.265, 0.282, 0.238, 0.05, 0.572, 0.84, 0.154, 0.361, 0.428, 0.295, 0.662, 0.6, 0.2, 0.026, 0.171, 0.292, 0.082, 0.844, 0.308, 0.397, 0.489, 0.661, 0.091, 0.544, 0.185, 0.885, 0.369, 0.446, 0.263, 0.465, 0.226, 0.269, 0.062, 0.752, 0.667]"
Csv_5,"['KILLED', 'KILLED', 'KILLED', 'KILLED', 'KILLED', 'KILLED', 'KILLED', 'KILLED', 'KILLED', 'KILLED', 'KILLED', 'KILLED', 'KILLED', 'KILLED', 'KILLED', 'KILLED', 'KILLED', 'KILLED', 'KILLED', 'KILLED', 'KILLED', 'KILLED', 'KILLED', 'KILLED', 'KILLED', 'KILLED', 'KILLED', 'KILLED', 'KILLED', 'KILLED', 'KILLED', 'KILLED', 'KILLED', 'KILLED', 'KILLED', 'KILLED', 'KILLED', 'KILLED', 'KILLED', 'KILLED', 'KILLED', 'KILLED', 'KILLED', 'KILLED', 'KILLED', 'KILLED', 'KILLED', 'KILLED', 'KILLED', 'KILLED', 'KILLED', 'KILLED', 'KILLED', 'KILLED', 'KILLED', 'KILLED', 'KILLED', 'KILLED', 'KILLED', 'KILLED', 'KILLED', 'KILLED', 'KILLED', 'KILLED', 'KILLED', 'KILLED', 'KILLED', 'KILLED', 'KILLED', 'KILLED', 'KILLED', 'KILLED', 'KILLED', 'KILLED', 'KILLED', 'KILLED', 'KILLED', 'KILLED', 'KILLED', 'KILLED', 'KILLED', 'KILLED', 'KILLED', 'KILLED', 'KILLED', 'KILLED', 'KILLED', 'KILLED', 'KILLED', 'KILLED', 'KILLED', 'KILLED', 'KILLED', 'KILLED', 'KILLED', 'KILLED', 'KILLED', 'KILLED', 'KILLED', 'KILLED', 'KILLED', 'KILLED', 'KILLED', 'KILLED', 'KILLED', 'KILLED', 'KILLED', 'KILLED', 'KILLED', 'KILLED', 'KILLED', 'KILLED', 'KILLED', 'KILLED', 'KILLED', 'KILLED', 'KILLED', 'KILLED', 'KILLED', 'KILLED', 'KILLED', 'KILLED', 'KILLED', 'KILLED', 'KILLED', 'KILLED', 'KILLED', 'KILLED', 'KILLED', 'KILLED', 'KILLED', 'KILLED', 'KILLED', 'KILLED', 'KILLED', 'KILLED', 'KILLED', 'KILLED', 'KILLED', 'KILLED', 'KILLED', 'KILLED', 'KILLED', 'KILLED', 'KILLED', 'KILLED']","['KILLED', 'SURVIVED', 'SURVIVED', 'KILLED', 'KILLED', 'SURVIVED', 'SURVIVED', 'SURVIVED', 'KILLED', 'SURVIVED', 'SURVIVED', 'KILLED', 'SURVIVED', 'KILLED', 'KILLED', 'KILLED', 'SURVIVED', 'KILLED', 'KILLED', 'KILLED', 'KILLED', 'KILLED', 'KILLED', 'SURVIVED', 'KILLED', 'SURVIVED', 'KILLED', 'KILLED', 'SURVIVED', 'SURVIVED', 'KILLED', 'KILLED', 'SURVIVED', 'SURVIVED', 'SURVIVED', 'SURVIVED', 'SURVIVED', 'KILLED', 'SURVIVED', 'KILLED', 'SURVIVED', 'KILLED', 'KILLED', 'KILLED', 'KILLED', 'KILLED', 'SURVIVED', 'SURVIVED', 'SURVIVED', 'SURVIVED', 'SURVIVED', 'SURVIVED', 'SURVIVED', 'KILLED', 'KILLED', 'SURVIVED', 'SURVIVED', 'KILLED', 'SURVIVED', 'KILLED', 'SURVIVED', 'SURVIVED', 'KILLED', 'KILLED', 'SURVIVED', 'SURVIVED', 'SURVIVED', 'KILLED', 'SURVIVED', 'SURVIVED', 'SURVIVED', 'SURVIVED', 'SURVIVED', 'KILLED', 'KILLED', 'KILLED', 'SURVIVED', 'SURVIVED', 'SURVIVED', 'SURVIVED', 'SURVIVED', 'KILLED', 'KILLED', 'SURVIVED', 'KILLED', 'SURVIVED', 'SURVIVED', 'SURVIVED', 'KILLED', 'KILLED', 'KILLED', 'SURVIVED', 'SURVIVED', 'KILLED', 'KILLED', 'KILLED', 'KILLED', 'KILLED', 'KILLED', 'KILLED', 'KILLED', 'SURVIVED', 'KILLED', 'SURVIVED', 'KILLED', 'SURVIVED', 'SURVIVED', 'SURVIVED', 'SURVIVED', 'KILLED', 'KILLED', 'KILLED', 'SURVIVED', 'SURVIVED', 'SURVIVED', 'KILLED', 'SURVIVED', 'SURVIVED', 'SURVIVED', 'KILLED', 'SURVIVED', 'KILLED', 'SURVIVED', 'KILLED', 'SURVIVED', 'KILLED', 'KILLED', 'KILLED', 'KILLED', 'KILLED', 'KILLED', 'SURVIVED', 'SURVIVED', 'KILLED', 'KILLED', 'SURVIVED', 'KILLED', 'KILLED', 'KILLED', 'KILLED', 'SURVIVED', 'SURVIVED', 'SURVIVED', 'SURVIVED', 'SURVIVED', 'SURVIVED']","[0.459, 0.218, 0.302, 0.521, 0.624, 0.584, 0.007, 0.999, 0.966, 0.839, 0.561, 0.594, 0.283, 0.684, 0.482, 0.336, 0.276, 0.325, 0.277, 0.656, 0.952, 0.651, 0.188, 0.517, 0.24, 0.057, 0.857, 0.81, 0.404, 0.32, 0.14, 0.025, 0.497, 0.296, 0.907, 0.405, 0.737, 0.583, 0.995, 0.816, 0.343, 0.713, 0.686, 0.638, 0.476, 0.941, 0.358, 0.3, 0.17, 0.658, 0.558, 0.294, 0.471, 0.741, 0.725, 0.559, 0.913, 0.947, 0.9, 0.654, 0.222, 0.223, 0.871, 0.42, 0.887, 0.372, 0.586, 0.464, 0.118, 0.054, 0.634, 0.58, 0.621, 0.472, 0.195, 0.12, 0.681, 0.53, 0.413, 0.871, 0.151, 0.992, 0.343, 0.987, 0.893, 0.987, 0.143, 0.862, 0.18, 0.081, 0.333, 0.987, 0.313, 0.058, 0.452, 0.209, 0.774, 0.576, 0.158, 0.785, 0.78, 0.129, 0.434, 0.429, 0.429, 0.477, 0.005, 0.534, 0.731, 0.95, 0.892, 0.757, 0.531, 0.018, 0.004, 0.734, 0.226, 0.877, 0.312, 0.103, 0.503, 0.306, 0.065, 0.046, 0.948, 0.456, 0.52, 0.524, 0.434, 0.687, 0.134, 0.996, 0.49, 0.75, 0.165, 0.907, 0.812, 0.019, 0.224, 0.985, 0.211, 0.022, 0.505, 0.123, 0.711, 0.792]"
Csv_5,"['KILLED', 'KILLED', 'KILLED', 'SURVIVED', 'SURVIVED', 'SURVIVED', 'SURVIVED', 'SURVIVED', 'SURVIVED', 'SURVIVED', 'SURVIVED', 'SURVIVED', 'SURVIVED', 'SURVIVED', 'SURVIVED', 'SURVIVED', 'SURVIVED', 'SURVIVED', 'SURVIVED', 'SURVIVED', 'SURVIVED', 'SURVIVED', 'SURVIVED', 'SURVIVED', 'SURVIVED', 'SURVIVED', 'SURVIVED', 'SURVIVED', 'SURVIVED', 'SURVIVED', 'SURVIVED', 'SURVIVED', 'SURVIVED', 'SURVIVED', 'SURVIVED', 'SURVIVED', 'SURVIVED', 'SURVIVED', 'SURVIVED', 'SURVIVED', 'SURVIVED', 'SURVIVED', 'SURVIVED', 'SURVIVED', 'SURVIVED', 'SURVIVED', 'SURVIVED', 'SURVIVED', 'SURVIVED', 'SURVIVED', 'SURVIVED', 'SURVIVED', 'SURVIVED', 'SURVIVED', 'SURVIVED', 'SURVIVED', 'SURVIVED', 'SURVIVED', 'SURVIVED', 'SURVIVED', 'SURVIVED', 'SURVIVED', 'SURVIVED', 'SURVIVED', 'SURVIVED', 'SURVIVED', 'SURVIVED', 'SURVIVED', 'SURVIVED', 'SURVIVED', 'SURVIVED', 'SURVIVED', 'SURVIVED', 'SURVIVED', 'SURVIVED', 'SURVIVED', 'SURVIVED', 'SURVIVED', 'SURVIVED', 'SURVIVED', 'SURVIVED', 'SURVIVED', 'SURVIVED', 'SURVIVED', 'SURVIVED', 'SURVIVED', 'SURVIVED', 'SURVIVED', 'SURVIVED', 'SURVIVED', 'SURVIVED', 'SURVIVED', 'SURVIVED', 'SURVIVED', 'SURVIVED', 'SURVIVED', 'SURVIVED', 'SURVIVED', 'SURVIVED', 'SURVIVED', 'SURVIVED', 'SURVIVED', 'SURVIVED', 'SURVIVED', 'SURVIVED', 'SURVIVED', 'SURVIVED', 'SURVIVED', 'SURVIVED', 'SURVIVED', 'SURVIVED', 'SURVIVED', 'SURVIVED', 'SURVIVED', 'SURVIVED', 'SURVIVED', 'SURVIVED', 'SURVIVED', 'SURVIVED', 'SURVIVED', 'SURVIVED', 'SURVIVED', 'SURVIVED', 'SURVIVED', 'SURVIVED', 'SURVIVED', 'SURVIVED', 'SURVIVED', 'SURVIVED', 'SURVIVED', 'SURVIVED', 'SURVIVED', 'SURVIVED', 'SURVIVED', 'SURVIVED', 'SURVIVED', 'SURVIVED', 'SURVIVED', 'SURVIVED', 'SURVIVED', 'SURVIVED', 'SURVIVED', 'SURVIVED', 'SURVIVED', 'SURVIVED', 'SURVIVED']","['SURVIVED', 'SURVIVED', 'KILLED', 'KILLED', 'KILLED', 'KILLED', 'KILLED', 'KILLED', 'SURVIVED', 'SURVIVED', 'SURVIVED', 'KILLED', 'SURVIVED', 'SURVIVED', 'KILLED', 'KILLED', 'KILLED', 'SURVIVED', 'SURVIVED', 'KILLED', 'SURVIVED', 'KILLED', 'SURVIVED', 'KILLED', 'KILLED', 'SURVIVED', 'KILLED', 'KILLED', 'SURVIVED', 'KILLED', 'KILLED', 'SURVIVED', 'KILLED', 'SURVIVED', 'SURVIVED', 'SURVIVED', 'KILLED', 'KILLED', 'SURVIVED', 'KILLED', 'SURVIVED', 'SURVIVED', 'KILLED', 'KILLED', 'KILLED', 'KILLED', 'KILLED', 'SURVIVED', 'KILLED', 'KILLED', 'KILLED', 'KILLED', 'SURVIVED', 'KILLED', 'SURVIVED', 'SURVIVED', 'SURVIVED', 'SURVIVED', 'KILLED', 'KILLED', 'KILLED', 'KILLED', 'SURVIVED', 'SURVIVED', 'SURVIVED', 'SURVIVED', 'KILLED', 'KILLED', 'KILLED', 'KILLED', 'KILLED', 'KILLED', 'SURVIVED', 'SURVIVED', 'SURVIVED', 'SURVIVED', 'KILLED', 'SURVIVED', 'SURVIVED', 'KILLED', 'KILLED', 'SURVIVED', 'SURVIVED', 'SURVIVED', 'SURVIVED', 'SURVIVED', 'SURVIVED', 'SURVIVED', 'KILLED', 'KILLED', 'KILLED', 'KILLED', 'KILLED', 'KILLED', 'SURVIVED', 'SURVIVED', 'SURVIVED', 'KILLED', 'SURVIVED', 'SURVIVED', 'KILLED', 'KILLED', 'SURVIVED', 'SURVIVED', 'KILLED', 'SURVIVED', 'SURVIVED', 'KILLED', 'KILLED', 'SURVIVED', 'SURVIVED', 'KILLED', 'KILLED', 'SURVIVED', 'KILLED', 'SURVIVED', 'KILLED', 'SURVIVED', 'SURVIVED', 'SURVIVED', 'KILLED', 'KILLED', 'KILLED', 'KILLED', 'SURVIVED', 'SURVIVED', 'KILLED', 'KILLED', 'SURVIVED', 'SURVIVED', 'KILLED', 'SURVIVED', 'SURVIVED', 'KILLED', 'KILLED', 'SURVIVED', 'SURVIVED', 'KILLED', 'KILLED', 'SURVIVED', 'SURVIVED', 'SURVIVED', 'KILLED', 'SURVIVED', 'SURVIVED', 'SURVIVED']","[0.119, 0.497, 0.653, 0.103, 0.412, 0.557, 0.0, 0.091, 0.604, 0.619, 0.305, 0.508, 0.207, 0.671, 0.95, 0.363, 0.054, 0.223, 0.454, 0.56, 0.62, 0.473, 0.657, 0.716, 0.114, 0.759, 0.222, 0.341, 0.83, 0.964, 0.292, 0.522, 0.702, 0.046, 0.164, 0.14, 0.717, 0.722, 0.107, 0.611, 0.188, 0.93, 0.393, 0.457, 0.781, 0.717, 0.108, 0.414, 0.927, 0.837, 0.589, 0.772, 0.451, 0.658, 0.956, 0.135, 0.499, 0.53, 0.049, 0.935, 0.839, 0.483, 0.508, 0.921, 0.177, 0.579, 0.73, 0.128, 0.387, 0.601, 0.883, 0.504, 0.385, 0.98, 0.916, 0.762, 0.274, 0.964, 0.97, 0.453, 0.133, 0.413, 0.7, 0.748, 0.299, 0.701, 0.861, 0.712, 0.936, 0.633, 0.201, 0.624, 0.291, 0.345, 0.672, 0.981, 0.65, 0.958, 0.504, 0.694, 0.322, 0.115, 0.352, 0.48, 0.571, 0.667, 0.417, 0.748, 0.841, 0.286, 0.847, 0.808, 0.523, 0.025, 0.145, 0.67, 0.2, 0.75, 0.161, 0.287, 0.251, 0.839, 0.691, 0.295, 0.754, 0.032, 0.814, 0.102, 0.868, 0.739, 0.865, 0.742, 0.561, 0.238, 0.784, 0.799, 0.288, 0.664, 0.926, 0.388, 0.957, 0.976, 0.313, 0.552, 0.013, 0.251]"
Csv_5,"['KILLED', 'KILLED', 'KILLED', 'KILLED', 'KILLED', 'KILLED', 'KILLED', 'KILLED', 'KILLED', 'KILLED', 'KILLED', 'KILLED', 'KILLED', 'KILLED', 'KILLED', 'KILLED', 'KILLED', 'KILLED', 'KILLED', 'KILLED', 'KILLED', 'KILLED', 'KILLED', 'KILLED', 'KILLED', 'KILLED', 'KILLED', 'KILLED', 'KILLED', 'KILLED', 'KILLED', 'KILLED', 'KILLED', 'KILLED', 'KILLED', 'KILLED', 'KILLED', 'KILLED', 'KILLED', 'KILLED', 'KILLED', 'KILLED', 'KILLED', 'KILLED', 'KILLED', 'KILLED', 'KILLED', 'KILLED', 'KILLED', 'KILLED', 'KILLED', 'KILLED', 'KILLED', 'KILLED', 'KILLED', 'KILLED', 'KILLED', 'KILLED', 'KILLED', 'KILLED', 'KILLED', 'KILLED', 'KILLED', 'KILLED', 'KILLED', 'KILLED', 'KILLED', 'KILLED', 'KILLED', 'KILLED', 'KILLED', 'KILLED', 'KILLED', 'KILLED', 'KILLED', 'KILLED', 'KILLED', 'KILLED', 'KILLED', 'KILLED', 'KILLED', 'KILLED', 'KILLED', 'KILLED', 'KILLED', 'KILLED', 'KILLED', 'KILLED', 'KILLED', 'KILLED', 'KILLED', 'KILLED', 'KILLED', 'KILLED', 'KILLED', 'KILLED', 'KILLED', 'KILLED', 'KILLED', 'KILLED', 'KILLED', 'KILLED', 'KILLED', 'KILLED', 'KILLED', 'KILLED', 'KILLED', 'KILLED', 'KILLED', 'KILLED', 'KILLED', 'KILLED', 'KILLED', 'KILLED', 'KILLED', 'KILLED', 'KILLED', 'KILLED', 'KILLED', 'KILLED', 'KILLED', 'KILLED', 'KILLED', 'KILLED', 'KILLED', 'KILLED', 'KILLED', 'KILLED', 'KILLED', 'KILLED', 'KILLED', 'KILLED', 'KILLED', 'KILLED', 'KILLED', 'KILLED', 'KILLED', 'KILLED', 'KILLED', 'KILLED', 'KILLED', 'KILLED', 'KILLED', 'KILLED', 'KILLED', 'KILLED']","['SURVIVED', 'KILLED', 'SURVIVED', 'KILLED', 'KILLED', 'SURVIVED', 'SURVIVED', 'KILLED', 'KILLED', 'KILLED', 'KILLED', 'KILLED', 'SURVIVED', 'KILLED', 'SURVIVED', 'SURVIVED', 'SURVIVED', 'KILLED', 'KILLED', 'SURVIVED', 'KILLED', 'SURVIVED', 'SURVIVED', 'KILLED', 'KILLED', 'KILLED', 'SURVIVED', 'KILLED', 'SURVIVED', 'SURVIVED', 'SURVIVED', 'KILLED', 'SURVIVED', 'KILLED', 'KILLED', 'KILLED', 'KILLED', 'SURVIVED', 'SURVIVED', 'KILLED', 'SURVIVED', 'KILLED', 'KILLED', 'SURVIVED', 'SURVIVED', 'SURVIVED', 'SURVIVED', 'KILLED', 'SURVIVED', 'KILLED', 'KILLED', 'SURVIVED', 'SURVIVED', 'KILLED', 'KILLED', 'KILLED', 'SURVIVED', 'SURVIVED', 'KILLED', 'SURVIVED', 'SURVIVED', 'SURVIVED', 'KILLED', 'SURVIVED', 'SURVIVED', 'SURVIVED', 'KILLED', 'SURVIVED', 'KILLED', 'SURVIVED', 'KILLED', 'KILLED', 'KILLED', 'KILLED', 'KILLED', 'KILLED', 'KILLED', 'SURVIVED', 'KILLED', 'KILLED', 'SURVIVED', 'KILLED', 'KILLED', 'KILLED', 'SURVIVED', 'SURVIVED', 'KILLED', 'KILLED', 'KILLED', 'KILLED', 'KILLED', 'SURVIVED', 'KILLED', 'KILLED', 'SURVIVED', 'SURVIVED', 'SURVIVED', 'SURVIVED', 'SURVIVED', 'SURVIVED', 'SURVIVED', 'KILLED', 'SURVIVED', 'KILLED', 'KILLED', 'KILLED', 'KILLED', 'KILLED', 'SURVIVED', 'KILLED', 'SURVIVED', 'SURVIVED', 'KILLED', 'SURVIVED', 'SURVIVED', 'SURVIVED', 'SURVIVED', 'KILLED', 'SURVIVED', 'KILLED', 'KILLED', 'KILLED', 'SURVIVED', 'SURVIVED', 'KILLED', 'SURVIVED', 'SURVIVED', 'KILLED', 'KILLED', 'KILLED', 'KILLED', 'KILLED', 'SURVIVED', 'KILLED', 'SURVIVED', 'KILLED', 'SURVIVED', 'KILLED', 'SURVIVED', 'KILLED', 'KILLED', 'KILLED', 'KILLED', 'SURVIVED', 'KILLED', 'KILLED']","[0.181, 0.8, 0.852, 0.851, 0.932, 0.994, 0.461, 0.55, 0.291, 0.067, 0.098, 0.726, 0.487, 0.331, 0.128, 0.655, 0.1, 0.62, 0.9, 0.318, 0.451, 0.616, 0.306, 0.584, 0.566, 0.364, 0.316, 0.428, 0.005, 0.246, 0.222, 0.74, 0.436, 0.84, 0.134, 0.733, 0.878, 0.463, 0.359, 0.305, 0.552, 0.176, 0.607, 0.842, 0.859, 0.14, 0.539, 0.263, 0.886, 0.076, 0.075, 0.019, 0.507, 0.031, 0.582, 0.405, 0.59, 0.906, 0.552, 0.543, 0.999, 0.472, 0.775, 0.366, 0.223, 0.772, 0.733, 0.291, 0.465, 0.51, 0.397, 0.502, 0.663, 0.848, 0.807, 0.614, 0.166, 0.514, 0.446, 0.179, 0.949, 0.659, 0.968, 0.736, 0.484, 0.359, 0.219, 0.488, 0.063, 0.369, 0.043, 0.207, 0.908, 0.361, 0.47, 0.455, 0.046, 0.981, 0.324, 0.704, 0.521, 0.83, 0.835, 0.263, 0.544, 0.174, 0.654, 0.365, 0.653, 0.835, 0.517, 0.376, 0.907, 0.516, 0.353, 0.868, 0.487, 0.482, 0.604, 0.502, 0.139, 0.166, 0.077, 0.643, 0.212, 0.187, 0.362, 0.717, 0.118, 0.23, 0.811, 0.72, 0.482, 0.479, 0.211, 0.161, 0.833, 0.022, 0.043, 0.573, 0.161, 0.63, 0.039, 0.572, 0.056, 0.258]"
Csv_5,"['KILLED', 'KILLED', 'KILLED', 'KILLED', 'KILLED', 'KILLED', 'KILLED', 'KILLED', 'KILLED', 'KILLED', 'KILLED', 'KILLED', 'KILLED', 'KILLED', 'KILLED', 'KILLED', 'KILLED', 'KILLED', 'KILLED', 'KILLED', 'KILLED', 'KILLED', 'KILLED', 'KILLED', 'KILLED', 'KILLED', 'KILLED', 'KILLED', 'KILLED', 'KILLED', 'KILLED', 'KILLED', 'KILLED', 'KILLED', 'KILLED', 'KILLED', 'KILLED', 'KILLED', 'KILLED', 'KILLED', 'KILLED', 'KILLED', 'KILLED', 'KILLED', 'KILLED', 'KILLED', 'KILLED', 'KILLED', 'KILLED', 'KILLED', 'KILLED', 'KILLED', 'KILLED', 'KILLED', 'KILLED', 'KILLED', 'KILLED', 'KILLED', 'KILLED', 'KILLED', 'KILLED', 'KILLED', 'KILLED', 'KILLED', 'KILLED', 'KILLED', 'KILLED', 'KILLED', 'KILLED', 'KILLED', 'KILLED', 'KILLED', 'KILLED', 'KILLED', 'KILLED', 'KILLED', 'KILLED', 'KILLED', 'KILLED', 'KILLED', 'KILLED', 'KILLED', 'KILLED', 'KILLED', 'KILLED', 'KILLED', 'KILLED', 'KILLED', 'KILLED', 'KILLED', 'KILLED', 'KILLED', 'KILLED', 'KILLED', 'KILLED', 'KILLED', 'KILLED', 'KILLED', 'KILLED', 'KILLED', 'KILLED', 'KILLED', 'KILLED', 'KILLED', 'KILLED', 'KILLED', 'KILLED', 'KILLED', 'KILLED', 'KILLED', 'KILLED', 'KILLED', 'KILLED', 'KILLED', 'KILLED', 'KILLED', 'KILLED', 'KILLED', 'KILLED', 'KILLED', 'KILLED', 'KILLED', 'KILLED', 'KILLED', 'KILLED', 'KILLED', 'KILLED', 'KILLED', 'KILLED', 'KILLED', 'KILLED', 'KILLED', 'KILLED', 'KILLED', 'KILLED', 'KILLED', 'KILLED', 'KILLED', 'KILLED', 'KILLED', 'KILLED', 'KILLED', 'KILLED', 'KILLED', 'KILLED', 'KILLED']","['KILLED', 'SURVIVED', 'KILLED', 'SURVIVED', 'KILLED', 'KILLED', 'SURVIVED', 'SURVIVED', 'SURVIVED', 'KILLED', 'KILLED', 'SURVIVED', 'KILLED', 'KILLED', 'SURVIVED', 'KILLED', 'SURVIVED', 'SURVIVED', 'KILLED', 'KILLED', 'SURVIVED', 'SURVIVED', 'KILLED', 'KILLED', 'KILLED', 'KILLED', 'SURVIVED', 'KILLED', 'KILLED', 'KILLED', 'SURVIVED', 'KILLED', 'KILLED', 'KILLED', 'SURVIVED', 'KILLED', 'KILLED', 'SURVIVED', 'SURVIVED', 'SURVIVED', 'KILLED', 'SURVIVED', 'KILLED', 'SURVIVED', 'SURVIVED', 'SURVIVED', 'KILLED', 'SURVIVED', 'KILLED', 'SURVIVED', 'SURVIVED', 'KILLED', 'KILLED', 'SURVIVED', 'SURVIVED', 'SURVIVED', 'KILLED', 'KILLED', 'KILLED', 'KILLED', 'KILLED', 'SURVIVED', 'KILLED', 'SURVIVED', 'SURVIVED', 'SURVIVED', 'KILLED', 'KILLED', 'SURVIVED', 'SURVIVED', 'SURVIVED', 'SURVIVED', 'SURVIVED', 'SURVIVED', 'SURVIVED', 'KILLED', 'SURVIVED', 'SURVIVED', 'KILLED', 'SURVIVED', 'SURVIVED', 'SURVIVED', 'SURVIVED', 'SURVIVED', 'SURVIVED', 'KILLED', 'KILLED', 'KILLED', 'SURVIVED', 'KILLED', 'KILLED', 'KILLED', 'SURVIVED', 'SURVIVED', 'KILLED', 'KILLED', 'SURVIVED', 'KILLED', 'KILLED', 'KILLED', 'SURVIVED', 'SURVIVED', 'KILLED', 'KILLED', 'SURVIVED', 'KILLED', 'SURVIVED', 'KILLED', 'KILLED', 'SURVIVED', 'SURVIVED', 'SURVIVED', 'KILLED', 'KILLED', 'SURVIVED', 'SURVIVED', 'KILLED', 'KILLED', 'SURVIVED', 'KILLED', 'KILLED', 'KILLED', 'KILLED', 'KILLED', 'SURVIVED', 'KILLED', 'KILLED', 'KILLED', 'KILLED', 'SURVIVED', 'SURVIVED', 'SURVIVED', 'SURVIVED', 'SURVIVED', 'KILLED', 'KILLED', 'KILLED', 'KILLED', 'SURVIVED', 'SURVIVED', 'SURVIVED', 'SURVIVED', 'KILLED', 'KILLED', 'SURVIVED', 'SURVIVED']","[0.575, 0.261, 0.407, 0.106, 0.072, 0.294, 0.947, 0.803, 0.957, 0.876, 0.813, 0.575, 0.694, 0.966, 0.563, 0.77, 0.757, 0.961, 0.459, 0.461, 0.587, 0.027, 0.116, 0.068, 0.634, 0.994, 0.677, 0.23, 0.316, 0.955, 0.517, 0.01, 0.832, 0.248, 0.093, 0.674, 0.821, 0.076, 0.931, 0.477, 0.354, 0.894, 0.269, 0.947, 0.683, 0.91, 0.499, 0.2, 0.735, 0.873, 0.207, 0.203, 0.25, 0.619, 0.156, 0.107, 0.92, 0.676, 0.663, 0.614, 0.764, 0.541, 0.042, 0.482, 0.621, 0.492, 0.985, 0.897, 0.869, 0.491, 0.984, 0.916, 0.28, 0.222, 0.577, 0.054, 0.799, 0.478, 0.541, 0.502, 0.394, 0.686, 0.175, 0.977, 0.698, 0.46, 0.689, 0.012, 0.211, 0.581, 0.325, 0.613, 0.26, 0.549, 0.237, 0.471, 0.613, 0.366, 0.499, 0.211, 0.701, 0.372, 0.854, 0.28, 0.18, 0.131, 0.576, 0.229, 0.1, 0.27, 0.236, 0.432, 0.381, 0.146, 0.959, 0.15, 0.806, 0.177, 0.5, 0.996, 0.849, 0.517, 0.721, 0.785, 0.3, 0.562, 0.568, 0.398, 0.691, 0.06, 0.814, 0.477, 0.63, 0.45, 0.335, 0.361, 0.56, 0.932, 0.258, 0.02, 0.121, 0.867, 0.963, 0.199, 0.576, 0.649]"
Csv_5,"['KILLED', 'KILLED', 'KILLED', 'KILLED', 'KILLED', 'KILLED', 'KILLED', 'KILLED', 'KILLED', 'KILLED', 'KILLED', 'KILLED', 'KILLED', 'KILLED', 'KILLED', 'KILLED', 'KILLED', 'KILLED', 'KILLED', 'KILLED', 'KILLED', 'KILLED', 'KILLED', 'KILLED', 'KILLED', 'KILLED', 'KILLED', 'KILLED', 'KILLED', 'KILLED', 'KILLED', 'KILLED', 'KILLED', 'KILLED', 'KILLED', 'KILLED', 'KILLED', 'KILLED', 'KILLED', 'KILLED', 'KILLED', 'KILLED', 'KILLED', 'KILLED', 'KILLED', 'KILLED', 'KILLED', 'KILLED', 'KILLED', 'KILLED', 'KILLED', 'KILLED', 'KILLED', 'KILLED', 'KILLED', 'KILLED', 'KILLED', 'KILLED', 'KILLED', 'KILLED', 'KILLED', 'KILLED', 'KILLED', 'KILLED', 'KILLED', 'KILLED', 'KILLED', 'KILLED', 'KILLED', 'KILLED', 'KILLED', 'KILLED', 'KILLED', 'KILLED', 'KILLED', 'KILLED', 'KILLED', 'KILLED', 'KILLED', 'KILLED', 'KILLED', 'KILLED', 'KILLED', 'KILLED', 'KILLED', 'KILLED', 'KILLED', 'KILLED', 'KILLED', 'KILLED', 'KILLED', 'KILLED', 'KILLED', 'KILLED', 'KILLED', 'KILLED', 'KILLED', 'KILLED', 'KILLED', 'KILLED', 'KILLED', 'KILLED', 'KILLED', 'KILLED', 'KILLED', 'KILLED', 'KILLED', 'KILLED', 'KILLED', 'KILLED', 'KILLED', 'KILLED', 'KILLED', 'KILLED', 'KILLED', 'KILLED', 'KILLED', 'KILLED', 'KILLED', 'KILLED', 'KILLED', 'KILLED', 'KILLED', 'KILLED', 'KILLED', 'KILLED', 'KILLED', 'KILLED', 'KILLED', 'KILLED', 'KILLED', 'KILLED', 'KILLED', 'KILLED', 'KILLED', 'KILLED', 'KILLED', 'KILLED', 'KILLED', 'KILLED', 'KILLED', 'KILLED', 'KILLED', 'KILLED', 'KILLED', 'KILLED']","['KILLED', 'SURVIVED', 'SURVIVED', 'SURVIVED', 'SURVIVED', 'SURVIVED', 'KILLED', 'SURVIVED', 'SURVIVED', 'SURVIVED', 'KILLED', 'KILLED', 'SURVIVED', 'SURVIVED', 'SURVIVED', 'KILLED', 'KILLED', 'KILLED', 'SURVIVED', 'KILLED', 'SURVIVED', 'SURVIVED', 'SURVIVED', 'SURVIVED', 'SURVIVED', 'SURVIVED', 'SURVIVED', 'SURVIVED', 'SURVIVED', 'SURVIVED', 'KILLED', 'KILLED', 'KILLED', 'KILLED', 'KILLED', 'SURVIVED', 'KILLED', 'KILLED', 'KILLED', 'SURVIVED', 'KILLED', 'KILLED', 'KILLED', 'SURVIVED', 'KILLED', 'KILLED', 'SURVIVED', 'KILLED', 'KILLED', 'SURVIVED', 'KILLED', 'KILLED', 'SURVIVED', 'SURVIVED', 'KILLED', 'KILLED', 'SURVIVED', 'SURVIVED', 'KILLED', 'KILLED', 'KILLED', 'KILLED', 'KILLED', 'SURVIVED', 'SURVIVED', 'SURVIVED', 'SURVIVED', 'SURVIVED', 'SURVIVED', 'KILLED', 'KILLED', 'SURVIVED', 'SURVIVED', 'SURVIVED', 'SURVIVED', 'SURVIVED', 'KILLED', 'KILLED', 'SURVIVED', 'SURVIVED', 'SURVIVED', 'SURVIVED', 'SURVIVED', 'KILLED', 'SURVIVED', 'KILLED', 'KILLED', 'KILLED', 'SURVIVED', 'SURVIVED', 'SURVIVED', 'KILLED', 'SURVIVED', 'SURVIVED', 'SURVIVED', 'KILLED', 'SURVIVED', 'SURVIVED', 'KILLED', 'KILLED', 'SURVIVED', 'KILLED', 'SURVIVED', 'SURVIVED', 'SURVIVED', 'KILLED', 'KILLED', 'SURVIVED', 'SURVIVED', 'KILLED', 'SURVIVED', 'KILLED', 'SURVIVED', 'KILLED', 'SURVIVED', 'SURVIVED', 'SURVIVED', 'SURVIVED', 'KILLED', 'KILLED', 'KILLED', 'KILLED', 'SURVIVED', 'KILLED', 'SURVIVED', 'SURVIVED', 'SURVIVED', 'SURVIVED', 'KILLED', 'SURVIVED', 'KILLED', 'KILLED', 'KILLED', 'KILLED', 'KILLED', 'KILLED', 'SURVIVED', 'SURVIVED', 'KILLED', 'SURVIVED', 'KILLED', 'KILLED', 'KILLED', 'KILLED', 'KILLED', 'SURVIVED']","[0.217, 0.42, 0.786, 0.498, 0.371, 0.697, 0.032, 0.08, 0.751, 0.146, 0.267, 0.392, 0.543, 0.182, 0.896, 0.25, 0.382, 0.013, 0.975, 0.715, 0.385, 0.975, 0.247, 0.995, 0.199, 0.735, 0.094, 0.666, 0.208, 0.389, 0.961, 0.936, 0.159, 0.728, 0.745, 0.55, 0.122, 0.481, 0.299, 0.36, 0.052, 0.667, 0.973, 0.236, 0.434, 0.015, 0.794, 0.585, 0.396, 0.243, 0.969, 0.581, 0.691, 0.688, 0.155, 0.771, 0.249, 0.5, 0.686, 0.338, 0.97, 0.76, 0.06, 0.356, 0.154, 0.536, 0.107, 0.488, 0.317, 0.558, 0.645, 0.347, 0.892, 0.733, 0.021, 0.378, 0.724, 0.251, 0.039, 0.707, 0.559, 0.543, 0.49, 0.567, 0.544, 0.324, 0.468, 0.868, 0.599, 0.861, 0.16, 0.531, 0.449, 0.819, 0.542, 0.454, 0.776, 0.506, 0.734, 0.883, 0.62, 0.364, 0.62, 0.321, 0.063, 0.967, 0.819, 0.19, 0.683, 0.766, 0.154, 0.283, 0.41, 0.322, 0.096, 0.659, 0.044, 0.938, 0.179, 0.031, 0.107, 0.192, 0.032, 0.642, 0.389, 0.49, 0.624, 0.59, 0.049, 0.221, 0.718, 0.013, 0.921, 0.656, 0.928, 0.832, 0.468, 0.639, 0.361, 0.743, 0.89, 0.822, 0.794, 0.058, 0.617, 0.529]"
Csv_5,"['KILLED', 'KILLED', 'SURVIVED', 'SURVIVED', 'SURVIVED', 'SURVIVED', 'SURVIVED', 'SURVIVED', 'SURVIVED', 'SURVIVED', 'SURVIVED', 'SURVIVED', 'SURVIVED']","['KILLED', 'SURVIVED', 'KILLED', 'KILLED', 'KILLED', 'KILLED', 'KILLED', 'SURVIVED', 'KILLED', 'KILLED', 'KILLED', 'KILLED', 'SURVIVED']","[0.746, 0.766, 0.577, 0.674, 0.703, 0.427, 0.104, 0.792, 0.55, 0.505, 0.658, 0.534, 0.6]"
Csv_5,"['SURVIVED', 'SURVIVED', 'SURVIVED', 'SURVIVED', 'SURVIVED', 'SURVIVED', 'SURVIVED', 'SURVIVED', 'SURVIVED', 'SURVIVED', 'SURVIVED', 'SURVIVED', 'SURVIVED']","['SURVIVED', 'SURVIVED', 'SURVIVED', 'SURVIVED', 'SURVIVED', 'SURVIVED', 'SURVIVED', 'KILLED', 'KILLED', 'SURVIVED', 'SURVIVED', 'SURVIVED', 'SURVIVED']","[0.447, 0.397, 0.726, 0.983, 0.596, 0.518, 0.993, 0.302, 0.3, 0.222, 0.856, 0.022, 0.822]"
Csv_5,"['SURVIVED', 'SURVIVED', 'SURVIVED', 'SURVIVED', 'SURVIVED', 'SURVIVED', 'SURVIVED', 'SURVIVED', 'SURVIVED', 'SURVIVED', 'SURVIVED', 'SURVIVED', 'SURVIVED']","['SURVIVED', 'KILLED', 'KILLED', 'KILLED', 'SURVIVED', 'SURVIVED', 'KILLED', 'KILLED', 'SURVIVED', 'SURVIVED', 'KILLED', 'KILLED', 'SURVIVED']","[0.811, 0.092, 0.4, 0.918, 0.734, 0.724, 0.793, 0.173, 0.826, 0.69, 0.576, 0.908, 0.595]"
Csv_5,"['SURVIVED', 'SURVIVED', 'SURVIVED', 'SURVIVED', 'SURVIVED', 'SURVIVED', 'SURVIVED', 'SURVIVED', 'SURVIVED', 'SURVIVED', 'SURVIVED', 'SURVIVED', 'SURVIVED', 'SURVIVED', 'SURVIVED', 'SURVIVED', 'SURVIVED', 'SURVIVED', 'SURVIVED', 'SURVIVED', 'SURVIVED', 'SURVIVED', 'SURVIVED', 'SURVIVED', 'SURVIVED', 'SURVIVED', 'SURVIVED', 'SURVIVED', 'SURVIVED', 'SURVIVED', 'SURVIVED', 'SURVIVED', 'SURVIVED', 'SURVIVED', 'SURVIVED', 'SURVIVED', 'SURVIVED', 'SURVIVED', 'SURVIVED', 'SURVIVED', 'SURVIVED', 'SURVIVED', 'SURVIVED', 'SURVIVED', 'SURVIVED', 'SURVIVED', 'SURVIVED', 'SURVIVED', 'SURVIVED', 'SURVIVED', 'SURVIVED', 'SURVIVED', 'SURVIVED', 'SURVIVED', 'SURVIVED', 'SURVIVED', 'SURVIVED', 'SURVIVED', 'SURVIVED', 'SURVIVED', 'SURVIVED', 'SURVIVED', 'SURVIVED', 'SURVIVED', 'SURVIVED', 'SURVIVED', 'SURVIVED', 'SURVIVED', 'SURVIVED', 'SURVIVED', 'SURVIVED', 'SURVIVED', 'SURVIVED', 'SURVIVED', 'SURVIVED', 'SURVIVED', 'SURVIVED', 'SURVIVED', 'SURVIVED', 'SURVIVED', 'SURVIVED', 'SURVIVED', 'SURVIVED', 'SURVIVED', 'SURVIVED', 'SURVIVED', 'SURVIVED', 'SURVIVED', 'SURVIVED', 'SURVIVED', 'SURVIVED', 'SURVIVED', 'SURVIVED', 'SURVIVED', 'SURVIVED', 'SURVIVED', 'SURVIVED', 'SURVIVED', 'SURVIVED', 'SURVIVED', 'SURVIVED', 'SURVIVED', 'SURVIVED', 'SURVIVED', 'SURVIVED', 'SURVIVED', 'SURVIVED', 'SURVIVED', 'SURVIVED', 'SURVIVED', 'SURVIVED', 'SURVIVED', 'SURVIVED', 'SURVIVED', 'SURVIVED', 'SURVIVED', 'SURVIVED', 'SURVIVED', 'SURVIVED', 'SURVIVED', 'SURVIVED', 'SURVIVED', 'SURVIVED', 'SURVIVED', 'SURVIVED', 'SURVIVED', 'SURVIVED', 'SURVIVED', 'SURVIVED', 'SURVIVED', 'SURVIVED', 'SURVIVED', 'SURVIVED', 'SURVIVED', 'SURVIVED', 'SURVIVED', 'SURVIVED', 'SURVIVED', 'SURVIVED', 'SURVIVED', 'SURVIVED', 'SURVIVED', 'SURVIVED', 'SURVIVED', 'SURVIVED', 'SURVIVED']","['SURVIVED', 'KILLED', 'SURVIVED', 'KILLED', 'KILLED', 'SURVIVED', 'SURVIVED', 'SURVIVED', 'SURVIVED', 'KILLED', 'KILLED', 'KILLED', 'SURVIVED', 'KILLED', 'SURVIVED', 'KILLED', 'SURVIVED', 'KILLED', 'SURVIVED', 'KILLED', 'KILLED', 'KILLED', 'SURVIVED', 'SURVIVED', 'KILLED', 'KILLED', 'SURVIVED', 'SURVIVED', 'SURVIVED', 'KILLED', 'KILLED', 'SURVIVED', 'KILLED', 'SURVIVED', 'KILLED', 'SURVIVED', 'SURVIVED', 'KILLED', 'SURVIVED', 'SURVIVED', 'KILLED', 'KILLED', 'SURVIVED', 'KILLED', 'SURVIVED', 'SURVIVED', 'KILLED', 'KILLED', 'KILLED', 'KILLED', 'SURVIVED', 'SURVIVED', 'SURVIVED', 'KILLED', 'KILLED', 'SURVIVED', 'SURVIVED', 'SURVIVED', 'SURVIVED', 'KILLED', 'SURVIVED', 'SURVIVED', 'KILLED', 'SURVIVED', 'KILLED', 'SURVIVED', 'SURVIVED', 'KILLED', 'SURVIVED', 'KILLED', 'KILLED', 'KILLED', 'SURVIVED', 'KILLED', 'KILLED', 'KILLED', 'KILLED', 'KILLED', 'KILLED', 'SURVIVED', 'KILLED', 'SURVIVED', 'KILLED', 'SURVIVED', 'SURVIVED', 'SURVIVED', 'KILLED', 'SURVIVED', 'KILLED', 'KILLED', 'KILLED', 'SURVIVED', 'SURVIVED', 'KILLED', 'KILLED', 'SURVIVED', 'KILLED', 'SURVIVED', 'KILLED', 'KILLED', 'SURVIVED', 'KILLED', 'SURVIVED', 'KILLED', 'SURVIVED', 'KILLED', 'KILLED', 'SURVIVED', 'SURVIVED', 'SURVIVED', 'KILLED', 'KILLED', 'SURVIVED', 'SURVIVED', 'KILLED', 'SURVIVED', 'KILLED', 'SURVIVED', 'SURVIVED', 'KILLED', 'KILLED', 'KILLED', 'SURVIVED', 'KILLED', 'KILLED', 'KILLED', 'SURVIVED', 'SURVIVED', 'SURVIVED', 'SURVIVED', 'KILLED', 'KILLED', 'SURVIVED', 'SURVIVED', 'SURVIVED', 'SURVIVED', 'KILLED', 'SURVIVED', 'KILLED', 'SURVIVED', 'SURVIVED', 'KILLED', 'SURVIVED', 'KILLED', 'KILLED', 'SURVIVED']","[0.897, 0.657, 0.088, 0.382, 0.961, 0.612, 0.626, 0.227, 0.24, 0.153, 0.971, 0.91, 0.329, 0.542, 0.207, 0.139, 0.541, 0.8, 0.863, 0.309, 0.705, 0.524, 0.135, 0.996, 0.976, 0.145, 0.933, 0.917, 0.317, 0.557, 0.949, 0.118, 0.318, 0.88, 0.727, 0.765, 0.88, 0.414, 0.411, 0.443, 0.934, 0.894, 0.933, 0.274, 0.779, 0.107, 0.185, 0.762, 0.612, 0.267, 0.567, 0.231, 0.232, 0.687, 0.359, 0.688, 0.477, 0.502, 0.605, 0.712, 0.374, 0.852, 0.491, 0.138, 0.193, 0.032, 0.765, 0.015, 0.27, 0.413, 0.742, 0.988, 0.758, 0.066, 0.927, 0.986, 0.867, 0.49, 0.325, 0.458, 0.247, 0.405, 0.042, 0.735, 0.38, 0.313, 0.612, 0.742, 0.594, 0.525, 0.876, 0.787, 0.521, 0.452, 0.827, 0.042, 0.996, 0.519, 0.396, 0.735, 0.558, 0.516, 0.631, 0.049, 0.291, 0.398, 0.305, 0.828, 0.461, 0.422, 0.613, 0.055, 0.517, 0.142, 0.83, 0.452, 0.723, 0.113, 0.779, 0.938, 0.696, 0.135, 0.414, 0.451, 0.179, 0.59, 0.713, 0.202, 0.455, 0.25, 0.692, 0.907, 0.796, 0.718, 0.124, 0.114, 0.449, 0.363, 0.524, 0.384, 0.791, 0.512, 0.95, 0.379, 0.381, 0.768]"
Csv_5,"['KILLED', 'KILLED', 'KILLED', 'KILLED', 'KILLED', 'KILLED', 'KILLED', 'KILLED', 'KILLED', 'KILLED', 'KILLED', 'KILLED', 'KILLED', 'KILLED', 'KILLED', 'KILLED', 'KILLED', 'KILLED', 'KILLED', 'KILLED', 'KILLED', 'KILLED', 'KILLED', 'KILLED', 'KILLED', 'KILLED', 'KILLED', 'KILLED', 'KILLED', 'KILLED', 'KILLED', 'KILLED', 'KILLED', 'KILLED', 'KILLED', 'KILLED', 'KILLED', 'KILLED', 'KILLED', 'KILLED', 'KILLED', 'KILLED', 'KILLED', 'KILLED', 'KILLED', 'KILLED', 'KILLED', 'KILLED', 'KILLED', 'KILLED', 'KILLED', 'KILLED', 'KILLED', 'KILLED', 'KILLED', 'KILLED', 'KILLED', 'KILLED', 'KILLED', 'KILLED', 'KILLED', 'KILLED', 'KILLED', 'KILLED', 'KILLED', 'KILLED', 'KILLED', 'KILLED', 'KILLED', 'KILLED', 'KILLED', 'KILLED', 'KILLED', 'KILLED', 'KILLED', 'KILLED', 'KILLED', 'KILLED', 'KILLED', 'KILLED', 'KILLED', 'KILLED', 'KILLED', 'KILLED', 'KILLED', 'KILLED', 'KILLED', 'KILLED', 'KILLED', 'KILLED', 'KILLED', 'KILLED', 'KILLED', 'KILLED', 'KILLED', 'KILLED', 'KILLED', 'KILLED', 'KILLED', 'KILLED', 'KILLED', 'KILLED', 'KILLED', 'KILLED', 'KILLED', 'KILLED', 'KILLED', 'KILLED', 'KILLED', 'KILLED', 'KILLED', 'KILLED', 'KILLED', 'KILLED', 'KILLED', 'KILLED', 'KILLED', 'KILLED', 'KILLED', 'KILLED', 'KILLED', 'KILLED', 'KILLED', 'KILLED', 'KILLED', 'KILLED', 'KILLED', 'KILLED', 'KILLED', 'KILLED', 'KILLED', 'KILLED', 'KILLED', 'KILLED', 'KILLED', 'KILLED', 'KILLED', 'KILLED', 'KILLED', 'KILLED', 'KILLED', 'KILLED', 'KILLED', 'KILLED', 'KILLED', 'KILLED']","['SURVIVED', 'KILLED', 'KILLED', 'KILLED', 'KILLED', 'KILLED', 'SURVIVED', 'SURVIVED', 'SURVIVED', 'SURVIVED', 'SURVIVED', 'KILLED', 'KILLED', 'KILLED', 'KILLED', 'KILLED', 'SURVIVED', 'KILLED', 'SURVIVED', 'SURVIVED', 'SURVIVED', 'KILLED', 'SURVIVED', 'KILLED', 'KILLED', 'SURVIVED', 'SURVIVED', 'SURVIVED', 'SURVIVED', 'KILLED', 'KILLED', 'KILLED', 'SURVIVED', 'KILLED', 'KILLED', 'KILLED', 'KILLED', 'KILLED', 'SURVIVED', 'KILLED', 'KILLED', 'KILLED', 'SURVIVED', 'SURVIVED', 'KILLED', 'KILLED', 'KILLED', 'SURVIVED', 'KILLED', 'KILLED', 'SURVIVED', 'KILLED', 'SURVIVED', 'SURVIVED', 'KILLED', 'KILLED', 'SURVIVED', 'SURVIVED', 'SURVIVED', 'SURVIVED', 'KILLED', 'SURVIVED', 'KILLED', 'SURVIVED', 'SURVIVED', 'KILLED', 'KILLED', 'SURVIVED', 'SURVIVED', 'SURVIVED', 'KILLED', 'KILLED', 'KILLED', 'KILLED', 'KILLED', 'SURVIVED', 'SURVIVED', 'SURVIVED', 'SURVIVED', 'SURVIVED', 'SURVIVED', 'KILLED', 'SURVIVED', 'SURVIVED', 'SURVIVED', 'KILLED', 'KILLED', 'SURVIVED', 'KILLED', 'KILLED', 'KILLED', 'KILLED', 'SURVIVED', 'KILLED', 'KILLED', 'SURVIVED', 'SURVIVED', 'KILLED', 'SURVIVED', 'SURVIVED', 'KILLED', 'KILLED', 'KILLED', 'SURVIVED', 'SURVIVED', 'KILLED', 'SURVIVED', 'SURVIVED', 'SURVIVED', 'KILLED', 'KILLED', 'SURVIVED', 'SURVIVED', 'SURVIVED', 'KILLED', 'KILLED', 'KILLED', 'SURVIVED', 'SURVIVED', 'SURVIVED', 'SURVIVED', 'KILLED', 'KILLED', 'SURVIVED', 'KILLED', 'SURVIVED', 'SURVIVED', 'SURVIVED', 'SURVIVED', 'KILLED', 'SURVIVED', 'SURVIVED', 'KILLED', 'KILLED', 'SURVIVED', 'SURVIVED', 'KILLED', 'KILLED', 'SURVIVED', 'KILLED', 'SURVIVED', 'SURVIVED', 'KILLED', 'SURVIVED', 'KILLED', 'KILLED']","[0.865, 0.752, 0.705, 0.314, 0.032, 0.414, 0.497, 0.238, 0.452, 0.951, 0.216, 0.302, 0.112, 0.785, 0.778, 0.913, 0.444, 0.025, 0.483, 0.5, 0.19, 0.924, 0.732, 0.524, 0.776, 0.143, 0.872, 0.822, 0.938, 0.677, 0.133, 0.725, 0.459, 0.714, 0.522, 0.004, 0.932, 0.687, 0.594, 0.087, 0.467, 0.046, 0.521, 0.659, 0.312, 0.578, 0.312, 0.892, 0.321, 0.193, 0.277, 0.319, 0.441, 0.118, 0.149, 0.274, 0.015, 0.623, 0.514, 0.207, 0.35, 0.318, 0.142, 0.704, 0.283, 0.245, 0.071, 0.613, 0.339, 0.444, 0.13, 0.471, 0.675, 0.106, 0.054, 0.426, 0.179, 0.596, 0.593, 0.836, 0.699, 0.616, 0.312, 0.817, 0.713, 0.671, 0.533, 0.974, 0.756, 0.466, 0.132, 0.813, 0.92, 0.468, 0.456, 0.684, 0.71, 0.465, 0.232, 0.224, 0.861, 0.617, 0.913, 0.392, 0.7, 0.665, 0.789, 0.882, 0.453, 0.03, 0.475, 0.351, 0.461, 0.171, 0.768, 0.604, 0.127, 0.103, 0.818, 0.797, 0.326, 0.649, 0.792, 0.533, 0.401, 0.413, 0.621, 0.548, 0.974, 0.384, 0.341, 0.814, 0.591, 0.784, 0.435, 0.787, 0.545, 0.236, 0.663, 0.078, 0.931, 0.574, 0.487, 0.592, 0.463, 0.555]"
Csv_5,"['SURVIVED', 'SURVIVED', 'SURVIVED', 'SURVIVED', 'SURVIVED', 'SURVIVED', 'SURVIVED', 'SURVIVED', 'SURVIVED', 'SURVIVED']","['SURVIVED', 'KILLED', 'SURVIVED', 'SURVIVED', 'KILLED', 'KILLED', 'SURVIVED', 'SURVIVED', 'SURVIVED', 'KILLED']","[0.091, 0.817, 0.887, 0.903, 0.636, 0.0, 0.147, 0.149, 0.531, 0.39]"
Csv_5,['KILLED'],['SURVIVED'],[0.196]
Csv_5,"['KILLED', 'SURVIVED', 'SURVIVED', 'SURVIVED', 'SURVIVED', 'SURVIVED', 'SURVIVED', 'SURVIVED', 'SURVIVED', 'SURVIVED']","['SURVIVED', 'SURVIVED', 'SURVIVED', 'SURVIVED', 'SURVIVED', 'KILLED', 'KILLED', 'SURVIVED', 'KILLED', 'SURVIVED']","[0.062, 0.901, 0.968, 0.001, 0.56, 0.979, 0.11, 0.282, 0.031, 0.432]"
Csv_5,['KILLED'],['SURVIVED'],[0.625]
Csv_5,"['KILLED', 'SURVIVED', 'SURVIVED', 'SURVIVED', 'SURVIVED', 'SURVIVED', 'SURVIVED', 'SURVIVED', 'SURVIVED', 'SURVIVED']","['SURVIVED', 'SURVIVED', 'SURVIVED', 'SURVIVED', 'KILLED', 'KILLED', 'SURVIVED', 'KILLED', 'KILLED', 'SURVIVED']","[0.843, 0.36, 0.417, 0.288, 0.873, 0.126, 0.012, 0.648, 0.144, 0.885]"
Csv_5,['KILLED'],['SURVIVED'],[0.975]
Csv_5,"['KILLED', 'SURVIVED', 'SURVIVED', 'SURVIVED', 'SURVIVED', 'SURVIVED', 'SURVIVED', 'SURVIVED', 'SURVIVED', 'SURVIVED']","['KILLED', 'KILLED', 'KILLED', 'SURVIVED', 'SURVIVED', 'SURVIVED', 'KILLED', 'SURVIVED', 'SURVIVED', 'SURVIVED']","[0.385, 0.226, 0.425, 0.007, 0.498, 0.731, 0.712, 0.269, 0.927, 0.576]"
Csv_5,"['KILLED', 'SURVIVED', 'SURVIVED', 'SURVIVED', 'SURVIVED', 'SURVIVED', 'SURVIVED', 'SURVIVED', 'SURVIVED', 'SURVIVED']","['KILLED', 'KILLED', 'SURVIVED', 'SURVIVED', 'KILLED', 'SURVIVED', 'KILLED', 'KILLED', 'SURVIVED', 'SURVIVED']","[0.517, 0.523, 0.61, 0.245, 0.631, 0.664, 0.669, 0.684, 0.539, 0.58]"
Csv_5,"['KILLED', 'SURVIVED', 'SURVIVED', 'SURVIVED', 'SURVIVED', 'SURVIVED', 'SURVIVED', 'SURVIVED', 'SURVIVED', 'SURVIVED']","['KILLED', 'SURVIVED', 'KILLED', 'SURVIVED', 'SURVIVED', 'SURVIVED', 'SURVIVED', 'SURVIVED', 'SURVIVED', 'SURVIVED']","[0.289, 0.035, 0.923, 0.749, 0.727, 0.564, 0.061, 0.473, 0.169, 0.052]"
Csv_5,['KILLED'],['SURVIVED'],[0.809]
Csv_5,"['KILLED', 'SURVIVED', 'SURVIVED', 'SURVIVED', 'SURVIVED', 'SURVIVED', 'SURVIVED', 'SURVIVED', 'SURVIVED']","['KILLED', 'SURVIVED', 'SURVIVED', 'KILLED', 'KILLED', 'KILLED', 'SURVIVED', 'SURVIVED', 'KILLED']","[0.616, 0.275, 0.257, 0.741, 0.604, 0.91, 0.739, 0.659, 0.37]"
Csv_5,"['KILLED', 'SURVIVED']","['KILLED', 'SURVIVED']","[0.783, 0.236]"
Csv_5,"['KILLED', 'KILLED', 'KILLED', 'KILLED', 'KILLED', 'KILLED', 'KILLED', 'KILLED', 'KILLED', 'KILLED', 'KILLED', 'KILLED', 'KILLED', 'KILLED', 'KILLED', 'KILLED', 'KILLED', 'KILLED', 'KILLED', 'KILLED', 'KILLED', 'KILLED', 'KILLED', 'KILLED', 'KILLED', 'KILLED', 'KILLED', 'KILLED', 'KILLED', 'KILLED', 'KILLED', 'SURVIVED', 'SURVIVED', 'SURVIVED', 'SURVIVED', 'SURVIVED', 'SURVIVED', 'SURVIVED', 'SURVIVED', 'SURVIVED', 'SURVIVED', 'SURVIVED']","['KILLED', 'KILLED', 'SURVIVED', 'KILLED', 'KILLED', 'KILLED', 'SURVIVED', 'SURVIVED', 'SURVIVED', 'KILLED', 'SURVIVED', 'KILLED', 'KILLED', 'SURVIVED', 'KILLED', 'SURVIVED', 'KILLED', 'KILLED', 'KILLED', 'SURVIVED', 'SURVIVED', 'SURVIVED', 'SURVIVED', 'SURVIVED', 'KILLED', 'SURVIVED', 'SURVIVED', 'SURVIVED', 'SURVIVED', 'KILLED', 'SURVIVED', 'KILLED', 'SURVIVED', 'SURVIVED', 'SURVIVED', 'SURVIVED', 'KILLED', 'KILLED', 'SURVIVED', 'SURVIVED', 'SURVIVED', 'SURVIVED']","[0.27, 0.802, 0.255, 0.584, 0.461, 0.675, 0.242, 0.672, 0.77, 0.52, 0.678, 0.993, 0.313, 0.011, 0.008, 0.068, 0.411, 0.525, 0.685, 0.352, 0.725, 0.252, 0.034, 0.619, 0.057, 0.594, 0.894, 0.217, 0.599, 0.122, 0.958, 0.086, 0.605, 0.376, 0.764, 0.648, 0.803, 0.185, 0.111, 0.184, 0.295, 0.66]"
Csv_5,['SURVIVED'],['KILLED'],[0.639]
Csv_5,['SURVIVED'],['SURVIVED'],[0.769]
Csv_5,['SURVIVED'],['SURVIVED'],[0.257]
Csv_5,['SURVIVED'],['KILLED'],[0.277]
Csv_5,['SURVIVED'],['KILLED'],[0.383]
Csv_5,['SURVIVED'],['SURVIVED'],[0.996]
Csv_5,['SURVIVED'],['SURVIVED'],[0.956]
Csv_5,['SURVIVED'],['SURVIVED'],[0.178]
Csv_5,['SURVIVED'],['KILLED'],[0.492]
Csv_5,['SURVIVED'],['KILLED'],[0.61]
Csv_5,['SURVIVED'],['KILLED'],[0.645]
Csv_5,['SURVIVED'],['KILLED'],[0.144]
Csv_5,['KILLED'],['SURVIVED'],[0.218]
Csv_5,['SURVIVED'],['KILLED'],[0.913]
Csv_5,['SURVIVED'],['SURVIVED'],[0.103]
Csv_5,['SURVIVED'],['KILLED'],[0.07]
Csv_5,['SURVIVED'],['SURVIVED'],[0.777]
Csv_5,['KILLED'],['KILLED'],[0.897]
Csv_5,['SURVIVED'],['KILLED'],[0.653]
Csv_5,['SURVIVED'],['KILLED'],[0.933]
Csv_5,['SURVIVED'],['SURVIVED'],[0.266]
Csv_5,['KILLED'],['SURVIVED'],[0.905]
Csv_5,['SURVIVED'],['KILLED'],[0.515]
Csv_5,['SURVIVED'],['SURVIVED'],[0.478]
Csv_5,['SURVIVED'],['SURVIVED'],[0.844]
Csv_5,['SURVIVED'],['KILLED'],[0.54]
Csv_5,['SURVIVED'],['KILLED'],[0.384]
Csv_5,['SURVIVED'],['SURVIVED'],[0.121]
Csv_5,['SURVIVED'],['SURVIVED'],[0.333]
Csv_5,['SURVIVED'],['SURVIVED'],[0.401]
Csv_5,['SURVIVED'],['KILLED'],[0.365]
Csv_5,['SURVIVED'],['SURVIVED'],[0.08]
Csv_5,['SURVIVED'],['SURVIVED'],[0.76]
Csv_5,['SURVIVED'],['SURVIVED'],[0.648]
Csv_5,['SURVIVED'],['KILLED'],[0.554]
Csv_5,['SURVIVED'],['SURVIVED'],[0.661]
Csv_5,['SURVIVED'],['SURVIVED'],[0.696]
Csv_5,['KILLED'],['KILLED'],[0.631]
Csv_5,['SURVIVED'],['SURVIVED'],[0.487]
Csv_5,['SURVIVED'],['SURVIVED'],[0.735]
Csv_5,['KILLED'],['KILLED'],[0.036]
Csv_5,['SURVIVED'],['KILLED'],[0.72]
Csv_5,['SURVIVED'],['KILLED'],[0.489]
Csv_5,['KILLED'],['KILLED'],[0.793]
Csv_5,['SURVIVED'],['SURVIVED'],[0.5]
Csv_5,['SURVIVED'],['SURVIVED'],[0.967]
Csv_5,['SURVIVED'],['KILLED'],[0.037]
Csv_5,['SURVIVED'],['KILLED'],[0.338]
Csv_5,['SURVIVED'],['KILLED'],[0.406]
Csv_5,['KILLED'],['KILLED'],[0.807]
Csv_5,['SURVIVED'],['SURVIVED'],[0.94]
Csv_5,['SURVIVED'],['KILLED'],[0.741]
Csv_5,['KILLED'],['KILLED'],[0.925]
Csv_5,['SURVIVED'],['KILLED'],[0.735]
Csv_5,['SURVIVED'],['SURVIVED'],[0.654]
Csv_5,['KILLED'],['SURVIVED'],[0.907]
Csv_5,['SURVIVED'],['KILLED'],[0.243]
Csv_5,['SURVIVED'],['KILLED'],[0.014]
Csv_5,['SURVIVED'],['KILLED'],[0.905]
Csv_5,['SURVIVED'],['KILLED'],[0.456]
Csv_5,['SURVIVED'],['KILLED'],[0.835]
Csv_5,['SURVIVED'],['KILLED'],[0.818]
Csv_5,['SURVIVED'],['KILLED'],[0.114]
Csv_5,['SURVIVED'],['KILLED'],[0.063]
Csv_5,['SURVIVED'],['KILLED'],[0.426]
Csv_5,['SURVIVED'],['SURVIVED'],[0.324]
Csv_5,['SURVIVED'],['KILLED'],[0.322]
Csv_5,['SURVIVED'],['KILLED'],[0.764]
Csv_5,['SURVIVED'],['KILLED'],[0.336]
Csv_5,['SURVIVED'],['KILLED'],[0.274]
Csv_5,['SURVIVED'],['SURVIVED'],[0.168]
Csv_5,['SURVIVED'],['SURVIVED'],[0.553]
Csv_5,['SURVIVED'],['SURVIVED'],[0.244]
Csv_5,['SURVIVED'],['KILLED'],[0.133]
Csv_5,['SURVIVED'],['SURVIVED'],[0.778]
Csv_5,['SURVIVED'],['KILLED'],[0.88]
Csv_5,['SURVIVED'],['KILLED'],[0.006]
Csv_5,['SURVIVED'],['KILLED'],[0.926]
Csv_5,['SURVIVED'],['SURVIVED'],[0.416]
Csv_5,['SURVIVED'],['SURVIVED'],[0.692]
Csv_5,['SURVIVED'],['KILLED'],[0.143]
Csv_5,['SURVIVED'],['SURVIVED'],[0.523]
Csv_5,['SURVIVED'],['SURVIVED'],[0.239]
Csv_5,['SURVIVED'],['KILLED'],[0.611]
Csv_5,['SURVIVED'],['KILLED'],[0.596]
Csv_5,['SURVIVED'],['SURVIVED'],[0.612]
Csv_5,['SURVIVED'],['KILLED'],[0.627]
Csv_5,['SURVIVED'],['SURVIVED'],[0.348]
Csv_5,['SURVIVED'],['KILLED'],[0.558]
Csv_5,['SURVIVED'],['KILLED'],[0.118]
Csv_5,['SURVIVED'],['KILLED'],[0.619]
Csv_5,['SURVIVED'],['KILLED'],[0.464]
Csv_5,['SURVIVED'],['KILLED'],[0.276]
Csv_5,['SURVIVED'],['KILLED'],[0.113]
Csv_5,['SURVIVED'],['KILLED'],[0.685]
Csv_5,['SURVIVED'],['SURVIVED'],[0.498]
Csv_5,['SURVIVED'],['KILLED'],[0.67]
Csv_5,['KILLED'],['KILLED'],[0.054]
Csv_5,['SURVIVED'],['SURVIVED'],[0.285]
Csv_5,['SURVIVED'],['SURVIVED'],[0.251]
Csv_5,['KILLED'],['SURVIVED'],[0.043]
Csv_5,['SURVIVED'],['KILLED'],[0.925]
Csv_5,"['KILLED', 'KILLED', 'SURVIVED', 'SURVIVED']","['KILLED', 'KILLED', 'KILLED', 'SURVIVED']","[0.515, 0.071, 0.235, 0.445]"
Csv_5,"['KILLED', 'KILLED', 'KILLED', 'KILLED', 'KILLED', 'SURVIVED', 'SURVIVED', 'SURVIVED', 'SURVIVED', 'SURVIVED']","['SURVIVED', 'SURVIVED', 'KILLED', 'SURVIVED', 'KILLED', 'KILLED', 'SURVIVED', 'KILLED', 'KILLED', 'KILLED']","[0.738, 0.87, 0.376, 0.221, 0.471, 0.484, 0.89, 0.145, 0.928, 0.455]"
Csv_5,"['KILLED', 'KILLED', 'KILLED', 'KILLED', 'KILLED', 'KILLED', 'KILLED', 'KILLED', 'SURVIVED', 'SURVIVED', 'SURVIVED', 'SURVIVED', 'SURVIVED', 'SURVIVED', 'SURVIVED', 'SURVIVED', 'SURVIVED', 'SURVIVED', 'SURVIVED', 'SURVIVED', 'SURVIVED', 'SURVIVED', 'SURVIVED', 'SURVIVED', 'SURVIVED', 'SURVIVED', 'SURVIVED', 'SURVIVED', 'SURVIVED', 'SURVIVED', 'SURVIVED', 'SURVIVED', 'SURVIVED', 'SURVIVED', 'SURVIVED']","['SURVIVED', 'SURVIVED', 'KILLED', 'SURVIVED', 'KILLED', 'SURVIVED', 'SURVIVED', 'KILLED', 'SURVIVED', 'KILLED', 'KILLED', 'KILLED', 'SURVIVED', 'KILLED', 'KILLED', 'SURVIVED', 'SURVIVED', 'SURVIVED', 'KILLED', 'SURVIVED', 'KILLED', 'SURVIVED', 'KILLED', 'KILLED', 'KILLED', 'KILLED', 'SURVIVED', 'SURVIVED', 'KILLED', 'SURVIVED', 'SURVIVED', 'SURVIVED', 'KILLED', 'SURVIVED', 'KILLED']","[0.248, 0.434, 0.222, 0.927, 0.946, 0.914, 0.898, 0.418, 0.044, 0.991, 0.733, 0.504, 0.426, 0.394, 0.81, 0.697, 0.098, 0.495, 0.083, 0.753, 0.693, 0.407, 0.218, 0.358, 0.239, 0.999, 0.016, 0.669, 0.162, 0.459, 0.57, 0.584, 0.976, 0.464, 0.139]"
Csv_5,"['KILLED', 'KILLED', 'KILLED', 'KILLED', 'KILLED', 'KILLED', 'KILLED', 'KILLED', 'KILLED', 'KILLED', 'SURVIVED', 'SURVIVED', 'SURVIVED', 'SURVIVED', 'SURVIVED', 'SURVIVED', 'SURVIVED', 'SURVIVED', 'SURVIVED', 'SURVIVED', 'SURVIVED', 'SURVIVED', 'SURVIVED', 'SURVIVED', 'SURVIVED', 'SURVIVED', 'SURVIVED', 'SURVIVED', 'SURVIVED', 'SURVIVED', 'SURVIVED', 'SURVIVED', 'SURVIVED', 'SURVIVED', 'SURVIVED', 'SURVIVED', 'SURVIVED', 'SURVIVED', 'SURVIVED', 'SURVIVED', 'SURVIVED', 'SURVIVED', 'SURVIVED', 'SURVIVED', 'SURVIVED', 'SURVIVED', 'SURVIVED', 'SURVIVED', 'SURVIVED', 'SURVIVED', 'SURVIVED', 'SURVIVED', 'SURVIVED', 'SURVIVED', 'SURVIVED', 'SURVIVED', 'SURVIVED', 'SURVIVED', 'SURVIVED', 'SURVIVED', 'SURVIVED', 'SURVIVED', 'SURVIVED', 'SURVIVED', 'SURVIVED', 'SURVIVED', 'SURVIVED', 'SURVIVED', 'SURVIVED', 'SURVIVED', 'SURVIVED', 'SURVIVED', 'SURVIVED', 'SURVIVED', 'SURVIVED', 'SURVIVED', 'SURVIVED', 'SURVIVED', 'SURVIVED', 'SURVIVED', 'SURVIVED', 'SURVIVED', 'SURVIVED', 'SURVIVED']","['SURVIVED', 'KILLED', 'SURVIVED', 'SURVIVED', 'KILLED', 'KILLED', 'SURVIVED', 'SURVIVED', 'KILLED', 'SURVIVED', 'SURVIVED', 'SURVIVED', 'KILLED', 'KILLED', 'SURVIVED', 'KILLED', 'SURVIVED', 'KILLED', 'KILLED', 'SURVIVED', 'SURVIVED', 'SURVIVED', 'KILLED', 'SURVIVED', 'SURVIVED', 'KILLED', 'KILLED', 'KILLED', 'KILLED', 'SURVIVED', 'KILLED', 'KILLED', 'SURVIVED', 'KILLED', 'KILLED', 'SURVIVED', 'SURVIVED', 'SURVIVED', 'SURVIVED', 'SURVIVED', 'KILLED', 'KILLED', 'SURVIVED', 'SURVIVED', 'SURVIVED', 'SURVIVED', 'KILLED', 'SURVIVED', 'SURVIVED', 'SURVIVED', 'SURVIVED', 'KILLED', 'KILLED', 'SURVIVED', 'KILLED', 'KILLED', 'SURVIVED', 'KILLED', 'SURVIVED', 'KILLED', 'KILLED', 'KILLED', 'SURVIVED', 'KILLED', 'KILLED', 'SURVIVED', 'KILLED', 'KILLED', 'KILLED', 'SURVIVED', 'SURVIVED', 'KILLED', 'SURVIVED', 'SURVIVED', 'SURVIVED', 'SURVIVED', 'KILLED', 'SURVIVED', 'KILLED', 'KILLED', 'KILLED', 'KILLED', 'SURVIVED', 'SURVIVED']","[0.579, 0.656, 0.787, 0.486, 0.666, 0.53, 0.548, 0.458, 0.567, 0.898, 0.306, 0.789, 0.227, 0.372, 0.288, 0.846, 0.148, 0.284, 0.956, 0.619, 0.161, 0.535, 0.182, 0.175, 0.708, 0.905, 0.794, 0.161, 0.117, 0.994, 0.575, 0.441, 0.37, 0.205, 0.707, 0.666, 0.978, 0.148, 0.448, 0.975, 0.534, 0.121, 0.025, 0.931, 0.769, 0.948, 0.928, 0.156, 0.97, 0.546, 0.507, 0.647, 0.296, 0.896, 0.97, 0.754, 0.994, 0.667, 0.8, 0.729, 0.922, 0.339, 0.112, 0.479, 0.04, 0.678, 0.117, 0.025, 0.618, 0.22, 0.357, 0.326, 0.608, 0.195, 0.526, 0.781, 0.767, 0.196, 0.084, 0.849, 0.677, 0.958, 0.976, 0.394]"
Csv_5,"['KILLED', 'SURVIVED', 'SURVIVED', 'SURVIVED', 'SURVIVED', 'SURVIVED', 'SURVIVED', 'SURVIVED', 'SURVIVED', 'SURVIVED', 'SURVIVED', 'SURVIVED', 'SURVIVED', 'SURVIVED', 'SURVIVED', 'SURVIVED', 'SURVIVED', 'SURVIVED', 'SURVIVED', 'SURVIVED', 'SURVIVED', 'SURVIVED', 'SURVIVED', 'SURVIVED', 'SURVIVED', 'SURVIVED', 'SURVIVED', 'SURVIVED', 'SURVIVED', 'SURVIVED', 'SURVIVED', 'SURVIVED', 'SURVIVED', 'SURVIVED', 'SURVIVED', 'SURVIVED', 'SURVIVED', 'SURVIVED', 'SURVIVED', 'SURVIVED', 'SURVIVED', 'SURVIVED', 'SURVIVED', 'SURVIVED', 'SURVIVED', 'SURVIVED', 'SURVIVED', 'SURVIVED', 'SURVIVED', 'SURVIVED', 'SURVIVED', 'SURVIVED', 'SURVIVED', 'SURVIVED', 'SURVIVED', 'SURVIVED', 'SURVIVED', 'SURVIVED', 'SURVIVED', 'SURVIVED', 'SURVIVED', 'SURVIVED', 'SURVIVED', 'SURVIVED', 'SURVIVED', 'SURVIVED', 'SURVIVED', 'SURVIVED', 'SURVIVED', 'SURVIVED', 'SURVIVED', 'SURVIVED', 'SURVIVED', 'SURVIVED', 'SURVIVED', 'SURVIVED', 'SURVIVED', 'SURVIVED', 'SURVIVED', 'SURVIVED', 'SURVIVED', 'SURVIVED', 'SURVIVED', 'SURVIVED']","['SURVIVED', 'SURVIVED', 'KILLED', 'SURVIVED', 'SURVIVED', 'KILLED', 'SURVIVED', 'SURVIVED', 'SURVIVED', 'SURVIVED', 'KILLED', 'SURVIVED', 'SURVIVED', 'SURVIVED', 'SURVIVED', 'SURVIVED', 'KILLED', 'KILLED', 'SURVIVED', 'SURVIVED', 'SURVIVED', 'SURVIVED', 'KILLED', 'SURVIVED', 'SURVIVED', 'KILLED', 'KILLED', 'KILLED', 'KILLED', 'SURVIVED', 'SURVIVED', 'SURVIVED', 'KILLED', 'SURVIVED', 'KILLED', 'KILLED', 'SURVIVED', 'SURVIVED', 'SURVIVED', 'KILLED', 'SURVIVED', 'KILLED', 'KILLED', 'KILLED', 'SURVIVED', 'SURVIVED', 'SURVIVED', 'KILLED', 'SURVIVED', 'SURVIVED', 'SURVIVED', 'SURVIVED', 'KILLED', 'KILLED', 'KILLED', 'KILLED', 'SURVIVED', 'SURVIVED', 'SURVIVED', 'KILLED', 'SURVIVED', 'SURVIVED', 'KILLED', 'SURVIVED', 'KILLED', 'KILLED', 'KILLED', 'SURVIVED', 'SURVIVED', 'KILLED', 'SURVIVED', 'SURVIVED', 'SURVIVED', 'SURVIVED', 'SURVIVED', 'KILLED', 'SURVIVED', 'KILLED', 'SURVIVED', 'KILLED', 'KILLED', 'KILLED', 'SURVIVED', 'SURVIVED']","[0.878, 0.135, 0.163, 0.273, 0.42, 0.912, 0.356, 0.29, 0.53, 0.936, 0.514, 0.766, 0.183, 0.095, 0.753, 0.544, 0.872, 0.827, 0.685, 0.301, 0.685, 0.688, 0.096, 0.58, 0.823, 0.013, 0.518, 0.373, 0.485, 0.34, 0.911, 0.102, 0.155, 0.221, 0.188, 0.897, 0.613, 0.831, 0.526, 0.532, 0.551, 0.756, 0.114, 0.46, 0.076, 0.819, 0.923, 0.48, 0.312, 0.363, 0.817, 0.89, 0.598, 0.764, 0.342, 0.71, 0.029, 0.815, 0.222, 0.857, 0.142, 0.227, 0.125, 0.13, 0.079, 0.691, 0.784, 0.078, 0.775, 0.757, 0.043, 0.108, 0.793, 0.513, 0.059, 0.119, 0.253, 0.066, 0.668, 0.755, 0.782, 0.92, 0.205, 0.901]"
Csv_5,"['KILLED', 'KILLED', 'KILLED', 'KILLED', 'KILLED', 'KILLED', 'KILLED', 'KILLED', 'KILLED', 'KILLED', 'KILLED', 'KILLED', 'KILLED', 'KILLED', 'KILLED', 'KILLED', 'KILLED', 'KILLED', 'KILLED', 'KILLED', 'KILLED', 'KILLED', 'KILLED', 'KILLED', 'KILLED', 'KILLED', 'KILLED', 'KILLED', 'KILLED', 'KILLED', 'KILLED', 'KILLED', 'KILLED', 'KILLED', 'KILLED', 'KILLED', 'KILLED', 'KILLED', 'KILLED', 'KILLED', 'KILLED', 'KILLED', 'KILLED', 'KILLED', 'KILLED', 'KILLED', 'KILLED', 'KILLED', 'KILLED', 'KILLED', 'KILLED', 'KILLED', 'KILLED', 'KILLED', 'KILLED', 'KILLED', 'KILLED', 'KILLED', 'KILLED', 'KILLED', 'KILLED', 'KILLED', 'KILLED', 'KILLED', 'KILLED', 'KILLED', 'KILLED', 'SURVIVED', 'SURVIVED', 'SURVIVED', 'SURVIVED', 'SURVIVED', 'SURVIVED', 'SURVIVED', 'SURVIVED', 'SURVIVED', 'SURVIVED', 'SURVIVED', 'SURVIVED', 'SURVIVED', 'SURVIVED', 'SURVIVED', 'SURVIVED', 'SURVIVED']","['KILLED', 'SURVIVED', 'KILLED', 'KILLED', 'KILLED', 'SURVIVED', 'SURVIVED', 'SURVIVED', 'KILLED', 'KILLED', 'KILLED', 'KILLED', 'KILLED', 'KILLED', 'KILLED', 'SURVIVED', 'KILLED', 'KILLED', 'KILLED', 'KILLED', 'SURVIVED', 'SURVIVED', 'KILLED', 'SURVIVED', 'KILLED', 'KILLED', 'SURVIVED', 'SURVIVED', 'SURVIVED', 'KILLED', 'KILLED', 'SURVIVED', 'KILLED', 'SURVIVED', 'KILLED', 'SURVIVED', 'KILLED', 'KILLED', 'SURVIVED', 'SURVIVED', 'SURVIVED', 'KILLED', 'KILLED', 'SURVIVED', 'SURVIVED', 'KILLED', 'SURVIVED', 'SURVIVED', 'SURVIVED', 'SURVIVED', 'SURVIVED', 'KILLED', 'SURVIVED', 'SURVIVED', 'SURVIVED', 'KILLED', 'KILLED', 'SURVIVED', 'SURVIVED', 'KILLED', 'KILLED', 'SURVIVED', 'KILLED', 'SURVIVED', 'SURVIVED', 'KILLED', 'KILLED', 'KILLED', 'SURVIVED', 'SURVIVED', 'KILLED', 'KILLED', 'KILLED', 'SURVIVED', 'KILLED', 'SURVIVED', 'KILLED', 'SURVIVED', 'KILLED', 'KILLED', 'SURVIVED', 'SURVIVED', 'SURVIVED', 'SURVIVED']","[0.756, 0.801, 0.943, 0.356, 0.667, 0.95, 0.988, 0.511, 0.147, 0.455, 0.122, 0.489, 0.231, 0.942, 0.03, 0.738, 0.83, 0.498, 0.027, 0.179, 0.605, 0.327, 0.303, 0.623, 0.76, 0.661, 0.52, 0.492, 0.466, 0.294, 0.498, 0.505, 0.542, 0.809, 0.541, 0.018, 0.764, 0.991, 0.88, 0.119, 0.45, 0.853, 0.443, 0.036, 0.177, 0.659, 0.779, 0.885, 0.164, 0.431, 0.312, 0.389, 0.764, 0.569, 0.491, 0.554, 0.539, 0.47, 0.562, 0.156, 0.056, 0.263, 0.591, 0.378, 0.676, 0.766, 0.284, 0.061, 0.59, 0.128, 0.366, 0.81, 0.584, 0.765, 0.625, 0.381, 0.428, 0.992, 0.412, 0.056, 0.244, 0.235, 0.312, 0.085]"
Csv_5,"['KILLED', 'KILLED', 'KILLED', 'KILLED', 'KILLED', 'KILLED', 'KILLED', 'KILLED', 'KILLED', 'KILLED', 'SURVIVED', 'SURVIVED', 'SURVIVED', 'SURVIVED', 'SURVIVED', 'SURVIVED', 'SURVIVED', 'SURVIVED', 'SURVIVED', 'SURVIVED', 'SURVIVED', 'SURVIVED', 'SURVIVED', 'SURVIVED', 'SURVIVED', 'SURVIVED', 'SURVIVED', 'SURVIVED', 'SURVIVED', 'SURVIVED', 'SURVIVED', 'SURVIVED', 'SURVIVED', 'SURVIVED', 'SURVIVED', 'SURVIVED', 'SURVIVED', 'SURVIVED', 'SURVIVED', 'SURVIVED', 'SURVIVED', 'SURVIVED', 'SURVIVED', 'SURVIVED', 'SURVIVED', 'SURVIVED', 'SURVIVED', 'SURVIVED', 'SURVIVED', 'SURVIVED', 'SURVIVED', 'SURVIVED', 'SURVIVED', 'SURVIVED', 'SURVIVED', 'SURVIVED', 'SURVIVED', 'SURVIVED', 'SURVIVED', 'SURVIVED', 'SURVIVED', 'SURVIVED', 'SURVIVED', 'SURVIVED', 'SURVIVED', 'SURVIVED', 'SURVIVED', 'SURVIVED', 'SURVIVED', 'SURVIVED', 'SURVIVED', 'SURVIVED', 'SURVIVED', 'SURVIVED', 'SURVIVED', 'SURVIVED', 'SURVIVED', 'SURVIVED', 'SURVIVED', 'SURVIVED', 'SURVIVED', 'SURVIVED', 'SURVIVED', 'SURVIVED']","['KILLED', 'SURVIVED', 'KILLED', 'SURVIVED', 'KILLED', 'KILLED', 'SURVIVED', 'KILLED', 'SURVIVED', 'SURVIVED', 'SURVIVED', 'SURVIVED', 'KILLED', 'SURVIVED', 'KILLED', 'SURVIVED', 'SURVIVED', 'SURVIVED', 'SURVIVED', 'KILLED', 'SURVIVED', 'KILLED', 'KILLED', 'SURVIVED', 'SURVIVED', 'SURVIVED', 'KILLED', 'SURVIVED', 'SURVIVED', 'SURVIVED', 'KILLED', 'SURVIVED', 'KILLED', 'KILLED', 'SURVIVED', 'SURVIVED', 'KILLED', 'SURVIVED', 'SURVIVED', 'KILLED', 'KILLED', 'KILLED', 'SURVIVED', 'SURVIVED', 'KILLED', 'SURVIVED', 'SURVIVED', 'KILLED', 'SURVIVED', 'KILLED', 'SURVIVED', 'SURVIVED', 'SURVIVED', 'SURVIVED', 'KILLED', 'SURVIVED', 'SURVIVED', 'SURVIVED', 'SURVIVED', 'KILLED', 'KILLED', 'KILLED', 'SURVIVED', 'KILLED', 'SURVIVED', 'SURVIVED', 'SURVIVED', 'KILLED', 'KILLED', 'SURVIVED', 'SURVIVED', 'KILLED', 'KILLED', 'KILLED', 'SURVIVED', 'SURVIVED', 'SURVIVED', 'SURVIVED', 'KILLED', 'KILLED', 'SURVIVED', 'SURVIVED', 'SURVIVED', 'KILLED']","[0.256, 0.601, 0.406, 0.114, 0.192, 0.246, 0.827, 0.464, 0.56, 0.436, 0.647, 0.037, 0.159, 0.136, 0.258, 0.804, 0.659, 0.176, 0.853, 0.964, 0.486, 0.02, 0.86, 0.084, 0.602, 0.867, 0.901, 0.407, 0.363, 0.657, 0.09, 0.943, 0.724, 0.141, 0.112, 0.734, 0.933, 0.522, 0.829, 0.95, 0.932, 0.252, 0.885, 0.238, 0.122, 0.807, 0.329, 0.584, 0.39, 0.748, 0.236, 0.423, 0.144, 0.175, 0.97, 0.439, 0.254, 0.589, 0.49, 0.375, 0.949, 0.316, 0.424, 0.683, 0.963, 0.879, 0.937, 0.363, 0.716, 0.821, 0.021, 0.967, 0.606, 0.841, 0.662, 0.941, 0.691, 0.789, 0.24, 0.553, 0.309, 0.958, 0.363, 0.812]"
Csv_5,"['KILLED', 'KILLED', 'KILLED', 'KILLED', 'KILLED', 'KILLED', 'KILLED', 'KILLED', 'KILLED', 'KILLED', 'SURVIVED', 'SURVIVED', 'SURVIVED', 'SURVIVED', 'SURVIVED', 'SURVIVED', 'SURVIVED', 'SURVIVED', 'SURVIVED', 'SURVIVED', 'SURVIVED', 'SURVIVED', 'SURVIVED', 'SURVIVED', 'SURVIVED', 'SURVIVED', 'SURVIVED', 'SURVIVED', 'SURVIVED', 'SURVIVED', 'SURVIVED', 'SURVIVED', 'SURVIVED', 'SURVIVED', 'SURVIVED', 'SURVIVED', 'SURVIVED', 'SURVIVED', 'SURVIVED', 'SURVIVED', 'SURVIVED', 'SURVIVED', 'SURVIVED', 'SURVIVED', 'SURVIVED', 'SURVIVED', 'SURVIVED', 'SURVIVED', 'SURVIVED', 'SURVIVED', 'SURVIVED', 'SURVIVED', 'SURVIVED', 'SURVIVED', 'SURVIVED', 'SURVIVED', 'SURVIVED', 'SURVIVED', 'SURVIVED', 'SURVIVED', 'SURVIVED', 'SURVIVED', 'SURVIVED', 'SURVIVED', 'SURVIVED', 'SURVIVED', 'SURVIVED', 'SURVIVED', 'SURVIVED', 'SURVIVED', 'SURVIVED', 'SURVIVED', 'SURVIVED', 'SURVIVED', 'SURVIVED', 'SURVIVED', 'SURVIVED', 'SURVIVED', 'SURVIVED', 'SURVIVED', 'SURVIVED', 'SURVIVED', 'SURVIVED', 'SURVIVED']","['KILLED', 'KILLED', 'SURVIVED', 'SURVIVED', 'KILLED', 'SURVIVED', 'SURVIVED', 'SURVIVED', 'KILLED', 'KILLED', 'SURVIVED', 'KILLED', 'KILLED', 'SURVIVED', 'SURVIVED', 'SURVIVED', 'KILLED', 'SURVIVED', 'KILLED', 'SURVIVED', 'SURVIVED', 'SURVIVED', 'SURVIVED', 'SURVIVED', 'KILLED', 'KILLED', 'SURVIVED', 'KILLED', 'SURVIVED', 'SURVIVED', 'SURVIVED', 'SURVIVED', 'KILLED', 'KILLED', 'KILLED', 'SURVIVED', 'KILLED', 'KILLED', 'SURVIVED', 'KILLED', 'SURVIVED', 'SURVIVED', 'KILLED', 'KILLED', 'KILLED', 'KILLED', 'KILLED', 'SURVIVED', 'SURVIVED', 'SURVIVED', 'SURVIVED', 'KILLED', 'SURVIVED', 'KILLED', 'SURVIVED', 'SURVIVED', 'KILLED', 'KILLED', 'SURVIVED', 'SURVIVED', 'KILLED', 'SURVIVED', 'SURVIVED', 'KILLED', 'KILLED', 'KILLED', 'KILLED', 'KILLED', 'SURVIVED', 'KILLED', 'SURVIVED', 'KILLED', 'KILLED', 'SURVIVED', 'SURVIVED', 'SURVIVED', 'KILLED', 'KILLED', 'SURVIVED', 'KILLED', 'KILLED', 'KILLED', 'SURVIVED', 'SURVIVED']","[0.827, 0.494, 0.224, 0.203, 0.946, 0.813, 0.266, 0.746, 0.382, 0.431, 0.207, 0.216, 0.824, 0.727, 0.189, 0.18, 0.792, 0.029, 0.976, 0.235, 0.451, 0.248, 0.583, 0.647, 0.086, 0.469, 0.871, 0.974, 0.398, 0.212, 0.383, 0.423, 0.597, 0.073, 0.557, 0.052, 0.931, 0.471, 0.354, 0.606, 0.671, 0.802, 0.71, 0.81, 0.005, 0.505, 0.381, 0.978, 0.671, 0.132, 0.892, 0.041, 0.179, 0.17, 0.493, 0.339, 0.468, 0.09, 0.71, 0.433, 0.26, 0.313, 0.979, 0.499, 0.973, 0.281, 0.361, 0.43, 0.903, 0.263, 0.83, 0.927, 0.517, 0.436, 0.165, 0.737, 0.491, 0.95, 0.556, 0.923, 0.637, 0.44, 0.189, 0.055]"
Csv_5,"['SURVIVED', 'SURVIVED', 'SURVIVED', 'SURVIVED', 'SURVIVED', 'SURVIVED', 'SURVIVED', 'SURVIVED', 'SURVIVED', 'SURVIVED', 'SURVIVED', 'SURVIVED', 'SURVIVED', 'SURVIVED', 'SURVIVED', 'SURVIVED', 'SURVIVED', 'SURVIVED', 'SURVIVED', 'SURVIVED', 'SURVIVED', 'SURVIVED', 'SURVIVED', 'SURVIVED', 'SURVIVED', 'SURVIVED', 'SURVIVED', 'SURVIVED', 'SURVIVED', 'SURVIVED', 'SURVIVED', 'SURVIVED', 'SURVIVED', 'SURVIVED', 'SURVIVED', 'SURVIVED', 'SURVIVED', 'SURVIVED', 'SURVIVED', 'SURVIVED', 'SURVIVED', 'SURVIVED', 'SURVIVED', 'SURVIVED', 'SURVIVED', 'SURVIVED', 'SURVIVED', 'SURVIVED', 'SURVIVED', 'SURVIVED', 'SURVIVED', 'SURVIVED', 'SURVIVED', 'SURVIVED', 'SURVIVED', 'SURVIVED', 'SURVIVED', 'SURVIVED', 'SURVIVED', 'SURVIVED', 'SURVIVED', 'SURVIVED', 'SURVIVED', 'SURVIVED', 'SURVIVED', 'SURVIVED', 'SURVIVED', 'SURVIVED', 'SURVIVED', 'SURVIVED', 'SURVIVED', 'SURVIVED', 'SURVIVED', 'SURVIVED', 'SURVIVED']","['KILLED', 'KILLED', 'SURVIVED', 'SURVIVED', 'KILLED', 'SURVIVED', 'SURVIVED', 'KILLED', 'SURVIVED', 'KILLED', 'SURVIVED', 'SURVIVED', 'SURVIVED', 'SURVIVED', 'SURVIVED', 'KILLED', 'KILLED', 'KILLED', 'SURVIVED', 'KILLED', 'KILLED', 'SURVIVED', 'KILLED', 'KILLED', 'SURVIVED', 'KILLED', 'KILLED', 'KILLED', 'SURVIVED', 'KILLED', 'KILLED', 'SURVIVED', 'KILLED', 'SURVIVED', 'KILLED', 'SURVIVED', 'KILLED', 'SURVIVED', 'SURVIVED', 'KILLED', 'SURVIVED', 'KILLED', 'KILLED', 'KILLED', 'SURVIVED', 'SURVIVED', 'SURVIVED', 'SURVIVED', 'KILLED', 'SURVIVED', 'KILLED', 'SURVIVED', 'SURVIVED', 'KILLED', 'KILLED', 'KILLED', 'SURVIVED', 'SURVIVED', 'KILLED', 'KILLED', 'SURVIVED', 'KILLED', 'SURVIVED', 'SURVIVED', 'KILLED', 'KILLED', 'SURVIVED', 'KILLED', 'KILLED', 'KILLED', 'KILLED', 'SURVIVED', 'SURVIVED', 'SURVIVED', 'KILLED']","[0.121, 0.491, 0.432, 0.806, 0.31, 0.685, 0.131, 0.666, 0.832, 0.513, 0.49, 0.885, 0.476, 0.563, 0.423, 0.756, 0.811, 0.614, 0.434, 0.426, 0.04, 0.342, 0.464, 0.224, 0.686, 0.155, 0.495, 0.63, 0.525, 0.291, 0.437, 0.907, 0.478, 0.149, 0.128, 0.903, 0.842, 0.523, 0.295, 0.048, 0.077, 0.045, 0.108, 0.425, 0.094, 0.661, 0.568, 0.253, 0.255, 0.082, 0.503, 0.114, 0.662, 0.18, 0.182, 0.393, 0.083, 0.877, 0.298, 0.587, 0.455, 0.67, 0.624, 0.265, 0.967, 0.871, 0.187, 0.185, 0.747, 0.604, 0.872, 0.106, 0.534, 0.006, 0.117]"
Csv_5,"['KILLED', 'KILLED', 'KILLED', 'KILLED', 'KILLED', 'KILLED', 'KILLED', 'KILLED', 'KILLED', 'KILLED', 'KILLED', 'KILLED', 'KILLED', 'KILLED', 'KILLED', 'KILLED', 'KILLED', 'KILLED', 'KILLED', 'KILLED', 'KILLED', 'KILLED', 'KILLED', 'KILLED', 'KILLED', 'KILLED', 'KILLED', 'KILLED', 'KILLED', 'KILLED', 'KILLED', 'KILLED', 'KILLED', 'KILLED', 'KILLED', 'KILLED', 'KILLED', 'KILLED', 'KILLED', 'KILLED', 'KILLED', 'KILLED', 'KILLED', 'KILLED', 'KILLED', 'KILLED', 'KILLED', 'KILLED', 'KILLED', 'KILLED', 'KILLED', 'KILLED', 'KILLED', 'KILLED', 'KILLED', 'KILLED', 'KILLED', 'KILLED', 'KILLED', 'KILLED', 'KILLED', 'KILLED', 'KILLED', 'KILLED', 'KILLED', 'KILLED', 'KILLED', 'SURVIVED', 'SURVIVED', 'SURVIVED', 'SURVIVED', 'SURVIVED', 'SURVIVED', 'SURVIVED', 'SURVIVED']","['KILLED', 'SURVIVED', 'SURVIVED', 'SURVIVED', 'SURVIVED', 'SURVIVED', 'SURVIVED', 'SURVIVED', 'SURVIVED', 'KILLED', 'KILLED', 'KILLED', 'KILLED', 'KILLED', 'KILLED', 'KILLED', 'KILLED', 'KILLED', 'KILLED', 'SURVIVED', 'KILLED', 'KILLED', 'SURVIVED', 'KILLED', 'KILLED', 'SURVIVED', 'SURVIVED', 'KILLED', 'SURVIVED', 'SURVIVED', 'KILLED', 'KILLED', 'KILLED', 'KILLED', 'SURVIVED', 'SURVIVED', 'SURVIVED', 'KILLED', 'SURVIVED', 'KILLED', 'KILLED', 'SURVIVED', 'SURVIVED', 'KILLED', 'SURVIVED', 'KILLED', 'KILLED', 'SURVIVED', 'SURVIVED', 'SURVIVED', 'SURVIVED', 'KILLED', 'SURVIVED', 'SURVIVED', 'SURVIVED', 'SURVIVED', 'KILLED', 'KILLED', 'KILLED', 'SURVIVED', 'SURVIVED', 'KILLED', 'SURVIVED', 'SURVIVED', 'SURVIVED', 'KILLED', 'SURVIVED', 'SURVIVED', 'SURVIVED', 'SURVIVED', 'KILLED', 'KILLED', 'SURVIVED', 'KILLED', 'SURVIVED']","[0.344, 0.232, 0.22, 0.909, 0.339, 0.602, 0.842, 0.657, 0.131, 0.293, 0.711, 0.96, 0.833, 0.673, 0.735, 0.796, 0.8, 0.845, 0.622, 0.282, 0.749, 0.667, 0.129, 0.199, 0.606, 0.101, 0.416, 0.994, 0.304, 0.209, 0.047, 0.018, 0.881, 0.357, 0.159, 0.828, 0.894, 0.032, 0.064, 0.431, 0.618, 0.121, 0.224, 0.258, 0.34, 0.355, 0.047, 0.878, 0.267, 0.151, 0.69, 0.515, 0.669, 0.706, 0.927, 0.438, 0.457, 0.842, 0.111, 0.106, 0.611, 0.782, 0.947, 0.824, 0.042, 0.105, 0.63, 0.871, 0.911, 0.157, 0.292, 0.442, 0.506, 0.733, 0.099]"
Csv_5,"['KILLED', 'SURVIVED', 'SURVIVED', 'SURVIVED', 'SURVIVED', 'SURVIVED', 'SURVIVED', 'SURVIVED', 'SURVIVED', 'SURVIVED', 'SURVIVED', 'SURVIVED', 'SURVIVED', 'SURVIVED', 'SURVIVED', 'SURVIVED', 'SURVIVED', 'SURVIVED', 'SURVIVED', 'SURVIVED', 'SURVIVED', 'SURVIVED', 'SURVIVED', 'SURVIVED', 'SURVIVED', 'SURVIVED', 'SURVIVED', 'SURVIVED', 'SURVIVED', 'SURVIVED', 'SURVIVED', 'SURVIVED', 'SURVIVED', 'SURVIVED', 'SURVIVED', 'SURVIVED', 'SURVIVED', 'SURVIVED', 'SURVIVED', 'SURVIVED', 'SURVIVED', 'SURVIVED', 'SURVIVED', 'SURVIVED', 'SURVIVED', 'SURVIVED', 'SURVIVED', 'SURVIVED', 'SURVIVED', 'SURVIVED', 'SURVIVED', 'SURVIVED', 'SURVIVED', 'SURVIVED', 'SURVIVED', 'SURVIVED', 'SURVIVED', 'SURVIVED', 'SURVIVED', 'SURVIVED', 'SURVIVED', 'SURVIVED', 'SURVIVED', 'SURVIVED', 'SURVIVED', 'SURVIVED', 'SURVIVED', 'SURVIVED', 'SURVIVED', 'SURVIVED', 'SURVIVED', 'SURVIVED', 'SURVIVED', 'SURVIVED', 'SURVIVED']","['SURVIVED', 'SURVIVED', 'KILLED', 'KILLED', 'KILLED', 'SURVIVED', 'SURVIVED', 'KILLED', 'KILLED', 'SURVIVED', 'SURVIVED', 'SURVIVED', 'KILLED', 'KILLED', 'SURVIVED', 'SURVIVED', 'SURVIVED', 'SURVIVED', 'KILLED', 'KILLED', 'SURVIVED', 'KILLED', 'KILLED', 'SURVIVED', 'SURVIVED', 'SURVIVED', 'SURVIVED', 'SURVIVED', 'KILLED', 'SURVIVED', 'KILLED', 'KILLED', 'KILLED', 'KILLED', 'SURVIVED', 'SURVIVED', 'SURVIVED', 'KILLED', 'SURVIVED', 'KILLED', 'SURVIVED', 'KILLED', 'KILLED', 'KILLED', 'SURVIVED', 'SURVIVED', 'SURVIVED', 'SURVIVED', 'SURVIVED', 'SURVIVED', 'KILLED', 'SURVIVED', 'KILLED', 'SURVIVED', 'SURVIVED', 'KILLED', 'SURVIVED', 'SURVIVED', 'SURVIVED', 'KILLED', 'SURVIVED', 'KILLED', 'KILLED', 'SURVIVED', 'SURVIVED', 'KILLED', 'SURVIVED', 'KILLED', 'KILLED', 'SURVIVED', 'SURVIVED', 'KILLED', 'KILLED', 'KILLED', 'SURVIVED']","[0.241, 0.774, 0.727, 0.987, 0.11, 0.06, 0.373, 0.627, 0.354, 0.048, 0.651, 0.125, 0.298, 0.737, 0.453, 0.983, 0.805, 0.989, 0.566, 0.894, 0.628, 0.533, 0.596, 0.35, 0.285, 0.785, 0.715, 0.672, 0.714, 0.52, 0.248, 0.328, 0.582, 0.823, 0.361, 0.098, 0.712, 0.828, 0.082, 0.062, 0.889, 0.476, 0.446, 0.369, 0.526, 0.588, 0.519, 0.395, 0.264, 0.499, 0.423, 0.44, 0.931, 0.49, 0.973, 0.824, 0.144, 0.127, 0.711, 0.129, 0.705, 0.863, 0.118, 0.213, 0.473, 0.746, 0.944, 0.369, 0.952, 0.602, 0.409, 0.121, 0.572, 0.04, 0.153]"
Csv_5,"['KILLED', 'KILLED', 'KILLED', 'KILLED', 'KILLED', 'KILLED', 'KILLED', 'KILLED', 'KILLED', 'KILLED', 'KILLED', 'KILLED', 'KILLED', 'KILLED', 'KILLED', 'KILLED', 'KILLED', 'KILLED', 'KILLED', 'KILLED', 'KILLED', 'KILLED', 'KILLED', 'KILLED', 'KILLED', 'KILLED', 'KILLED', 'KILLED', 'KILLED', 'KILLED', 'KILLED', 'KILLED', 'KILLED', 'KILLED', 'KILLED', 'KILLED', 'KILLED', 'KILLED', 'KILLED', 'KILLED', 'KILLED', 'KILLED', 'KILLED', 'KILLED', 'KILLED', 'KILLED', 'KILLED', 'KILLED', 'KILLED', 'KILLED', 'KILLED', 'KILLED', 'KILLED', 'KILLED', 'KILLED', 'KILLED', 'KILLED', 'KILLED', 'KILLED', 'KILLED', 'KILLED', 'KILLED', 'KILLED', 'KILLED', 'KILLED', 'KILLED', 'KILLED', 'KILLED', 'KILLED', 'KILLED', 'KILLED', 'KILLED', 'KILLED', 'KILLED', 'SURVIVED', 'SURVIVED', 'SURVIVED', 'SURVIVED', 'SURVIVED', 'SURVIVED', 'SURVIVED', 'SURVIVED', 'SURVIVED']","['SURVIVED', 'SURVIVED', 'SURVIVED', 'SURVIVED', 'SURVIVED', 'SURVIVED', 'KILLED', 'KILLED', 'KILLED', 'SURVIVED', 'KILLED', 'SURVIVED', 'SURVIVED', 'KILLED', 'KILLED', 'SURVIVED', 'KILLED', 'KILLED', 'SURVIVED', 'KILLED', 'KILLED', 'SURVIVED', 'SURVIVED', 'SURVIVED', 'SURVIVED', 'SURVIVED', 'SURVIVED', 'SURVIVED', 'KILLED', 'KILLED', 'SURVIVED', 'SURVIVED', 'SURVIVED', 'KILLED', 'SURVIVED', 'KILLED', 'SURVIVED', 'SURVIVED', 'KILLED', 'SURVIVED', 'SURVIVED', 'KILLED', 'SURVIVED', 'SURVIVED', 'KILLED', 'KILLED', 'KILLED', 'SURVIVED', 'KILLED', 'KILLED', 'KILLED', 'KILLED', 'KILLED', 'SURVIVED', 'KILLED', 'KILLED', 'KILLED', 'KILLED', 'SURVIVED', 'KILLED', 'KILLED', 'SURVIVED', 'KILLED', 'SURVIVED', 'SURVIVED', 'KILLED', 'SURVIVED', 'KILLED', 'SURVIVED', 'SURVIVED', 'KILLED', 'SURVIVED', 'KILLED', 'SURVIVED', 'SURVIVED', 'SURVIVED', 'KILLED', 'KILLED', 'KILLED', 'KILLED', 'SURVIVED', 'KILLED', 'KILLED']","[0.256, 0.09, 0.307, 0.407, 0.169, 0.614, 0.325, 0.027, 0.059, 0.39, 0.32, 0.413, 0.324, 0.376, 0.828, 0.121, 0.203, 0.752, 0.586, 0.493, 0.752, 0.385, 0.115, 0.061, 0.465, 0.407, 0.484, 0.407, 0.234, 0.886, 0.269, 0.963, 0.675, 0.246, 0.555, 0.785, 0.305, 0.407, 0.084, 0.636, 0.203, 0.968, 0.373, 0.985, 0.782, 0.538, 0.424, 0.911, 0.452, 0.001, 0.465, 0.829, 0.289, 0.972, 0.001, 0.934, 0.482, 0.598, 0.839, 0.38, 0.351, 0.632, 0.585, 0.51, 0.045, 0.739, 0.563, 0.301, 0.395, 0.123, 0.14, 0.556, 0.279, 0.432, 0.61, 0.957, 0.318, 0.682, 0.343, 0.261, 0.753, 0.453, 0.246]"
Csv_5,"['KILLED', 'SURVIVED', 'SURVIVED', 'SURVIVED', 'SURVIVED', 'SURVIVED', 'SURVIVED', 'SURVIVED', 'SURVIVED', 'SURVIVED', 'SURVIVED', 'SURVIVED', 'SURVIVED', 'SURVIVED', 'SURVIVED', 'SURVIVED', 'SURVIVED', 'SURVIVED', 'SURVIVED', 'SURVIVED', 'SURVIVED', 'SURVIVED', 'SURVIVED', 'SURVIVED', 'SURVIVED', 'SURVIVED', 'SURVIVED', 'SURVIVED', 'SURVIVED', 'SURVIVED', 'SURVIVED', 'SURVIVED', 'SURVIVED', 'SURVIVED', 'SURVIVED', 'SURVIVED', 'SURVIVED', 'SURVIVED', 'SURVIVED', 'SURVIVED', 'SURVIVED', 'SURVIVED', 'SURVIVED', 'SURVIVED', 'SURVIVED', 'SURVIVED', 'SURVIVED', 'SURVIVED', 'SURVIVED', 'SURVIVED', 'SURVIVED', 'SURVIVED', 'SURVIVED', 'SURVIVED', 'SURVIVED', 'SURVIVED', 'SURVIVED', 'SURVIVED', 'SURVIVED', 'SURVIVED', 'SURVIVED', 'SURVIVED', 'SURVIVED', 'SURVIVED', 'SURVIVED', 'SURVIVED', 'SURVIVED', 'SURVIVED', 'SURVIVED', 'SURVIVED', 'SURVIVED', 'SURVIVED', 'SURVIVED', 'SURVIVED', 'SURVIVED', 'SURVIVED', 'SURVIVED', 'SURVIVED', 'SURVIVED', 'SURVIVED', 'SURVIVED', 'SURVIVED', 'SURVIVED']","['SURVIVED', 'SURVIVED', 'KILLED', 'SURVIVED', 'SURVIVED', 'KILLED', 'KILLED', 'KILLED', 'SURVIVED', 'KILLED', 'KILLED', 'KILLED', 'SURVIVED', 'SURVIVED', 'SURVIVED', 'KILLED', 'KILLED', 'KILLED', 'SURVIVED', 'KILLED', 'SURVIVED', 'SURVIVED', 'SURVIVED', 'SURVIVED', 'KILLED', 'KILLED', 'KILLED', 'SURVIVED', 'SURVIVED', 'KILLED', 'SURVIVED', 'KILLED', 'KILLED', 'KILLED', 'SURVIVED', 'SURVIVED', 'KILLED', 'KILLED', 'SURVIVED', 'KILLED', 'KILLED', 'SURVIVED', 'SURVIVED', 'KILLED', 'SURVIVED', 'SURVIVED', 'KILLED', 'KILLED', 'KILLED', 'SURVIVED', 'KILLED', 'SURVIVED', 'SURVIVED', 'KILLED', 'KILLED', 'KILLED', 'KILLED', 'KILLED', 'KILLED', 'KILLED', 'SURVIVED', 'KILLED', 'SURVIVED', 'KILLED', 'KILLED', 'SURVIVED', 'SURVIVED', 'KILLED', 'SURVIVED', 'KILLED', 'SURVIVED', 'SURVIVED', 'SURVIVED', 'SURVIVED', 'KILLED', 'SURVIVED', 'SURVIVED', 'SURVIVED', 'KILLED', 'KILLED', 'KILLED', 'SURVIVED', 'SURVIVED']","[0.532, 0.316, 0.392, 0.335, 0.88, 0.808, 0.99, 0.226, 0.69, 0.958, 0.917, 0.197, 0.329, 0.063, 0.625, 0.028, 0.432, 0.024, 0.797, 0.935, 0.841, 0.247, 0.474, 0.959, 0.833, 0.822, 0.52, 0.237, 0.073, 0.6, 0.439, 0.096, 0.446, 0.125, 0.975, 0.917, 0.377, 0.89, 0.693, 0.783, 0.062, 0.802, 0.055, 0.611, 0.432, 0.102, 0.056, 0.052, 0.85, 0.402, 0.617, 0.411, 0.865, 0.787, 0.624, 0.453, 0.464, 0.428, 0.62, 0.101, 0.651, 0.676, 0.026, 0.517, 0.588, 0.108, 0.012, 0.713, 0.593, 0.841, 0.904, 0.126, 0.509, 0.355, 0.481, 0.621, 0.186, 0.138, 0.044, 0.128, 0.585, 0.513, 0.652]"
Csv_5,"['KILLED', 'KILLED', 'KILLED', 'KILLED', 'KILLED', 'KILLED', 'KILLED', 'SURVIVED', 'SURVIVED', 'SURVIVED', 'SURVIVED', 'SURVIVED', 'SURVIVED', 'SURVIVED', 'SURVIVED', 'SURVIVED', 'SURVIVED', 'SURVIVED', 'SURVIVED', 'SURVIVED', 'SURVIVED', 'SURVIVED', 'SURVIVED', 'SURVIVED', 'SURVIVED', 'SURVIVED', 'SURVIVED', 'SURVIVED', 'SURVIVED', 'SURVIVED', 'SURVIVED', 'SURVIVED', 'SURVIVED', 'SURVIVED', 'SURVIVED', 'SURVIVED', 'SURVIVED', 'SURVIVED', 'SURVIVED', 'SURVIVED', 'SURVIVED', 'SURVIVED', 'SURVIVED', 'SURVIVED', 'SURVIVED', 'SURVIVED', 'SURVIVED', 'SURVIVED', 'SURVIVED', 'SURVIVED', 'SURVIVED', 'SURVIVED', 'SURVIVED', 'SURVIVED', 'SURVIVED', 'SURVIVED', 'SURVIVED', 'SURVIVED', 'SURVIVED', 'SURVIVED', 'SURVIVED', 'SURVIVED', 'SURVIVED', 'SURVIVED', 'SURVIVED', 'SURVIVED', 'SURVIVED', 'SURVIVED', 'SURVIVED', 'SURVIVED', 'SURVIVED', 'SURVIVED', 'SURVIVED', 'SURVIVED', 'SURVIVED', 'SURVIVED', 'SURVIVED', 'SURVIVED', 'SURVIVED', 'SURVIVED', 'SURVIVED', 'SURVIVED', 'SURVIVED']","['SURVIVED', 'SURVIVED', 'KILLED', 'KILLED', 'SURVIVED', 'SURVIVED', 'SURVIVED', 'SURVIVED', 'SURVIVED', 'KILLED', 'KILLED', 'KILLED', 'KILLED', 'KILLED', 'SURVIVED', 'SURVIVED', 'KILLED', 'KILLED', 'KILLED', 'KILLED', 'SURVIVED', 'KILLED', 'SURVIVED', 'SURVIVED', 'SURVIVED', 'SURVIVED', 'SURVIVED', 'SURVIVED', 'SURVIVED', 'KILLED', 'KILLED', 'SURVIVED', 'KILLED', 'SURVIVED', 'KILLED', 'KILLED', 'KILLED', 'KILLED', 'SURVIVED', 'KILLED', 'KILLED', 'SURVIVED', 'SURVIVED', 'SURVIVED', 'KILLED', 'SURVIVED', 'KILLED', 'KILLED', 'SURVIVED', 'KILLED', 'KILLED', 'SURVIVED', 'KILLED', 'KILLED', 'KILLED', 'SURVIVED', 'SURVIVED', 'KILLED', 'SURVIVED', 'KILLED', 'KILLED', 'KILLED', 'KILLED', 'SURVIVED', 'KILLED', 'KILLED', 'SURVIVED', 'KILLED', 'SURVIVED', 'KILLED', 'KILLED', 'KILLED', 'KILLED', 'KILLED', 'SURVIVED', 'KILLED', 'KILLED', 'KILLED', 'SURVIVED', 'KILLED', 'SURVIVED', 'KILLED', 'SURVIVED']","[0.456, 0.37, 0.372, 0.171, 0.527, 0.799, 0.623, 0.434, 0.711, 0.118, 0.883, 0.131, 0.19, 0.533, 0.694, 0.318, 0.43, 0.636, 0.921, 0.763, 0.587, 0.854, 0.294, 0.149, 0.247, 0.629, 0.28, 0.126, 0.508, 0.584, 0.489, 0.727, 0.785, 0.791, 0.615, 0.167, 0.388, 0.882, 0.751, 0.374, 0.519, 0.179, 0.712, 0.525, 0.483, 0.956, 0.474, 0.581, 0.638, 0.791, 0.65, 0.207, 0.895, 0.452, 0.234, 0.219, 0.425, 0.377, 0.157, 0.842, 0.255, 0.085, 0.752, 0.295, 0.519, 0.23, 0.041, 0.512, 0.336, 0.451, 0.433, 0.368, 0.498, 0.273, 0.025, 0.442, 0.266, 0.076, 0.901, 0.295, 0.502, 0.547, 0.078]"
Csv_5,"['KILLED', 'KILLED', 'KILLED', 'KILLED', 'KILLED', 'KILLED', 'KILLED', 'KILLED', 'KILLED', 'KILLED', 'KILLED', 'KILLED', 'KILLED', 'KILLED', 'KILLED', 'KILLED', 'KILLED', 'KILLED', 'KILLED', 'KILLED', 'KILLED', 'KILLED', 'KILLED', 'KILLED', 'KILLED', 'KILLED', 'KILLED', 'KILLED', 'KILLED', 'KILLED', 'KILLED', 'KILLED', 'KILLED', 'KILLED', 'KILLED', 'KILLED', 'KILLED', 'KILLED', 'KILLED', 'KILLED', 'KILLED', 'KILLED', 'KILLED', 'KILLED', 'KILLED', 'KILLED', 'KILLED', 'KILLED', 'KILLED', 'KILLED', 'KILLED', 'KILLED', 'KILLED', 'KILLED', 'KILLED', 'KILLED', 'KILLED', 'KILLED', 'KILLED', 'KILLED', 'KILLED', 'KILLED', 'KILLED', 'KILLED', 'KILLED', 'KILLED', 'KILLED', 'KILLED', 'KILLED', 'KILLED', 'KILLED', 'KILLED', 'KILLED', 'KILLED', 'SURVIVED', 'SURVIVED', 'SURVIVED', 'SURVIVED', 'SURVIVED', 'SURVIVED', 'SURVIVED', 'SURVIVED', 'SURVIVED']","['SURVIVED', 'KILLED', 'KILLED', 'KILLED', 'KILLED', 'SURVIVED', 'KILLED', 'KILLED', 'SURVIVED', 'KILLED', 'SURVIVED', 'SURVIVED', 'SURVIVED', 'SURVIVED', 'KILLED', 'KILLED', 'SURVIVED', 'KILLED', 'SURVIVED', 'SURVIVED', 'SURVIVED', 'SURVIVED', 'SURVIVED', 'KILLED', 'SURVIVED', 'KILLED', 'SURVIVED', 'KILLED', 'KILLED', 'KILLED', 'SURVIVED', 'KILLED', 'SURVIVED', 'SURVIVED', 'SURVIVED', 'KILLED', 'SURVIVED', 'KILLED', 'SURVIVED', 'SURVIVED', 'KILLED', 'SURVIVED', 'SURVIVED', 'KILLED', 'SURVIVED', 'KILLED', 'KILLED', 'SURVIVED', 'KILLED', 'SURVIVED', 'SURVIVED', 'SURVIVED', 'KILLED', 'SURVIVED', 'SURVIVED', 'SURVIVED', 'SURVIVED', 'SURVIVED', 'KILLED', 'KILLED', 'KILLED', 'KILLED', 'SURVIVED', 'SURVIVED', 'SURVIVED', 'KILLED', 'SURVIVED', 'KILLED', 'SURVIVED', 'KILLED', 'SURVIVED', 'KILLED', 'SURVIVED', 'SURVIVED', 'SURVIVED', 'KILLED', 'KILLED', 'KILLED', 'KILLED', 'KILLED', 'SURVIVED', 'KILLED', 'KILLED']","[0.199, 0.911, 0.386, 0.206, 0.291, 0.524, 0.455, 0.369, 0.011, 0.327, 0.91, 0.391, 0.99, 0.129, 0.418, 0.743, 0.389, 0.904, 0.206, 0.87, 0.31, 0.818, 0.665, 0.159, 0.575, 0.31, 0.203, 0.717, 0.459, 0.202, 0.991, 0.446, 0.825, 0.605, 0.247, 0.329, 0.569, 0.491, 0.463, 0.039, 0.091, 0.646, 0.919, 0.347, 0.843, 0.792, 0.391, 0.823, 0.85, 0.415, 0.18, 0.618, 0.432, 0.385, 0.659, 0.699, 0.096, 0.699, 0.044, 0.886, 0.158, 0.883, 0.538, 0.667, 0.067, 0.727, 0.902, 0.909, 0.411, 0.762, 0.121, 0.369, 0.755, 0.504, 0.78, 0.41, 0.165, 0.207, 0.045, 0.027, 0.639, 0.676, 0.462]"
Csv_5,"['KILLED', 'KILLED', 'KILLED', 'KILLED', 'KILLED', 'KILLED', 'KILLED', 'KILLED', 'KILLED', 'KILLED', 'KILLED', 'KILLED', 'KILLED', 'KILLED', 'KILLED', 'KILLED', 'KILLED', 'KILLED', 'KILLED', 'KILLED', 'KILLED', 'KILLED', 'KILLED', 'KILLED', 'KILLED', 'KILLED', 'KILLED', 'KILLED', 'KILLED', 'KILLED', 'KILLED', 'KILLED', 'KILLED', 'KILLED', 'KILLED', 'KILLED', 'KILLED', 'KILLED', 'KILLED', 'KILLED', 'KILLED', 'KILLED', 'KILLED', 'KILLED', 'KILLED', 'KILLED', 'KILLED', 'KILLED', 'KILLED', 'KILLED', 'KILLED', 'KILLED', 'KILLED', 'KILLED', 'KILLED', 'KILLED', 'KILLED', 'KILLED', 'KILLED', 'KILLED', 'KILLED', 'KILLED', 'KILLED', 'KILLED', 'KILLED', 'KILLED', 'KILLED', 'KILLED', 'KILLED', 'KILLED', 'KILLED', 'KILLED', 'KILLED', 'KILLED', 'SURVIVED', 'SURVIVED', 'SURVIVED', 'SURVIVED', 'SURVIVED', 'SURVIVED', 'SURVIVED', 'SURVIVED', 'SURVIVED']","['SURVIVED', 'SURVIVED', 'KILLED', 'SURVIVED', 'KILLED', 'KILLED', 'SURVIVED', 'KILLED', 'KILLED', 'SURVIVED', 'SURVIVED', 'SURVIVED', 'SURVIVED', 'KILLED', 'KILLED', 'KILLED', 'SURVIVED', 'KILLED', 'SURVIVED', 'SURVIVED', 'KILLED', 'KILLED', 'KILLED', 'KILLED', 'KILLED', 'SURVIVED', 'KILLED', 'SURVIVED', 'KILLED', 'KILLED', 'KILLED', 'SURVIVED', 'KILLED', 'SURVIVED', 'SURVIVED', 'KILLED', 'KILLED', 'KILLED', 'KILLED', 'SURVIVED', 'KILLED', 'KILLED', 'SURVIVED', 'SURVIVED', 'SURVIVED', 'KILLED', 'KILLED', 'KILLED', 'SURVIVED', 'KILLED', 'KILLED', 'SURVIVED', 'KILLED', 'KILLED', 'KILLED', 'KILLED', 'SURVIVED', 'KILLED', 'KILLED', 'SURVIVED', 'KILLED', 'KILLED', 'KILLED', 'KILLED', 'KILLED', 'KILLED', 'KILLED', 'SURVIVED', 'KILLED', 'SURVIVED', 'SURVIVED', 'KILLED', 'KILLED', 'SURVIVED', 'SURVIVED', 'KILLED', 'KILLED', 'KILLED', 'KILLED', 'SURVIVED', 'SURVIVED', 'KILLED', 'KILLED']","[0.402, 0.316, 0.389, 0.459, 0.066, 0.815, 0.65, 0.369, 0.067, 0.219, 0.302, 0.599, 0.983, 0.102, 0.536, 0.991, 0.85, 0.171, 0.959, 0.6, 0.981, 0.696, 0.678, 0.972, 0.694, 0.332, 0.635, 0.884, 0.318, 0.852, 0.482, 0.335, 0.609, 0.585, 0.382, 0.641, 0.232, 0.587, 0.988, 0.233, 0.616, 0.897, 0.309, 0.738, 0.757, 0.62, 0.06, 0.375, 0.297, 0.152, 0.204, 0.038, 0.923, 0.598, 0.946, 0.739, 0.329, 0.278, 0.644, 0.76, 0.521, 0.978, 0.648, 0.288, 0.024, 0.847, 0.331, 0.242, 0.539, 0.907, 0.665, 0.248, 0.687, 0.72, 0.608, 0.381, 0.322, 0.442, 0.006, 0.87, 0.07, 0.192, 0.634]"
Csv_5,"['KILLED', 'KILLED', 'KILLED', 'SURVIVED', 'SURVIVED', 'SURVIVED', 'SURVIVED', 'SURVIVED', 'SURVIVED', 'SURVIVED']","['KILLED', 'KILLED', 'KILLED', 'KILLED', 'KILLED', 'KILLED', 'KILLED', 'KILLED', 'SURVIVED', 'SURVIVED']","[0.311, 0.722, 0.245, 0.176, 0.249, 0.285, 0.448, 0.636, 0.272, 0.781]"
Csv_5,"['KILLED', 'KILLED', 'KILLED', 'KILLED', 'SURVIVED', 'SURVIVED', 'SURVIVED', 'SURVIVED', 'SURVIVED', 'SURVIVED']","['KILLED', 'SURVIVED', 'SURVIVED', 'SURVIVED', 'KILLED', 'SURVIVED', 'SURVIVED', 'SURVIVED', 'SURVIVED', 'KILLED']","[0.82, 0.794, 0.02, 0.381, 0.854, 0.759, 0.922, 0.595, 0.153, 0.727]"
Csv_5,"['KILLED', 'SURVIVED', 'SURVIVED', 'SURVIVED', 'SURVIVED', 'SURVIVED', 'SURVIVED', 'SURVIVED', 'SURVIVED', 'SURVIVED']","['SURVIVED', 'SURVIVED', 'SURVIVED', 'SURVIVED', 'SURVIVED', 'SURVIVED', 'SURVIVED', 'SURVIVED', 'KILLED', 'SURVIVED']","[0.137, 0.469, 0.155, 0.19, 0.013, 0.501, 0.725, 0.491, 0.926, 0.94]"
Csv_5,"['KILLED', 'SURVIVED', 'SURVIVED', 'SURVIVED', 'SURVIVED', 'SURVIVED', 'SURVIVED', 'SURVIVED', 'SURVIVED', 'SURVIVED', 'SURVIVED', 'SURVIVED', 'SURVIVED', 'SURVIVED', 'SURVIVED', 'SURVIVED', 'SURVIVED', 'SURVIVED', 'SURVIVED', 'SURVIVED', 'SURVIVED']","['SURVIVED', 'SURVIVED', 'SURVIVED', 'SURVIVED', 'KILLED', 'SURVIVED', 'KILLED', 'KILLED', 'SURVIVED', 'KILLED', 'KILLED', 'SURVIVED', 'SURVIVED', 'SURVIVED', 'SURVIVED', 'SURVIVED', 'KILLED', 'SURVIVED', 'SURVIVED', 'KILLED', 'KILLED']","[0.478, 0.921, 0.361, 0.707, 0.028, 0.666, 0.148, 0.605, 0.944, 0.147, 0.247, 0.578, 0.663, 0.161, 0.117, 0.092, 0.712, 0.384, 0.706, 0.974, 0.08]"
Csv_5,"['KILLED', 'KILLED', 'KILLED', 'KILLED', 'KILLED', 'KILLED', 'KILLED', 'KILLED', 'KILLED', 'KILLED', 'KILLED', 'KILLED', 'KILLED', 'KILLED', 'KILLED', 'KILLED', 'KILLED', 'KILLED', 'KILLED', 'KILLED', 'SURVIVED']","['KILLED', 'SURVIVED', 'KILLED', 'SURVIVED', 'SURVIVED', 'SURVIVED', 'SURVIVED', 'SURVIVED', 'SURVIVED', 'KILLED', 'KILLED', 'SURVIVED', 'KILLED', 'SURVIVED', 'KILLED', 'SURVIVED', 'SURVIVED', 'KILLED', 'KILLED', 'SURVIVED', 'KILLED']","[0.097, 0.774, 0.418, 0.417, 0.288, 0.431, 0.176, 0.186, 0.134, 0.486, 0.503, 0.11, 0.567, 0.213, 0.201, 0.75, 0.809, 0.192, 0.983, 0.872, 0.441]"
Csv_5,"['SURVIVED', 'SURVIVED', 'SURVIVED', 'SURVIVED', 'SURVIVED', 'SURVIVED', 'SURVIVED', 'SURVIVED', 'SURVIVED', 'SURVIVED', 'SURVIVED', 'SURVIVED', 'SURVIVED', 'SURVIVED', 'SURVIVED', 'SURVIVED', 'SURVIVED', 'SURVIVED', 'SURVIVED', 'SURVIVED', 'SURVIVED', 'SURVIVED', 'SURVIVED', 'SURVIVED', 'SURVIVED', 'SURVIVED', 'SURVIVED', 'SURVIVED', 'SURVIVED', 'SURVIVED', 'SURVIVED', 'SURVIVED', 'SURVIVED', 'SURVIVED', 'SURVIVED', 'SURVIVED', 'SURVIVED', 'SURVIVED', 'SURVIVED', 'SURVIVED', 'SURVIVED', 'SURVIVED', 'SURVIVED', 'SURVIVED', 'SURVIVED', 'SURVIVED', 'SURVIVED', 'SURVIVED', 'SURVIVED', 'SURVIVED', 'SURVIVED', 'SURVIVED', 'SURVIVED', 'SURVIVED', 'SURVIVED', 'SURVIVED', 'SURVIVED', 'SURVIVED', 'SURVIVED', 'SURVIVED', 'SURVIVED', 'SURVIVED', 'SURVIVED', 'SURVIVED', 'SURVIVED', 'SURVIVED', 'SURVIVED', 'SURVIVED', 'SURVIVED', 'SURVIVED', 'SURVIVED', 'SURVIVED', 'SURVIVED', 'SURVIVED', 'SURVIVED', 'SURVIVED', 'SURVIVED', 'SURVIVED', 'SURVIVED', 'SURVIVED', 'SURVIVED', 'SURVIVED', 'SURVIVED', 'SURVIVED', 'SURVIVED', 'SURVIVED', 'SURVIVED', 'SURVIVED', 'SURVIVED', 'SURVIVED', 'SURVIVED', 'SURVIVED', 'SURVIVED', 'SURVIVED', 'SURVIVED', 'SURVIVED', 'SURVIVED', 'SURVIVED', 'SURVIVED', 'SURVIVED', 'SURVIVED', 'SURVIVED', 'SURVIVED', 'SURVIVED', 'SURVIVED', 'SURVIVED', 'SURVIVED', 'SURVIVED', 'SURVIVED', 'SURVIVED', 'SURVIVED', 'SURVIVED', 'SURVIVED', 'SURVIVED', 'SURVIVED', 'SURVIVED', 'SURVIVED', 'SURVIVED', 'SURVIVED', 'SURVIVED', 'SURVIVED', 'SURVIVED', 'SURVIVED', 'SURVIVED', 'SURVIVED', 'SURVIVED', 'SURVIVED', 'SURVIVED', 'SURVIVED', 'SURVIVED', 'SURVIVED', 'SURVIVED', 'SURVIVED', 'SURVIVED', 'SURVIVED', 'SURVIVED', 'SURVIVED', 'SURVIVED', 'SURVIVED', 'SURVIVED', 'SURVIVED', 'SURVIVED', 'SURVIVED', 'SURVIVED', 'SURVIVED', 'SURVIVED']","['KILLED', 'KILLED', 'KILLED', 'SURVIVED', 'KILLED', 'SURVIVED', 'KILLED', 'SURVIVED', 'KILLED', 'SURVIVED', 'KILLED', 'KILLED', 'SURVIVED', 'SURVIVED', 'KILLED', 'KILLED', 'KILLED', 'SURVIVED', 'KILLED', 'KILLED', 'KILLED', 'KILLED', 'KILLED', 'SURVIVED', 'SURVIVED', 'SURVIVED', 'SURVIVED', 'SURVIVED', 'SURVIVED', 'SURVIVED', 'SURVIVED', 'SURVIVED', 'SURVIVED', 'KILLED', 'SURVIVED', 'SURVIVED', 'SURVIVED', 'KILLED', 'SURVIVED', 'SURVIVED', 'KILLED', 'KILLED', 'SURVIVED', 'SURVIVED', 'KILLED', 'KILLED', 'KILLED', 'SURVIVED', 'KILLED', 'SURVIVED', 'SURVIVED', 'SURVIVED', 'SURVIVED', 'KILLED', 'KILLED', 'SURVIVED', 'KILLED', 'SURVIVED', 'KILLED', 'SURVIVED', 'SURVIVED', 'KILLED', 'SURVIVED', 'SURVIVED', 'KILLED', 'SURVIVED', 'SURVIVED', 'SURVIVED', 'KILLED', 'SURVIVED', 'SURVIVED', 'KILLED', 'KILLED', 'KILLED', 'KILLED', 'SURVIVED', 'KILLED', 'SURVIVED', 'SURVIVED', 'KILLED', 'SURVIVED', 'KILLED', 'SURVIVED', 'KILLED', 'KILLED', 'KILLED', 'KILLED', 'KILLED', 'KILLED', 'SURVIVED', 'KILLED', 'KILLED', 'SURVIVED', 'SURVIVED', 'SURVIVED', 'KILLED', 'SURVIVED', 'SURVIVED', 'KILLED', 'KILLED', 'SURVIVED', 'KILLED', 'SURVIVED', 'KILLED', 'KILLED', 'SURVIVED', 'SURVIVED', 'SURVIVED', 'SURVIVED', 'KILLED', 'KILLED', 'SURVIVED', 'KILLED', 'SURVIVED', 'KILLED', 'KILLED', 'KILLED', 'SURVIVED', 'KILLED', 'KILLED', 'SURVIVED', 'KILLED', 'SURVIVED', 'SURVIVED', 'KILLED', 'SURVIVED', 'KILLED', 'KILLED', 'SURVIVED', 'SURVIVED', 'SURVIVED', 'SURVIVED', 'KILLED', 'KILLED', 'KILLED', 'SURVIVED', 'KILLED', 'SURVIVED', 'SURVIVED', 'KILLED', 'SURVIVED', 'KILLED', 'SURVIVED', 'SURVIVED', 'KILLED', 'SURVIVED']","[0.146, 0.665, 0.801, 0.703, 0.599, 0.309, 0.99, 0.123, 0.997, 0.707, 0.478, 0.829, 0.495, 0.704, 0.377, 0.981, 0.333, 0.828, 0.211, 0.733, 0.81, 0.7, 0.053, 0.865, 0.179, 0.488, 0.392, 0.984, 0.659, 0.849, 0.991, 0.548, 0.337, 0.678, 0.99, 0.758, 0.391, 0.528, 0.283, 0.696, 0.195, 0.856, 0.394, 0.131, 0.752, 0.58, 0.805, 0.85, 0.71, 0.458, 0.164, 0.138, 0.696, 0.291, 0.145, 0.218, 0.748, 0.735, 0.009, 0.726, 0.576, 0.678, 0.988, 0.148, 0.95, 0.427, 0.842, 0.926, 0.096, 0.974, 0.18, 0.052, 0.98, 0.65, 0.593, 0.97, 0.627, 0.404, 0.034, 0.241, 0.489, 0.688, 0.955, 0.653, 0.375, 0.692, 0.795, 0.659, 0.778, 0.865, 0.65, 0.275, 0.653, 0.367, 0.12, 0.083, 0.489, 0.669, 0.51, 0.023, 0.573, 0.573, 0.274, 0.745, 0.794, 0.181, 0.484, 0.645, 0.434, 0.571, 0.099, 0.063, 0.909, 0.795, 0.185, 0.813, 0.02, 0.556, 0.536, 0.812, 0.489, 0.519, 0.585, 0.714, 0.79, 0.124, 0.753, 0.966, 0.898, 0.181, 0.599, 0.18, 0.555, 0.801, 0.123, 0.129, 0.206, 0.161, 0.562, 0.851, 0.035, 0.98, 0.506, 0.364, 0.544, 0.423]"
Csv_5,"['KILLED', 'KILLED', 'KILLED', 'KILLED', 'KILLED', 'KILLED', 'KILLED', 'KILLED', 'KILLED', 'KILLED', 'KILLED', 'KILLED', 'KILLED', 'KILLED', 'KILLED', 'KILLED', 'KILLED', 'KILLED', 'KILLED', 'KILLED', 'KILLED', 'KILLED', 'KILLED', 'KILLED', 'KILLED', 'KILLED', 'KILLED', 'KILLED', 'KILLED', 'KILLED', 'KILLED', 'KILLED', 'KILLED', 'KILLED', 'KILLED', 'KILLED', 'KILLED', 'KILLED', 'KILLED', 'KILLED', 'KILLED', 'KILLED', 'KILLED', 'KILLED', 'KILLED', 'KILLED', 'KILLED', 'KILLED', 'KILLED', 'KILLED', 'KILLED', 'KILLED', 'KILLED', 'KILLED', 'KILLED', 'KILLED', 'KILLED', 'KILLED', 'KILLED', 'KILLED', 'KILLED', 'KILLED', 'KILLED', 'KILLED', 'KILLED', 'KILLED', 'KILLED', 'KILLED', 'KILLED', 'KILLED', 'KILLED', 'KILLED', 'KILLED', 'KILLED', 'KILLED', 'KILLED', 'KILLED', 'KILLED', 'KILLED', 'KILLED', 'KILLED', 'KILLED', 'KILLED', 'KILLED', 'KILLED', 'KILLED', 'KILLED', 'KILLED', 'KILLED', 'KILLED', 'KILLED', 'KILLED', 'KILLED', 'KILLED', 'KILLED', 'KILLED', 'KILLED', 'KILLED', 'KILLED', 'KILLED', 'KILLED', 'KILLED', 'KILLED', 'KILLED', 'KILLED', 'KILLED', 'KILLED', 'KILLED', 'KILLED', 'KILLED', 'KILLED', 'KILLED', 'KILLED', 'KILLED', 'KILLED', 'KILLED', 'KILLED', 'KILLED', 'KILLED', 'KILLED', 'KILLED', 'KILLED', 'KILLED', 'KILLED', 'KILLED', 'KILLED', 'KILLED', 'KILLED', 'KILLED', 'KILLED', 'KILLED', 'KILLED', 'KILLED', 'KILLED', 'KILLED', 'KILLED', 'KILLED', 'KILLED', 'KILLED', 'KILLED', 'KILLED', 'KILLED', 'KILLED', 'KILLED', 'KILLED', 'KILLED']","['KILLED', 'KILLED', 'SURVIVED', 'KILLED', 'SURVIVED', 'SURVIVED', 'KILLED', 'SURVIVED', 'SURVIVED', 'SURVIVED', 'KILLED', 'KILLED', 'KILLED', 'KILLED', 'KILLED', 'KILLED', 'KILLED', 'SURVIVED', 'KILLED', 'KILLED', 'KILLED', 'SURVIVED', 'SURVIVED', 'KILLED', 'SURVIVED', 'KILLED', 'SURVIVED', 'SURVIVED', 'SURVIVED', 'KILLED', 'SURVIVED', 'SURVIVED', 'KILLED', 'SURVIVED', 'SURVIVED', 'KILLED', 'KILLED', 'KILLED', 'SURVIVED', 'KILLED', 'SURVIVED', 'KILLED', 'SURVIVED', 'KILLED', 'SURVIVED', 'SURVIVED', 'SURVIVED', 'KILLED', 'KILLED', 'KILLED', 'SURVIVED', 'KILLED', 'KILLED', 'SURVIVED', 'KILLED', 'SURVIVED', 'KILLED', 'SURVIVED', 'SURVIVED', 'SURVIVED', 'KILLED', 'KILLED', 'SURVIVED', 'KILLED', 'KILLED', 'SURVIVED', 'KILLED', 'SURVIVED', 'KILLED', 'KILLED', 'KILLED', 'SURVIVED', 'SURVIVED', 'KILLED', 'SURVIVED', 'SURVIVED', 'SURVIVED', 'KILLED', 'KILLED', 'KILLED', 'SURVIVED', 'SURVIVED', 'KILLED', 'SURVIVED', 'SURVIVED', 'SURVIVED', 'KILLED', 'SURVIVED', 'KILLED', 'KILLED', 'KILLED', 'KILLED', 'SURVIVED', 'SURVIVED', 'KILLED', 'SURVIVED', 'KILLED', 'SURVIVED', 'SURVIVED', 'KILLED', 'SURVIVED', 'SURVIVED', 'SURVIVED', 'SURVIVED', 'SURVIVED', 'SURVIVED', 'KILLED', 'SURVIVED', 'KILLED', 'SURVIVED', 'SURVIVED', 'SURVIVED', 'KILLED', 'KILLED', 'KILLED', 'KILLED', 'KILLED', 'KILLED', 'KILLED', 'KILLED', 'SURVIVED', 'SURVIVED', 'KILLED', 'SURVIVED', 'KILLED', 'SURVIVED', 'SURVIVED', 'KILLED', 'SURVIVED', 'KILLED', 'KILLED', 'KILLED', 'SURVIVED', 'SURVIVED', 'KILLED', 'KILLED', 'SURVIVED', 'KILLED', 'KILLED', 'KILLED', 'KILLED', 'SURVIVED', 'KILLED', 'SURVIVED', 'KILLED', 'SURVIVED']","[0.496, 0.17, 0.97, 0.338, 0.679, 0.832, 0.851, 0.858, 0.29, 0.483, 0.265, 0.002, 0.631, 0.394, 0.923, 0.929, 0.959, 0.516, 0.893, 0.935, 0.892, 0.848, 0.057, 0.006, 0.46, 0.298, 0.107, 0.35, 0.722, 0.402, 0.009, 0.431, 0.198, 0.529, 0.899, 0.411, 0.913, 0.007, 0.769, 0.25, 0.471, 0.374, 0.364, 0.892, 0.536, 0.269, 0.989, 0.656, 0.439, 0.14, 0.747, 0.006, 0.884, 0.709, 0.111, 0.285, 0.134, 0.421, 0.331, 0.032, 0.666, 0.948, 0.96, 0.983, 0.119, 0.489, 0.496, 0.682, 0.127, 0.751, 0.78, 0.4, 0.726, 0.742, 0.826, 0.131, 0.958, 0.793, 0.126, 0.344, 0.014, 0.684, 0.052, 0.83, 0.43, 0.597, 0.008, 0.48, 0.282, 0.083, 0.429, 0.618, 0.729, 0.187, 0.281, 0.115, 0.264, 0.701, 0.666, 0.429, 0.474, 0.783, 0.103, 0.73, 0.611, 0.189, 0.855, 0.629, 0.149, 0.12, 0.401, 0.274, 0.192, 0.146, 0.018, 0.2, 0.864, 0.38, 0.525, 0.7, 0.98, 0.222, 0.426, 0.061, 0.427, 0.052, 0.11, 0.364, 0.943, 0.712, 0.247, 0.895, 0.182, 0.001, 0.66, 0.322, 0.285, 0.28, 0.607, 0.431, 0.252, 0.491, 0.334, 0.112, 0.669, 0.683]"
Csv_5,"['KILLED', 'SURVIVED', 'SURVIVED', 'SURVIVED', 'SURVIVED', 'SURVIVED', 'SURVIVED', 'SURVIVED', 'SURVIVED', 'SURVIVED', 'SURVIVED', 'SURVIVED', 'SURVIVED', 'SURVIVED', 'SURVIVED', 'SURVIVED', 'SURVIVED', 'SURVIVED', 'SURVIVED', 'SURVIVED', 'SURVIVED', 'SURVIVED', 'SURVIVED', 'SURVIVED', 'SURVIVED', 'SURVIVED', 'SURVIVED', 'SURVIVED', 'SURVIVED', 'SURVIVED', 'SURVIVED', 'SURVIVED', 'SURVIVED', 'SURVIVED', 'SURVIVED', 'SURVIVED', 'SURVIVED', 'SURVIVED', 'SURVIVED', 'SURVIVED', 'SURVIVED', 'SURVIVED', 'SURVIVED', 'SURVIVED', 'SURVIVED', 'SURVIVED', 'SURVIVED', 'SURVIVED', 'SURVIVED', 'SURVIVED', 'SURVIVED', 'SURVIVED', 'SURVIVED', 'SURVIVED', 'SURVIVED', 'SURVIVED', 'SURVIVED', 'SURVIVED', 'SURVIVED', 'SURVIVED', 'SURVIVED', 'SURVIVED', 'SURVIVED', 'SURVIVED', 'SURVIVED', 'SURVIVED', 'SURVIVED', 'SURVIVED', 'SURVIVED', 'SURVIVED', 'SURVIVED', 'SURVIVED', 'SURVIVED', 'SURVIVED', 'SURVIVED', 'SURVIVED', 'SURVIVED', 'SURVIVED', 'SURVIVED', 'SURVIVED', 'SURVIVED', 'SURVIVED', 'SURVIVED', 'SURVIVED', 'SURVIVED', 'SURVIVED', 'SURVIVED', 'SURVIVED', 'SURVIVED', 'SURVIVED', 'SURVIVED', 'SURVIVED', 'SURVIVED', 'SURVIVED', 'SURVIVED', 'SURVIVED', 'SURVIVED', 'SURVIVED', 'SURVIVED', 'SURVIVED', 'SURVIVED', 'SURVIVED', 'SURVIVED', 'SURVIVED', 'SURVIVED', 'SURVIVED', 'SURVIVED', 'SURVIVED', 'SURVIVED', 'SURVIVED', 'SURVIVED', 'SURVIVED', 'SURVIVED', 'SURVIVED', 'SURVIVED', 'SURVIVED', 'SURVIVED', 'SURVIVED', 'SURVIVED', 'SURVIVED', 'SURVIVED', 'SURVIVED', 'SURVIVED', 'SURVIVED', 'SURVIVED', 'SURVIVED', 'SURVIVED', 'SURVIVED', 'SURVIVED', 'SURVIVED', 'SURVIVED', 'SURVIVED', 'SURVIVED', 'SURVIVED', 'SURVIVED', 'SURVIVED', 'SURVIVED', 'SURVIVED', 'SURVIVED', 'SURVIVED', 'SURVIVED', 'SURVIVED', 'SURVIVED', 'SURVIVED', 'SURVIVED', 'SURVIVED']","['KILLED', 'SURVIVED', 'SURVIVED', 'SURVIVED', 'SURVIVED', 'KILLED', 'SURVIVED', 'KILLED', 'SURVIVED', 'KILLED', 'KILLED', 'KILLED', 'KILLED', 'KILLED', 'KILLED', 'KILLED', 'SURVIVED', 'KILLED', 'KILLED', 'SURVIVED', 'SURVIVED', 'SURVIVED', 'KILLED', 'KILLED', 'KILLED', 'KILLED', 'KILLED', 'SURVIVED', 'SURVIVED', 'SURVIVED', 'SURVIVED', 'SURVIVED', 'KILLED', 'SURVIVED', 'KILLED', 'SURVIVED', 'SURVIVED', 'KILLED', 'KILLED', 'SURVIVED', 'KILLED', 'SURVIVED', 'KILLED', 'KILLED', 'KILLED', 'SURVIVED', 'SURVIVED', 'KILLED', 'KILLED', 'SURVIVED', 'SURVIVED', 'SURVIVED', 'SURVIVED', 'SURVIVED', 'KILLED', 'KILLED', 'KILLED', 'KILLED', 'KILLED', 'KILLED', 'SURVIVED', 'SURVIVED', 'SURVIVED', 'KILLED', 'SURVIVED', 'SURVIVED', 'KILLED', 'KILLED', 'KILLED', 'KILLED', 'KILLED', 'SURVIVED', 'KILLED', 'KILLED', 'SURVIVED', 'KILLED', 'SURVIVED', 'KILLED', 'KILLED', 'KILLED', 'KILLED', 'KILLED', 'SURVIVED', 'SURVIVED', 'SURVIVED', 'KILLED', 'SURVIVED', 'KILLED', 'SURVIVED', 'SURVIVED', 'SURVIVED', 'KILLED', 'KILLED', 'SURVIVED', 'KILLED', 'SURVIVED', 'KILLED', 'SURVIVED', 'KILLED', 'KILLED', 'SURVIVED', 'SURVIVED', 'KILLED', 'SURVIVED', 'KILLED', 'SURVIVED', 'SURVIVED', 'KILLED', 'SURVIVED', 'KILLED', 'SURVIVED', 'KILLED', 'SURVIVED', 'SURVIVED', 'KILLED', 'SURVIVED', 'KILLED', 'SURVIVED', 'KILLED', 'SURVIVED', 'KILLED', 'KILLED', 'KILLED', 'SURVIVED', 'KILLED', 'SURVIVED', 'KILLED', 'SURVIVED', 'KILLED', 'KILLED', 'SURVIVED', 'KILLED', 'KILLED', 'KILLED', 'KILLED', 'SURVIVED', 'KILLED', 'SURVIVED', 'SURVIVED', 'KILLED', 'KILLED', 'KILLED', 'KILLED', 'SURVIVED', 'SURVIVED', 'KILLED']","[0.11, 0.014, 0.831, 0.935, 0.132, 0.77, 0.268, 0.939, 0.6, 0.792, 0.009, 0.792, 0.542, 0.818, 0.853, 0.085, 0.139, 0.76, 0.892, 0.815, 0.307, 0.479, 0.244, 0.544, 0.267, 0.544, 0.021, 0.045, 0.545, 0.103, 0.886, 0.415, 0.001, 0.224, 0.227, 0.385, 0.353, 0.287, 0.922, 0.684, 0.687, 0.715, 0.902, 0.492, 0.991, 0.225, 0.956, 0.282, 0.076, 0.334, 0.36, 0.925, 0.085, 0.043, 0.151, 0.429, 0.335, 0.181, 0.425, 0.893, 0.687, 0.625, 0.287, 0.875, 0.271, 0.499, 0.369, 0.265, 0.907, 0.799, 0.789, 0.862, 0.978, 0.778, 0.147, 0.148, 0.447, 0.797, 0.976, 0.815, 0.113, 0.427, 0.727, 0.145, 0.323, 0.128, 0.768, 0.353, 0.494, 0.481, 0.973, 0.602, 0.637, 0.138, 0.944, 0.922, 0.383, 0.549, 0.539, 0.493, 0.536, 0.23, 0.084, 0.715, 0.527, 0.777, 0.811, 0.219, 0.087, 0.362, 0.203, 0.851, 0.362, 0.474, 0.134, 0.11, 0.911, 0.361, 0.849, 0.779, 0.139, 0.46, 0.835, 0.552, 0.931, 0.421, 0.211, 0.225, 0.747, 0.117, 0.696, 0.143, 0.733, 0.696, 0.425, 0.054, 0.106, 0.582, 0.477, 0.594, 0.158, 0.147, 0.141, 0.245, 0.012, 0.831]"
Csv_5,"['KILLED', 'KILLED', 'KILLED', 'KILLED', 'KILLED', 'KILLED', 'KILLED', 'KILLED', 'KILLED', 'KILLED', 'KILLED', 'KILLED', 'KILLED', 'KILLED', 'KILLED', 'KILLED', 'KILLED', 'KILLED', 'KILLED', 'KILLED', 'KILLED', 'KILLED', 'KILLED', 'KILLED', 'KILLED', 'KILLED', 'KILLED', 'KILLED', 'KILLED', 'KILLED', 'KILLED', 'KILLED', 'KILLED', 'KILLED', 'KILLED', 'KILLED', 'KILLED', 'KILLED', 'KILLED', 'KILLED', 'KILLED', 'KILLED', 'KILLED', 'KILLED', 'KILLED', 'KILLED', 'KILLED', 'KILLED', 'KILLED', 'KILLED', 'KILLED', 'KILLED', 'KILLED', 'KILLED', 'KILLED', 'KILLED', 'KILLED', 'KILLED', 'KILLED', 'KILLED', 'KILLED', 'KILLED', 'KILLED', 'KILLED', 'KILLED', 'KILLED', 'KILLED', 'KILLED', 'KILLED', 'KILLED', 'KILLED', 'KILLED', 'KILLED', 'KILLED', 'KILLED', 'KILLED', 'KILLED', 'KILLED', 'KILLED', 'KILLED', 'KILLED', 'KILLED', 'KILLED', 'KILLED', 'KILLED', 'KILLED', 'KILLED', 'KILLED', 'KILLED', 'KILLED', 'KILLED', 'KILLED', 'KILLED', 'KILLED', 'KILLED', 'KILLED', 'KILLED', 'KILLED', 'KILLED', 'KILLED', 'KILLED', 'KILLED', 'KILLED', 'KILLED', 'KILLED', 'KILLED', 'KILLED', 'KILLED', 'KILLED', 'KILLED', 'KILLED', 'KILLED', 'KILLED', 'KILLED', 'KILLED', 'KILLED', 'KILLED', 'KILLED', 'KILLED', 'KILLED', 'KILLED', 'KILLED', 'KILLED', 'KILLED', 'KILLED', 'KILLED', 'KILLED', 'KILLED', 'KILLED', 'KILLED', 'KILLED', 'KILLED', 'KILLED', 'KILLED', 'KILLED', 'KILLED', 'KILLED', 'KILLED', 'KILLED', 'KILLED', 'KILLED', 'KILLED', 'KILLED', 'KILLED', 'KILLED', 'KILLED']","['SURVIVED', 'KILLED', 'KILLED', 'SURVIVED', 'KILLED', 'SURVIVED', 'SURVIVED', 'SURVIVED', 'SURVIVED', 'SURVIVED', 'KILLED', 'SURVIVED', 'KILLED', 'KILLED', 'KILLED', 'KILLED', 'KILLED', 'KILLED', 'KILLED', 'SURVIVED', 'SURVIVED', 'SURVIVED', 'SURVIVED', 'SURVIVED', 'KILLED', 'SURVIVED', 'KILLED', 'SURVIVED', 'KILLED', 'SURVIVED', 'KILLED', 'KILLED', 'SURVIVED', 'KILLED', 'KILLED', 'SURVIVED', 'KILLED', 'KILLED', 'SURVIVED', 'SURVIVED', 'SURVIVED', 'SURVIVED', 'SURVIVED', 'KILLED', 'KILLED', 'SURVIVED', 'SURVIVED', 'KILLED', 'SURVIVED', 'KILLED', 'KILLED', 'KILLED', 'SURVIVED', 'SURVIVED', 'KILLED', 'KILLED', 'SURVIVED', 'KILLED', 'KILLED', 'KILLED', 'KILLED', 'KILLED', 'SURVIVED', 'KILLED', 'KILLED', 'KILLED', 'KILLED', 'SURVIVED', 'KILLED', 'KILLED', 'SURVIVED', 'KILLED', 'KILLED', 'SURVIVED', 'KILLED', 'SURVIVED', 'KILLED', 'SURVIVED', 'SURVIVED', 'SURVIVED', 'KILLED', 'SURVIVED', 'SURVIVED', 'SURVIVED', 'KILLED', 'KILLED', 'SURVIVED', 'SURVIVED', 'KILLED', 'KILLED', 'KILLED', 'SURVIVED', 'SURVIVED', 'KILLED', 'SURVIVED', 'KILLED', 'KILLED', 'SURVIVED', 'KILLED', 'KILLED', 'KILLED', 'KILLED', 'KILLED', 'KILLED', 'SURVIVED', 'SURVIVED', 'KILLED', 'SURVIVED', 'SURVIVED', 'SURVIVED', 'SURVIVED', 'KILLED', 'SURVIVED', 'KILLED', 'KILLED', 'KILLED', 'KILLED', 'SURVIVED', 'KILLED', 'KILLED', 'KILLED', 'SURVIVED', 'KILLED', 'SURVIVED', 'KILLED', 'SURVIVED', 'SURVIVED', 'KILLED', 'SURVIVED', 'KILLED', 'KILLED', 'SURVIVED', 'SURVIVED', 'SURVIVED', 'KILLED', 'KILLED', 'KILLED', 'SURVIVED', 'SURVIVED', 'SURVIVED', 'SURVIVED', 'SURVIVED', 'KILLED', 'KILLED', 'SURVIVED', 'KILLED']","[0.363, 0.287, 0.409, 0.62, 0.681, 0.441, 0.512, 0.625, 0.314, 0.083, 0.413, 0.45, 0.877, 0.991, 0.043, 0.977, 0.057, 0.791, 0.7, 0.561, 0.155, 0.105, 0.376, 0.57, 0.854, 0.223, 0.874, 0.669, 0.349, 0.468, 0.535, 0.818, 0.109, 0.18, 0.108, 0.96, 0.397, 0.433, 0.402, 0.064, 0.342, 0.604, 0.213, 0.741, 0.114, 0.455, 0.545, 0.949, 0.146, 0.213, 0.568, 0.988, 0.774, 0.062, 0.809, 0.79, 0.979, 0.213, 0.211, 0.023, 0.759, 0.423, 0.252, 0.176, 0.142, 0.274, 0.082, 0.874, 0.451, 0.42, 0.214, 0.893, 0.184, 0.054, 0.895, 0.429, 0.963, 0.297, 0.199, 0.942, 0.482, 0.536, 0.784, 0.966, 0.437, 0.913, 0.57, 0.823, 0.561, 0.894, 0.199, 0.723, 0.578, 0.145, 0.664, 0.824, 0.734, 0.825, 0.733, 0.014, 0.897, 0.934, 0.499, 0.316, 0.792, 0.674, 0.263, 0.722, 0.988, 0.943, 0.857, 0.634, 0.639, 0.578, 0.036, 0.746, 0.188, 0.696, 0.774, 0.601, 0.216, 0.21, 0.191, 0.68, 0.955, 0.37, 0.364, 0.302, 0.307, 0.819, 0.125, 0.499, 0.999, 0.414, 0.352, 0.828, 0.426, 0.974, 0.336, 0.926, 0.459, 0.373, 0.553, 0.163, 0.436, 0.285]"
Csv_5,"['KILLED', 'SURVIVED', 'SURVIVED', 'SURVIVED', 'SURVIVED', 'SURVIVED', 'SURVIVED', 'SURVIVED', 'SURVIVED', 'SURVIVED', 'SURVIVED', 'SURVIVED', 'SURVIVED', 'SURVIVED', 'SURVIVED', 'SURVIVED', 'SURVIVED', 'SURVIVED', 'SURVIVED', 'SURVIVED', 'SURVIVED', 'SURVIVED', 'SURVIVED', 'SURVIVED', 'SURVIVED', 'SURVIVED', 'SURVIVED', 'SURVIVED', 'SURVIVED', 'SURVIVED', 'SURVIVED', 'SURVIVED', 'SURVIVED', 'SURVIVED', 'SURVIVED', 'SURVIVED', 'SURVIVED', 'SURVIVED', 'SURVIVED', 'SURVIVED', 'SURVIVED', 'SURVIVED', 'SURVIVED', 'SURVIVED', 'SURVIVED', 'SURVIVED', 'SURVIVED', 'SURVIVED', 'SURVIVED', 'SURVIVED', 'SURVIVED', 'SURVIVED', 'SURVIVED', 'SURVIVED', 'SURVIVED', 'SURVIVED', 'SURVIVED', 'SURVIVED', 'SURVIVED', 'SURVIVED', 'SURVIVED', 'SURVIVED', 'SURVIVED', 'SURVIVED', 'SURVIVED', 'SURVIVED', 'SURVIVED', 'SURVIVED', 'SURVIVED', 'SURVIVED', 'SURVIVED', 'SURVIVED', 'SURVIVED', 'SURVIVED', 'SURVIVED', 'SURVIVED', 'SURVIVED', 'SURVIVED', 'SURVIVED', 'SURVIVED', 'SURVIVED', 'SURVIVED', 'SURVIVED', 'SURVIVED', 'SURVIVED', 'SURVIVED', 'SURVIVED', 'SURVIVED', 'SURVIVED', 'SURVIVED', 'SURVIVED', 'SURVIVED', 'SURVIVED', 'SURVIVED', 'SURVIVED', 'SURVIVED', 'SURVIVED', 'SURVIVED', 'SURVIVED', 'SURVIVED', 'SURVIVED', 'SURVIVED', 'SURVIVED', 'SURVIVED', 'SURVIVED', 'SURVIVED', 'SURVIVED', 'SURVIVED', 'SURVIVED', 'SURVIVED', 'SURVIVED', 'SURVIVED', 'SURVIVED', 'SURVIVED', 'SURVIVED', 'SURVIVED', 'SURVIVED', 'SURVIVED', 'SURVIVED', 'SURVIVED', 'SURVIVED', 'SURVIVED', 'SURVIVED', 'SURVIVED', 'SURVIVED', 'SURVIVED', 'SURVIVED', 'SURVIVED', 'SURVIVED', 'SURVIVED', 'SURVIVED', 'SURVIVED', 'SURVIVED', 'SURVIVED', 'SURVIVED', 'SURVIVED', 'SURVIVED', 'SURVIVED', 'SURVIVED', 'SURVIVED', 'SURVIVED', 'SURVIVED', 'SURVIVED', 'SURVIVED', 'SURVIVED', 'SURVIVED']","['SURVIVED', 'SURVIVED', 'KILLED', 'KILLED', 'KILLED', 'KILLED', 'KILLED', 'SURVIVED', 'KILLED', 'SURVIVED', 'KILLED', 'SURVIVED', 'KILLED', 'SURVIVED', 'SURVIVED', 'KILLED', 'KILLED', 'SURVIVED', 'SURVIVED', 'KILLED', 'KILLED', 'SURVIVED', 'KILLED', 'SURVIVED', 'SURVIVED', 'SURVIVED', 'SURVIVED', 'KILLED', 'SURVIVED', 'KILLED', 'SURVIVED', 'SURVIVED', 'SURVIVED', 'SURVIVED', 'SURVIVED', 'KILLED', 'KILLED', 'SURVIVED', 'KILLED', 'KILLED', 'KILLED', 'KILLED', 'SURVIVED', 'SURVIVED', 'SURVIVED', 'KILLED', 'SURVIVED', 'KILLED', 'SURVIVED', 'KILLED', 'SURVIVED', 'KILLED', 'SURVIVED', 'KILLED', 'SURVIVED', 'KILLED', 'SURVIVED', 'SURVIVED', 'KILLED', 'SURVIVED', 'KILLED', 'KILLED', 'KILLED', 'KILLED', 'SURVIVED', 'SURVIVED', 'KILLED', 'SURVIVED', 'KILLED', 'KILLED', 'KILLED', 'KILLED', 'SURVIVED', 'KILLED', 'KILLED', 'KILLED', 'KILLED', 'SURVIVED', 'KILLED', 'KILLED', 'SURVIVED', 'SURVIVED', 'KILLED', 'KILLED', 'KILLED', 'SURVIVED', 'KILLED', 'KILLED', 'SURVIVED', 'SURVIVED', 'KILLED', 'SURVIVED', 'KILLED', 'KILLED', 'KILLED', 'KILLED', 'KILLED', 'SURVIVED', 'KILLED', 'KILLED', 'KILLED', 'SURVIVED', 'SURVIVED', 'KILLED', 'KILLED', 'KILLED', 'SURVIVED', 'SURVIVED', 'KILLED', 'SURVIVED', 'KILLED', 'SURVIVED', 'KILLED', 'SURVIVED', 'KILLED', 'SURVIVED', 'KILLED', 'KILLED', 'SURVIVED', 'SURVIVED', 'SURVIVED', 'SURVIVED', 'KILLED', 'KILLED', 'SURVIVED', 'KILLED', 'KILLED', 'KILLED', 'KILLED', 'SURVIVED', 'SURVIVED', 'SURVIVED', 'KILLED', 'KILLED', 'SURVIVED', 'KILLED', 'KILLED', 'KILLED', 'KILLED', 'KILLED', 'KILLED', 'SURVIVED', 'KILLED', 'KILLED', 'KILLED', 'SURVIVED']","[0.139, 0.083, 0.692, 0.127, 0.274, 0.199, 0.092, 0.708, 0.652, 0.467, 0.809, 0.436, 0.946, 0.922, 0.25, 0.198, 0.846, 0.717, 0.962, 0.103, 0.793, 0.588, 0.166, 0.206, 0.722, 0.433, 0.446, 0.596, 0.272, 0.319, 0.108, 0.383, 0.2, 0.353, 0.898, 0.819, 0.449, 0.889, 0.958, 0.253, 0.41, 0.604, 0.877, 0.95, 0.53, 0.398, 0.115, 0.809, 0.429, 0.186, 0.245, 0.215, 0.372, 0.145, 0.314, 0.01, 0.688, 0.717, 0.214, 0.567, 0.322, 0.233, 0.066, 0.284, 0.212, 0.217, 0.561, 0.716, 0.946, 0.807, 0.671, 0.574, 0.646, 0.682, 0.435, 0.813, 0.198, 0.05, 0.494, 0.047, 0.274, 0.119, 0.453, 0.601, 0.591, 0.236, 0.021, 0.018, 0.783, 0.576, 0.005, 0.462, 0.131, 0.967, 0.037, 0.533, 0.528, 0.337, 0.016, 0.47, 0.83, 0.415, 0.301, 0.317, 0.346, 0.08, 0.775, 0.494, 0.047, 0.298, 0.984, 0.493, 0.641, 0.91, 0.843, 0.938, 0.103, 0.224, 0.825, 0.139, 0.994, 0.861, 0.724, 0.226, 0.088, 0.724, 0.812, 0.816, 0.538, 0.005, 0.688, 0.052, 0.883, 0.043, 0.048, 0.304, 0.264, 0.688, 0.792, 0.38, 0.699, 0.925, 0.583, 0.12, 0.319, 0.148]"
Csv_5,"['KILLED', 'KILLED', 'KILLED', 'KILLED', 'KILLED', 'KILLED', 'KILLED', 'KILLED', 'KILLED', 'KILLED', 'KILLED', 'KILLED', 'KILLED', 'KILLED', 'KILLED', 'KILLED', 'KILLED', 'KILLED', 'KILLED', 'KILLED', 'KILLED', 'KILLED', 'KILLED', 'KILLED', 'KILLED', 'KILLED', 'KILLED', 'KILLED', 'KILLED', 'KILLED', 'KILLED', 'KILLED', 'KILLED', 'KILLED', 'KILLED', 'KILLED', 'KILLED', 'KILLED', 'KILLED', 'KILLED', 'KILLED', 'KILLED', 'KILLED', 'KILLED', 'KILLED', 'KILLED', 'KILLED', 'KILLED', 'KILLED', 'KILLED', 'KILLED', 'KILLED', 'KILLED', 'KILLED', 'KILLED', 'KILLED', 'KILLED', 'KILLED', 'KILLED', 'KILLED', 'KILLED', 'KILLED', 'KILLED', 'KILLED', 'KILLED', 'KILLED', 'KILLED', 'KILLED', 'KILLED', 'KILLED', 'KILLED', 'KILLED', 'KILLED', 'KILLED', 'KILLED', 'KILLED', 'KILLED', 'KILLED', 'KILLED', 'KILLED', 'KILLED', 'KILLED', 'KILLED', 'KILLED', 'KILLED', 'KILLED', 'KILLED', 'KILLED', 'KILLED', 'KILLED', 'KILLED', 'KILLED', 'KILLED', 'KILLED', 'KILLED', 'KILLED', 'KILLED', 'KILLED', 'KILLED', 'KILLED', 'KILLED', 'KILLED', 'KILLED', 'KILLED', 'KILLED', 'KILLED', 'KILLED', 'KILLED', 'KILLED', 'KILLED', 'KILLED', 'KILLED', 'KILLED', 'KILLED', 'KILLED', 'KILLED', 'KILLED', 'KILLED', 'KILLED', 'KILLED', 'KILLED', 'KILLED', 'KILLED', 'KILLED', 'KILLED', 'KILLED', 'KILLED', 'KILLED', 'KILLED', 'KILLED', 'KILLED', 'KILLED', 'KILLED', 'KILLED', 'KILLED', 'KILLED', 'KILLED', 'KILLED', 'KILLED', 'KILLED', 'KILLED', 'KILLED', 'KILLED', 'KILLED', 'KILLED', 'KILLED']","['SURVIVED', 'SURVIVED', 'KILLED', 'KILLED', 'SURVIVED', 'SURVIVED', 'SURVIVED', 'SURVIVED', 'SURVIVED', 'KILLED', 'KILLED', 'SURVIVED', 'SURVIVED', 'KILLED', 'SURVIVED', 'KILLED', 'KILLED', 'KILLED', 'KILLED', 'SURVIVED', 'KILLED', 'KILLED', 'KILLED', 'KILLED', 'SURVIVED', 'SURVIVED', 'KILLED', 'SURVIVED', 'KILLED', 'SURVIVED', 'KILLED', 'SURVIVED', 'SURVIVED', 'SURVIVED', 'KILLED', 'KILLED', 'KILLED', 'KILLED', 'SURVIVED', 'SURVIVED', 'SURVIVED', 'KILLED', 'SURVIVED', 'KILLED', 'KILLED', 'SURVIVED', 'SURVIVED', 'KILLED', 'SURVIVED', 'KILLED', 'KILLED', 'SURVIVED', 'KILLED', 'KILLED', 'KILLED', 'KILLED', 'SURVIVED', 'KILLED', 'SURVIVED', 'KILLED', 'SURVIVED', 'SURVIVED', 'SURVIVED', 'SURVIVED', 'KILLED', 'KILLED', 'SURVIVED', 'SURVIVED', 'KILLED', 'KILLED', 'SURVIVED', 'SURVIVED', 'SURVIVED', 'KILLED', 'SURVIVED', 'SURVIVED', 'SURVIVED', 'KILLED', 'KILLED', 'SURVIVED', 'SURVIVED', 'KILLED', 'SURVIVED', 'KILLED', 'SURVIVED', 'KILLED', 'SURVIVED', 'SURVIVED', 'SURVIVED', 'KILLED', 'KILLED', 'KILLED', 'KILLED', 'KILLED', 'KILLED', 'KILLED', 'KILLED', 'SURVIVED', 'KILLED', 'KILLED', 'KILLED', 'SURVIVED', 'KILLED', 'SURVIVED', 'SURVIVED', 'SURVIVED', 'KILLED', 'KILLED', 'SURVIVED', 'SURVIVED', 'KILLED', 'KILLED', 'KILLED', 'SURVIVED', 'SURVIVED', 'SURVIVED', 'KILLED', 'KILLED', 'KILLED', 'SURVIVED', 'SURVIVED', 'KILLED', 'KILLED', 'SURVIVED', 'KILLED', 'KILLED', 'KILLED', 'SURVIVED', 'SURVIVED', 'KILLED', 'KILLED', 'SURVIVED', 'SURVIVED', 'SURVIVED', 'KILLED', 'KILLED', 'SURVIVED', 'KILLED', 'KILLED', 'KILLED', 'SURVIVED', 'SURVIVED', 'KILLED', 'SURVIVED', 'KILLED', 'SURVIVED']","[0.109, 0.819, 0.567, 0.99, 0.835, 0.525, 0.167, 0.147, 0.094, 0.305, 0.736, 0.453, 0.735, 0.99, 0.257, 0.486, 0.364, 0.014, 0.353, 0.71, 0.891, 0.775, 0.857, 0.902, 0.596, 0.113, 0.686, 0.728, 0.021, 0.979, 0.856, 0.659, 0.142, 0.498, 0.244, 0.741, 0.973, 0.359, 0.744, 0.194, 0.955, 0.639, 0.965, 0.877, 0.679, 0.899, 0.449, 0.958, 0.527, 0.265, 0.679, 0.888, 0.391, 0.417, 0.994, 0.309, 0.041, 0.52, 0.343, 0.612, 0.433, 0.455, 0.968, 0.792, 0.288, 0.969, 0.499, 0.686, 0.466, 0.15, 0.967, 0.624, 0.664, 0.304, 0.288, 0.8, 0.016, 0.041, 0.283, 0.593, 0.053, 0.306, 0.43, 0.66, 0.001, 0.251, 0.35, 0.283, 0.859, 0.665, 0.769, 0.155, 0.086, 0.271, 0.996, 0.197, 0.585, 0.081, 0.219, 0.473, 0.355, 0.812, 0.637, 0.423, 0.967, 0.098, 0.261, 0.302, 0.311, 0.564, 0.679, 0.322, 0.578, 0.683, 0.2, 0.136, 0.554, 0.301, 0.086, 0.567, 0.628, 0.546, 0.376, 0.876, 0.437, 0.139, 0.442, 0.313, 0.935, 0.713, 0.468, 0.428, 0.421, 0.41, 0.028, 0.559, 0.957, 0.421, 0.756, 0.615, 0.302, 0.243, 0.512, 0.127, 0.543, 0.566]"
Csv_5,"['KILLED', 'SURVIVED']","['SURVIVED', 'KILLED']","[0.755, 0.393]"
Csv_5,['KILLED'],['SURVIVED'],[0.67]
Csv_5,"['KILLED', 'SURVIVED', 'SURVIVED', 'SURVIVED', 'SURVIVED', 'SURVIVED', 'SURVIVED', 'SURVIVED', 'SURVIVED', 'SURVIVED', 'SURVIVED', 'SURVIVED', 'SURVIVED', 'SURVIVED', 'SURVIVED', 'SURVIVED', 'SURVIVED', 'SURVIVED', 'SURVIVED', 'SURVIVED', 'SURVIVED', 'SURVIVED', 'SURVIVED', 'SURVIVED', 'SURVIVED', 'SURVIVED', 'SURVIVED', 'SURVIVED', 'SURVIVED', 'SURVIVED', 'SURVIVED']","['SURVIVED', 'SURVIVED', 'KILLED', 'KILLED', 'KILLED', 'SURVIVED', 'KILLED', 'SURVIVED', 'KILLED', 'SURVIVED', 'SURVIVED', 'SURVIVED', 'KILLED', 'KILLED', 'KILLED', 'KILLED', 'KILLED', 'SURVIVED', 'KILLED', 'KILLED', 'KILLED', 'SURVIVED', 'SURVIVED', 'KILLED', 'SURVIVED', 'KILLED', 'KILLED', 'KILLED', 'KILLED', 'KILLED', 'KILLED']","[0.52, 0.247, 0.104, 0.025, 0.506, 0.391, 0.926, 0.3, 0.484, 0.184, 0.235, 0.848, 0.26, 0.613, 0.439, 0.658, 0.123, 0.146, 0.022, 0.142, 0.745, 0.241, 0.512, 0.7, 0.2, 0.48, 0.289, 0.1, 0.589, 0.367, 0.275]"
Csv_5,"['SURVIVED', 'SURVIVED', 'SURVIVED', 'SURVIVED', 'SURVIVED', 'SURVIVED', 'SURVIVED', 'SURVIVED', 'SURVIVED', 'SURVIVED', 'SURVIVED', 'SURVIVED', 'SURVIVED', 'SURVIVED', 'SURVIVED', 'SURVIVED', 'SURVIVED', 'SURVIVED', 'SURVIVED', 'SURVIVED', 'SURVIVED', 'SURVIVED', 'SURVIVED', 'SURVIVED', 'SURVIVED', 'SURVIVED', 'SURVIVED', 'SURVIVED', 'SURVIVED', 'SURVIVED']","['SURVIVED', 'KILLED', 'SURVIVED', 'SURVIVED', 'SURVIVED', 'KILLED', 'KILLED', 'SURVIVED', 'SURVIVED', 'KILLED', 'SURVIVED', 'KILLED', 'SURVIVED', 'KILLED', 'SURVIVED', 'KILLED', 'SURVIVED', 'KILLED', 'SURVIVED', 'SURVIVED', 'SURVIVED', 'KILLED', 'KILLED', 'SURVIVED', 'KILLED', 'SURVIVED', 'SURVIVED', 'KILLED', 'KILLED', 'KILLED']","[0.352, 0.719, 0.339, 0.715, 0.787, 0.278, 0.763, 0.303, 0.394, 0.916, 0.645, 0.377, 0.472, 0.659, 0.576, 0.927, 0.775, 0.525, 0.129, 0.324, 0.955, 0.348, 0.617, 0.404, 0.045, 0.852, 0.159, 0.097, 0.106, 0.934]"
Csv_5,"['KILLED', 'SURVIVED', 'SURVIVED']","['SURVIVED', 'SURVIVED', 'KILLED']","[0.981, 0.809, 0.733]"
Csv_5,"['KILLED', 'SURVIVED']","['KILLED', 'KILLED']","[0.9, 0.174]"
Csv_5,['KILLED'],['SURVIVED'],[0.756]
Csv_5,"['KILLED', 'SURVIVED', 'SURVIVED', 'SURVIVED', 'SURVIVED', 'SURVIVED', 'SURVIVED', 'SURVIVED', 'SURVIVED', 'SURVIVED', 'SURVIVED', 'SURVIVED', 'SURVIVED', 'SURVIVED', 'SURVIVED', 'SURVIVED', 'SURVIVED', 'SURVIVED', 'SURVIVED', 'SURVIVED', 'SURVIVED', 'SURVIVED', 'SURVIVED', 'SURVIVED', 'SURVIVED', 'SURVIVED', 'SURVIVED', 'SURVIVED', 'SURVIVED', 'SURVIVED', 'SURVIVED', 'SURVIVED', 'SURVIVED', 'SURVIVED', 'SURVIVED', 'SURVIVED', 'SURVIVED', 'SURVIVED', 'SURVIVED', 'SURVIVED', 'SURVIVED', 'SURVIVED']","['SURVIVED', 'KILLED', 'KILLED', 'SURVIVED', 'KILLED', 'KILLED', 'KILLED', 'SURVIVED', 'SURVIVED', 'KILLED', 'KILLED', 'SURVIVED', 'KILLED', 'SURVIVED', 'SURVIVED', 'KILLED', 'KILLED', 'KILLED', 'SURVIVED', 'SURVIVED', 'SURVIVED', 'SURVIVED', 'KILLED', 'KILLED', 'KILLED', 'SURVIVED', 'KILLED', 'KILLED', 'KILLED', 'KILLED', 'KILLED', 'KILLED', 'KILLED', 'KILLED', 'SURVIVED', 'SURVIVED', 'KILLED', 'SURVIVED', 'KILLED', 'SURVIVED', 'KILLED', 'KILLED']","[0.57, 0.474, 0.352, 0.618, 0.559, 0.138, 0.067, 0.428, 0.376, 0.071, 0.078, 0.782, 0.298, 0.118, 0.231, 0.601, 0.331, 0.224, 0.941, 0.922, 0.251, 0.703, 0.068, 0.871, 0.968, 0.075, 0.575, 0.853, 0.932, 0.5, 0.399, 0.057, 0.698, 0.111, 0.471, 0.917, 0.263, 0.03, 0.338, 0.261, 0.335, 0.765]"
Csv_5,"['KILLED', 'SURVIVED', 'SURVIVED', 'SURVIVED', 'SURVIVED', 'SURVIVED', 'SURVIVED', 'SURVIVED', 'SURVIVED', 'SURVIVED', 'SURVIVED', 'SURVIVED', 'SURVIVED', 'SURVIVED', 'SURVIVED', 'SURVIVED', 'SURVIVED', 'SURVIVED', 'SURVIVED', 'SURVIVED', 'SURVIVED', 'SURVIVED', 'SURVIVED', 'SURVIVED', 'SURVIVED', 'SURVIVED', 'SURVIVED', 'SURVIVED', 'SURVIVED', 'SURVIVED', 'SURVIVED', 'SURVIVED', 'SURVIVED', 'SURVIVED', 'SURVIVED', 'SURVIVED', 'SURVIVED', 'SURVIVED', 'SURVIVED', 'SURVIVED', 'SURVIVED']","['KILLED', 'KILLED', 'SURVIVED', 'KILLED', 'KILLED', 'SURVIVED', 'KILLED', 'KILLED', 'SURVIVED', 'KILLED', 'SURVIVED', 'KILLED', 'SURVIVED', 'KILLED', 'SURVIVED', 'KILLED', 'KILLED', 'KILLED', 'SURVIVED', 'KILLED', 'SURVIVED', 'SURVIVED', 'SURVIVED', 'SURVIVED', 'KILLED', 'KILLED', 'KILLED', 'KILLED', 'KILLED', 'SURVIVED', 'KILLED', 'SURVIVED', 'KILLED', 'SURVIVED', 'SURVIVED', 'KILLED', 'SURVIVED', 'SURVIVED', 'KILLED', 'KILLED', 'SURVIVED']","[0.118, 0.616, 0.904, 0.352, 0.343, 0.918, 0.238, 0.092, 0.01, 0.413, 0.753, 0.808, 0.536, 0.046, 0.802, 0.873, 0.25, 0.057, 0.057, 0.439, 0.283, 0.314, 0.602, 0.89, 0.998, 0.13, 0.398, 0.658, 0.657, 0.076, 0.938, 0.206, 0.705, 0.813, 0.898, 0.859, 0.444, 0.303, 0.367, 0.551, 0.869]"
Csv_5,"['SURVIVED', 'SURVIVED', 'SURVIVED', 'SURVIVED', 'SURVIVED', 'SURVIVED', 'SURVIVED', 'SURVIVED', 'SURVIVED', 'SURVIVED', 'SURVIVED', 'SURVIVED', 'SURVIVED', 'SURVIVED', 'SURVIVED', 'SURVIVED', 'SURVIVED', 'SURVIVED', 'SURVIVED', 'SURVIVED', 'SURVIVED', 'SURVIVED', 'SURVIVED', 'SURVIVED', 'SURVIVED', 'SURVIVED', 'SURVIVED', 'SURVIVED', 'SURVIVED', 'SURVIVED', 'SURVIVED', 'SURVIVED', 'SURVIVED', 'SURVIVED', 'SURVIVED', 'SURVIVED', 'SURVIVED', 'SURVIVED', 'SURVIVED', 'SURVIVED']","['KILLED', 'SURVIVED', 'SURVIVED', 'KILLED', 'KILLED', 'SURVIVED', 'SURVIVED', 'SURVIVED', 'SURVIVED', 'KILLED', 'KILLED', 'KILLED', 'KILLED', 'SURVIVED', 'KILLED', 'KILLED', 'SURVIVED', 'KILLED', 'KILLED', 'KILLED', 'SURVIVED', 'SURVIVED', 'KILLED', 'KILLED', 'SURVIVED', 'KILLED', 'SURVIVED', 'SURVIVED', 'SURVIVED', 'SURVIVED', 'KILLED', 'KILLED', 'SURVIVED', 'SURVIVED', 'SURVIVED', 'KILLED', 'SURVIVED', 'SURVIVED', 'SURVIVED', 'KILLED']","[0.224, 0.379, 0.66, 0.532, 0.66, 0.031, 0.763, 0.937, 0.91, 0.754, 0.336, 0.828, 0.263, 0.753, 0.217, 0.027, 0.726, 0.622, 0.866, 0.783, 0.929, 0.752, 0.807, 0.553, 0.952, 0.932, 0.287, 0.991, 0.535, 0.424, 0.719, 0.769, 0.26, 0.96, 0.467, 0.993, 0.238, 0.908, 0.281, 0.683]"
Csv_5,"['SURVIVED', 'SURVIVED', 'SURVIVED', 'SURVIVED', 'SURVIVED', 'SURVIVED', 'SURVIVED', 'SURVIVED', 'SURVIVED', 'SURVIVED', 'SURVIVED', 'SURVIVED', 'SURVIVED', 'SURVIVED', 'SURVIVED', 'SURVIVED', 'SURVIVED', 'SURVIVED', 'SURVIVED', 'SURVIVED', 'SURVIVED', 'SURVIVED', 'SURVIVED', 'SURVIVED', 'SURVIVED', 'SURVIVED', 'SURVIVED', 'SURVIVED', 'SURVIVED', 'SURVIVED', 'SURVIVED', 'SURVIVED', 'SURVIVED', 'SURVIVED', 'SURVIVED', 'SURVIVED', 'SURVIVED']","['SURVIVED', 'KILLED', 'KILLED', 'SURVIVED', 'SURVIVED', 'SURVIVED', 'KILLED', 'SURVIVED', 'SURVIVED', 'SURVIVED', 'SURVIVED', 'KILLED', 'KILLED', 'SURVIVED', 'SURVIVED', 'SURVIVED', 'KILLED', 'SURVIVED', 'SURVIVED', 'KILLED', 'SURVIVED', 'KILLED', 'SURVIVED', 'KILLED', 'SURVIVED', 'SURVIVED', 'KILLED', 'SURVIVED', 'KILLED', 'KILLED', 'SURVIVED', 'SURVIVED', 'KILLED', 'SURVIVED', 'KILLED', 'SURVIVED', 'SURVIVED']","[0.26, 0.495, 0.227, 0.174, 0.871, 0.656, 0.233, 0.655, 0.184, 0.507, 0.44, 0.317, 0.553, 0.228, 0.952, 0.992, 0.975, 0.016, 0.845, 0.849, 0.54, 0.045, 0.235, 0.109, 0.507, 0.113, 0.077, 0.204, 0.57, 0.829, 0.681, 0.071, 0.426, 0.283, 0.025, 0.607, 0.36]"
Csv_5,"['KILLED', 'KILLED', 'KILLED', 'KILLED', 'KILLED', 'KILLED', 'KILLED', 'KILLED', 'KILLED', 'KILLED', 'KILLED', 'KILLED', 'KILLED', 'KILLED', 'KILLED', 'KILLED', 'KILLED', 'KILLED', 'KILLED', 'KILLED', 'KILLED', 'KILLED', 'KILLED', 'KILLED', 'KILLED', 'KILLED', 'KILLED', 'KILLED', 'KILLED', 'KILLED', 'KILLED', 'KILLED', 'KILLED', 'KILLED', 'KILLED', 'KILLED']","['SURVIVED', 'SURVIVED', 'SURVIVED', 'SURVIVED', 'KILLED', 'KILLED', 'SURVIVED', 'KILLED', 'SURVIVED', 'KILLED', 'KILLED', 'KILLED', 'KILLED', 'SURVIVED', 'SURVIVED', 'KILLED', 'SURVIVED', 'KILLED', 'KILLED', 'SURVIVED', 'KILLED', 'KILLED', 'KILLED', 'SURVIVED', 'KILLED', 'KILLED', 'SURVIVED', 'SURVIVED', 'SURVIVED', 'SURVIVED', 'KILLED', 'SURVIVED', 'KILLED', 'SURVIVED', 'KILLED', 'SURVIVED']","[0.231, 0.315, 0.972, 0.693, 0.445, 0.958, 0.41, 0.08, 0.56, 0.076, 0.362, 0.484, 0.23, 0.786, 0.23, 0.828, 0.987, 0.926, 0.245, 0.909, 0.674, 0.666, 0.606, 0.796, 0.342, 0.118, 0.409, 0.505, 0.148, 0.494, 0.881, 0.198, 0.18, 0.454, 0.167, 0.419]"
Csv_5,['SURVIVED'],['SURVIVED'],[0.743]
Csv_5,['KILLED'],['KILLED'],[0.869]
Csv_5,"['KILLED', 'SURVIVED']","['SURVIVED', 'KILLED']","[0.69, 0.99]"
Csv_5,"['KILLED', 'KILLED', 'KILLED', 'KILLED', 'KILLED', 'KILLED', 'KILLED', 'KILLED', 'KILLED', 'KILLED', 'KILLED', 'KILLED', 'KILLED', 'KILLED', 'KILLED']","['KILLED', 'SURVIVED', 'SURVIVED', 'SURVIVED', 'KILLED', 'SURVIVED', 'KILLED', 'SURVIVED', 'KILLED', 'SURVIVED', 'SURVIVED', 'KILLED', 'KILLED', 'KILLED', 'SURVIVED']","[0.95, 0.911, 0.631, 0.741, 0.436, 0.758, 0.7, 0.733, 0.724, 0.59, 0.82, 0.509, 0.152, 0.008, 0.593]"
Csv_5,"['KILLED', 'KILLED', 'KILLED', 'KILLED', 'KILLED', 'KILLED', 'KILLED', 'KILLED', 'KILLED', 'KILLED', 'KILLED', 'KILLED', 'KILLED', 'KILLED', 'KILLED', 'KILLED', 'KILLED', 'KILLED', 'KILLED', 'KILLED', 'KILLED', 'KILLED', 'KILLED', 'KILLED', 'KILLED', 'KILLED', 'KILLED', 'KILLED', 'KILLED', 'KILLED', 'KILLED', 'SURVIVED', 'SURVIVED', 'SURVIVED', 'SURVIVED', 'SURVIVED', 'SURVIVED', 'SURVIVED', 'SURVIVED', 'SURVIVED']","['SURVIVED', 'SURVIVED', 'SURVIVED', 'SURVIVED', 'KILLED', 'SURVIVED', 'KILLED', 'KILLED', 'SURVIVED', 'SURVIVED', 'SURVIVED', 'KILLED', 'SURVIVED', 'SURVIVED', 'SURVIVED', 'SURVIVED', 'SURVIVED', 'KILLED', 'KILLED', 'KILLED', 'KILLED', 'SURVIVED', 'SURVIVED', 'SURVIVED', 'KILLED', 'SURVIVED', 'SURVIVED', 'KILLED', 'KILLED', 'SURVIVED', 'SURVIVED', 'SURVIVED', 'SURVIVED', 'KILLED', 'KILLED', 'SURVIVED', 'SURVIVED', 'KILLED', 'KILLED', 'SURVIVED']","[0.141, 0.207, 0.839, 0.755, 0.027, 0.903, 0.96, 0.54, 0.799, 0.007, 0.833, 0.026, 0.203, 0.942, 0.571, 0.732, 0.521, 0.831, 0.295, 0.11, 0.706, 0.845, 0.444, 0.432, 0.263, 0.865, 0.993, 0.732, 0.116, 0.354, 0.079, 0.793, 0.727, 0.327, 0.507, 0.276, 0.631, 0.513, 0.777, 0.707]"
Csv_5,"['KILLED', 'KILLED', 'KILLED', 'KILLED', 'KILLED', 'KILLED', 'KILLED', 'KILLED', 'KILLED']","['SURVIVED', 'KILLED', 'SURVIVED', 'KILLED', 'SURVIVED', 'KILLED', 'KILLED', 'KILLED', 'KILLED']","[0.137, 0.376, 0.943, 0.673, 0.265, 0.151, 0.814, 0.734, 0.283]"
Csv_5,"['KILLED', 'KILLED', 'KILLED', 'KILLED', 'KILLED', 'KILLED', 'KILLED', 'KILLED', 'KILLED', 'KILLED', 'KILLED', 'KILLED', 'KILLED', 'KILLED', 'KILLED', 'KILLED', 'KILLED', 'KILLED', 'KILLED', 'KILLED', 'KILLED', 'KILLED', 'KILLED', 'KILLED', 'KILLED', 'KILLED', 'KILLED', 'KILLED', 'KILLED', 'KILLED', 'KILLED', 'KILLED', 'KILLED', 'KILLED', 'KILLED', 'KILLED', 'SURVIVED', 'SURVIVED', 'SURVIVED']","['KILLED', 'KILLED', 'KILLED', 'KILLED', 'SURVIVED', 'KILLED', 'SURVIVED', 'KILLED', 'KILLED', 'KILLED', 'SURVIVED', 'SURVIVED', 'SURVIVED', 'KILLED', 'SURVIVED', 'SURVIVED', 'KILLED', 'SURVIVED', 'KILLED', 'SURVIVED', 'SURVIVED', 'SURVIVED', 'SURVIVED', 'SURVIVED', 'SURVIVED', 'SURVIVED', 'KILLED', 'KILLED', 'KILLED', 'SURVIVED', 'SURVIVED', 'SURVIVED', 'SURVIVED', 'KILLED', 'SURVIVED', 'KILLED', 'KILLED', 'SURVIVED', 'SURVIVED']","[0.661, 0.348, 0.398, 0.128, 0.882, 0.84, 0.864, 0.601, 0.687, 0.029, 0.268, 0.215, 0.851, 0.409, 0.562, 0.323, 0.675, 0.411, 0.809, 0.425, 0.261, 0.055, 0.486, 0.219, 0.636, 0.046, 0.448, 0.221, 0.876, 0.536, 0.78, 0.11, 0.968, 0.611, 0.129, 0.54, 0.95, 0.021, 0.379]"
Csv_5,"['KILLED', 'KILLED', 'KILLED', 'KILLED', 'KILLED', 'KILLED', 'KILLED', 'KILLED', 'KILLED', 'KILLED', 'KILLED', 'KILLED', 'KILLED', 'KILLED', 'KILLED', 'KILLED', 'KILLED', 'KILLED', 'KILLED', 'KILLED', 'KILLED', 'KILLED', 'KILLED', 'KILLED', 'KILLED', 'KILLED', 'KILLED', 'KILLED', 'KILLED', 'KILLED', 'KILLED', 'KILLED', 'KILLED', 'KILLED', 'KILLED', 'KILLED', 'KILLED', 'SURVIVED', 'SURVIVED']","['SURVIVED', 'SURVIVED', 'KILLED', 'KILLED', 'KILLED', 'SURVIVED', 'KILLED', 'KILLED', 'SURVIVED', 'KILLED', 'SURVIVED', 'KILLED', 'SURVIVED', 'SURVIVED', 'SURVIVED', 'KILLED', 'KILLED', 'KILLED', 'KILLED', 'KILLED', 'KILLED', 'SURVIVED', 'SURVIVED', 'KILLED', 'KILLED', 'SURVIVED', 'SURVIVED', 'KILLED', 'KILLED', 'KILLED', 'KILLED', 'SURVIVED', 'KILLED', 'SURVIVED', 'SURVIVED', 'KILLED', 'SURVIVED', 'KILLED', 'KILLED']","[0.074, 0.722, 0.762, 0.415, 0.015, 0.83, 0.605, 0.152, 0.736, 0.793, 0.194, 0.606, 0.312, 0.324, 0.512, 0.023, 0.274, 0.203, 0.264, 0.656, 0.471, 0.291, 0.093, 0.967, 0.561, 0.483, 0.908, 0.533, 0.245, 0.017, 0.497, 0.394, 0.373, 0.547, 0.108, 0.224, 0.975, 0.397, 0.232]"
Csv_5,"['KILLED', 'KILLED', 'KILLED', 'KILLED', 'KILLED', 'KILLED', 'KILLED', 'KILLED', 'KILLED', 'KILLED', 'KILLED', 'KILLED', 'KILLED', 'KILLED', 'KILLED', 'KILLED', 'KILLED', 'KILLED', 'KILLED', 'KILLED', 'KILLED', 'KILLED', 'KILLED', 'KILLED', 'KILLED', 'KILLED', 'KILLED', 'KILLED', 'KILLED', 'KILLED', 'KILLED', 'KILLED', 'KILLED', 'KILLED', 'KILLED', 'KILLED', 'KILLED', 'KILLED', 'KILLED']","['SURVIVED', 'SURVIVED', 'KILLED', 'SURVIVED', 'SURVIVED', 'KILLED', 'KILLED', 'KILLED', 'KILLED', 'KILLED', 'SURVIVED', 'KILLED', 'KILLED', 'KILLED', 'SURVIVED', 'SURVIVED', 'KILLED', 'KILLED', 'SURVIVED', 'SURVIVED', 'SURVIVED', 'SURVIVED', 'SURVIVED', 'KILLED', 'KILLED', 'SURVIVED', 'SURVIVED', 'KILLED', 'SURVIVED', 'KILLED', 'SURVIVED', 'SURVIVED', 'SURVIVED', 'KILLED', 'SURVIVED', 'SURVIVED', 'SURVIVED', 'KILLED', 'KILLED']","[0.426, 0.078, 0.127, 0.014, 0.52, 0.121, 0.197, 0.87, 0.114, 0.886, 0.495, 0.626, 0.525, 0.14, 0.874, 0.418, 0.009, 0.118, 0.996, 0.72, 0.88, 0.271, 0.322, 0.89, 0.564, 0.166, 0.29, 0.685, 0.803, 0.952, 0.371, 0.605, 0.472, 0.211, 0.33, 0.747, 0.996, 0.928, 0.164]"
Csv_5,"['KILLED', 'KILLED', 'KILLED', 'SURVIVED', 'SURVIVED', 'SURVIVED', 'SURVIVED', 'SURVIVED', 'SURVIVED', 'SURVIVED', 'SURVIVED', 'SURVIVED', 'SURVIVED', 'SURVIVED', 'SURVIVED', 'SURVIVED', 'SURVIVED', 'SURVIVED', 'SURVIVED', 'SURVIVED', 'SURVIVED', 'SURVIVED', 'SURVIVED', 'SURVIVED', 'SURVIVED', 'SURVIVED', 'SURVIVED', 'SURVIVED', 'SURVIVED', 'SURVIVED', 'SURVIVED', 'SURVIVED', 'SURVIVED', 'SURVIVED', 'SURVIVED']","['SURVIVED', 'KILLED', 'SURVIVED', 'SURVIVED', 'KILLED', 'KILLED', 'SURVIVED', 'KILLED', 'KILLED', 'SURVIVED', 'KILLED', 'KILLED', 'KILLED', 'SURVIVED', 'SURVIVED', 'KILLED', 'KILLED', 'SURVIVED', 'KILLED', 'KILLED', 'SURVIVED', 'KILLED', 'SURVIVED', 'KILLED', 'KILLED', 'SURVIVED', 'SURVIVED', 'SURVIVED', 'SURVIVED', 'SURVIVED', 'SURVIVED', 'SURVIVED', 'KILLED', 'KILLED', 'KILLED']","[0.103, 0.216, 0.178, 0.564, 0.127, 0.522, 0.645, 0.383, 0.576, 0.853, 0.605, 0.967, 0.737, 0.616, 0.909, 0.209, 0.003, 0.232, 0.216, 0.93, 0.615, 0.143, 0.475, 0.0, 0.078, 0.97, 0.137, 0.807, 0.425, 0.472, 0.303, 0.76, 0.241, 0.393, 0.774]"
Csv_5,"['KILLED', 'KILLED', 'KILLED', 'KILLED', 'KILLED', 'KILLED', 'KILLED', 'KILLED', 'KILLED', 'KILLED', 'KILLED', 'KILLED', 'KILLED', 'KILLED', 'KILLED', 'KILLED', 'KILLED', 'KILLED', 'KILLED', 'KILLED', 'KILLED', 'KILLED', 'KILLED', 'KILLED', 'KILLED', 'KILLED', 'KILLED', 'KILLED', 'KILLED', 'KILLED', 'KILLED', 'KILLED', 'KILLED', 'KILLED', 'SURVIVED']","['SURVIVED', 'SURVIVED', 'SURVIVED', 'SURVIVED', 'KILLED', 'KILLED', 'KILLED', 'SURVIVED', 'KILLED', 'SURVIVED', 'SURVIVED', 'SURVIVED', 'SURVIVED', 'KILLED', 'SURVIVED', 'SURVIVED', 'KILLED', 'KILLED', 'SURVIVED', 'SURVIVED', 'SURVIVED', 'SURVIVED', 'KILLED', 'KILLED', 'SURVIVED', 'SURVIVED', 'KILLED', 'KILLED', 'KILLED', 'SURVIVED', 'SURVIVED', 'KILLED', 'KILLED', 'SURVIVED', 'SURVIVED']","[0.094, 0.369, 0.254, 0.922, 0.607, 0.034, 0.275, 0.479, 0.044, 0.695, 0.253, 0.625, 0.971, 0.823, 0.863, 0.928, 0.997, 0.632, 0.49, 0.473, 0.875, 0.751, 0.807, 0.038, 0.029, 0.894, 0.153, 0.736, 0.871, 0.132, 0.42, 0.846, 0.056, 0.637, 0.062]"
Csv_5,"['KILLED', 'KILLED', 'KILLED', 'KILLED', 'KILLED', 'KILLED', 'KILLED', 'KILLED', 'KILLED', 'KILLED', 'KILLED', 'KILLED', 'KILLED', 'KILLED', 'KILLED', 'KILLED', 'KILLED', 'KILLED', 'KILLED', 'KILLED', 'KILLED', 'KILLED', 'KILLED', 'KILLED', 'KILLED', 'KILLED', 'KILLED', 'KILLED', 'KILLED', 'KILLED', 'KILLED', 'KILLED', 'KILLED', 'SURVIVED', 'SURVIVED']","['KILLED', 'SURVIVED', 'KILLED', 'KILLED', 'SURVIVED', 'SURVIVED', 'KILLED', 'SURVIVED', 'KILLED', 'SURVIVED', 'SURVIVED', 'KILLED', 'KILLED', 'KILLED', 'KILLED', 'SURVIVED', 'KILLED', 'KILLED', 'SURVIVED', 'KILLED', 'SURVIVED', 'KILLED', 'SURVIVED', 'KILLED', 'KILLED', 'SURVIVED', 'SURVIVED', 'SURVIVED', 'KILLED', 'SURVIVED', 'SURVIVED', 'KILLED', 'SURVIVED', 'KILLED', 'KILLED']","[0.918, 0.183, 0.086, 0.318, 0.627, 0.02, 0.169, 0.01, 0.638, 0.46, 0.877, 0.943, 0.308, 0.681, 0.943, 0.865, 0.747, 0.738, 0.31, 0.379, 0.287, 0.279, 0.565, 0.414, 0.835, 0.273, 0.199, 0.979, 0.259, 0.44, 0.092, 0.355, 0.364, 0.772, 0.523]"
Csv_5,"['KILLED', 'KILLED', 'KILLED', 'KILLED', 'KILLED', 'KILLED', 'KILLED', 'KILLED', 'KILLED', 'KILLED', 'KILLED', 'KILLED', 'KILLED', 'KILLED', 'KILLED', 'KILLED', 'KILLED', 'KILLED', 'KILLED', 'KILLED', 'KILLED', 'KILLED', 'KILLED', 'KILLED', 'KILLED', 'KILLED', 'KILLED', 'KILLED', 'KILLED', 'KILLED', 'KILLED', 'KILLED', 'KILLED', 'SURVIVED']","['KILLED', 'KILLED', 'SURVIVED', 'KILLED', 'KILLED', 'SURVIVED', 'SURVIVED', 'SURVIVED', 'KILLED', 'SURVIVED', 'SURVIVED', 'KILLED', 'KILLED', 'SURVIVED', 'KILLED', 'SURVIVED', 'SURVIVED', 'KILLED', 'KILLED', 'KILLED', 'SURVIVED', 'KILLED', 'SURVIVED', 'SURVIVED', 'SURVIVED', 'SURVIVED', 'KILLED', 'SURVIVED', 'KILLED', 'SURVIVED', 'KILLED', 'KILLED', 'SURVIVED', 'SURVIVED']","[0.335, 0.648, 0.1, 0.913, 0.306, 0.467, 0.186, 0.022, 0.809, 0.456, 0.576, 0.435, 0.399, 0.834, 0.253, 0.373, 0.338, 0.679, 0.3, 0.971, 0.877, 0.763, 0.901, 0.507, 0.421, 0.774, 0.954, 0.401, 0.029, 0.512, 0.922, 0.887, 0.965, 0.943]"
Csv_5,"['KILLED', 'KILLED', 'KILLED', 'KILLED', 'KILLED']","['KILLED', 'KILLED', 'KILLED', 'SURVIVED', 'KILLED']","[0.97, 0.309, 0.766, 0.801, 0.459]"
Csv_5,"['KILLED', 'KILLED', 'KILLED', 'KILLED', 'KILLED']","['KILLED', 'SURVIVED', 'KILLED', 'KILLED', 'KILLED']","[0.883, 0.301, 0.08, 0.236, 0.203]"
Csv_5,"['KILLED', 'KILLED', 'KILLED', 'KILLED', 'KILLED']","['KILLED', 'KILLED', 'KILLED', 'SURVIVED', 'KILLED']","[0.477, 0.345, 0.471, 0.687, 0.699]"
Csv_5,"['KILLED', 'KILLED', 'KILLED', 'KILLED', 'KILLED']","['SURVIVED', 'SURVIVED', 'SURVIVED', 'KILLED', 'KILLED']","[0.388, 0.318, 0.935, 0.4, 0.327]"
Csv_5,"['SURVIVED', 'SURVIVED', 'SURVIVED', 'SURVIVED', 'SURVIVED']","['SURVIVED', 'SURVIVED', 'SURVIVED', 'KILLED', 'SURVIVED']","[0.488, 0.74, 0.586, 0.222, 0.609]"
Csv_5,"['KILLED', 'KILLED', 'KILLED', 'KILLED', 'KILLED']","['KILLED', 'SURVIVED', 'SURVIVED', 'SURVIVED', 'KILLED']","[0.611, 0.752, 0.915, 0.646, 0.138]"
Csv_5,"['KILLED', 'KILLED', 'KILLED', 'KILLED', 'KILLED']","['KILLED', 'KILLED', 'KILLED', 'SURVIVED', 'SURVIVED']","[0.093, 0.384, 0.18, 0.151, 0.311]"
Csv_5,"['KILLED', 'KILLED', 'KILLED', 'KILLED', 'KILLED', 'KILLED', 'KILLED', 'KILLED', 'KILLED', 'KILLED', 'KILLED', 'KILLED', 'KILLED', 'KILLED', 'KILLED', 'KILLED', 'KILLED', 'KILLED', 'KILLED', 'KILLED', 'KILLED', 'KILLED', 'KILLED', 'SURVIVED', 'SURVIVED', 'SURVIVED', 'SURVIVED', 'SURVIVED']","['SURVIVED', 'KILLED', 'SURVIVED', 'SURVIVED', 'KILLED', 'KILLED', 'SURVIVED', 'KILLED', 'SURVIVED', 'KILLED', 'SURVIVED', 'KILLED', 'SURVIVED', 'KILLED', 'KILLED', 'SURVIVED', 'KILLED', 'SURVIVED', 'SURVIVED', 'KILLED', 'SURVIVED', 'SURVIVED', 'SURVIVED', 'KILLED', 'SURVIVED', 'SURVIVED', 'SURVIVED', 'KILLED']","[0.604, 0.802, 0.45, 0.373, 0.474, 0.335, 0.535, 0.365, 0.785, 0.981, 0.532, 0.383, 0.675, 0.15, 0.337, 0.934, 0.59, 0.198, 0.813, 0.728, 0.455, 0.049, 0.282, 0.122, 0.49, 0.367, 0.889, 0.686]"
Csv_5,"['KILLED', 'KILLED', 'KILLED', 'KILLED', 'KILLED', 'KILLED', 'KILLED', 'KILLED', 'KILLED', 'KILLED', 'KILLED', 'KILLED', 'KILLED', 'KILLED', 'KILLED', 'KILLED', 'KILLED', 'KILLED', 'KILLED', 'KILLED', 'KILLED', 'KILLED', 'KILLED', 'KILLED', 'KILLED', 'KILLED', 'KILLED', 'SURVIVED']","['SURVIVED', 'SURVIVED', 'SURVIVED', 'SURVIVED', 'KILLED', 'SURVIVED', 'KILLED', 'SURVIVED', 'SURVIVED', 'SURVIVED', 'KILLED', 'SURVIVED', 'SURVIVED', 'SURVIVED', 'KILLED', 'KILLED', 'SURVIVED', 'KILLED', 'SURVIVED', 'KILLED', 'KILLED', 'KILLED', 'KILLED', 'KILLED', 'KILLED', 'SURVIVED', 'SURVIVED', 'SURVIVED']","[0.345, 0.458, 0.617, 0.919, 0.904, 0.932, 0.82, 0.569, 0.041, 0.327, 0.038, 0.609, 0.724, 0.812, 0.101, 0.513, 0.725, 0.338, 0.637, 0.302, 0.401, 0.184, 0.747, 0.722, 0.743, 0.079, 0.912, 0.965]"
Csv_5,"['KILLED', 'KILLED', 'KILLED', 'KILLED', 'KILLED', 'KILLED', 'KILLED', 'KILLED', 'KILLED', 'KILLED', 'KILLED', 'KILLED', 'KILLED', 'KILLED', 'KILLED', 'KILLED', 'KILLED', 'KILLED', 'KILLED', 'KILLED', 'KILLED', 'KILLED', 'KILLED', 'KILLED', 'KILLED', 'KILLED', 'KILLED', 'SURVIVED']","['KILLED', 'SURVIVED', 'SURVIVED', 'KILLED', 'KILLED', 'SURVIVED', 'SURVIVED', 'KILLED', 'SURVIVED', 'SURVIVED', 'KILLED', 'SURVIVED', 'KILLED', 'SURVIVED', 'KILLED', 'SURVIVED', 'SURVIVED', 'KILLED', 'SURVIVED', 'KILLED', 'KILLED', 'SURVIVED', 'KILLED', 'SURVIVED', 'SURVIVED', 'SURVIVED', 'SURVIVED', 'KILLED']","[0.221, 0.018, 0.325, 0.064, 0.288, 0.712, 0.827, 0.588, 0.635, 0.329, 0.389, 0.93, 0.013, 0.341, 0.346, 0.444, 0.462, 0.743, 0.211, 0.698, 0.673, 0.256, 0.032, 0.852, 0.968, 0.631, 0.561, 0.345]"
Csv_5,"['KILLED', 'KILLED', 'KILLED', 'KILLED', 'KILLED', 'KILLED', 'KILLED', 'KILLED', 'KILLED', 'KILLED', 'KILLED', 'KILLED', 'KILLED', 'KILLED', 'KILLED', 'KILLED', 'KILLED', 'KILLED', 'KILLED', 'KILLED', 'KILLED', 'KILLED', 'KILLED', 'KILLED', 'KILLED', 'KILLED', 'KILLED', 'SURVIVED']","['KILLED', 'SURVIVED', 'SURVIVED', 'SURVIVED', 'SURVIVED', 'SURVIVED', 'SURVIVED', 'KILLED', 'KILLED', 'KILLED', 'SURVIVED', 'SURVIVED', 'SURVIVED', 'KILLED', 'SURVIVED', 'SURVIVED', 'KILLED', 'SURVIVED', 'KILLED', 'SURVIVED', 'KILLED', 'KILLED', 'SURVIVED', 'KILLED', 'KILLED', 'KILLED', 'SURVIVED', 'KILLED']","[0.865, 0.767, 0.984, 0.979, 0.55, 0.352, 0.218, 0.9, 0.279, 0.77, 0.63, 0.664, 0.687, 0.633, 0.636, 0.502, 0.533, 0.225, 0.404, 0.757, 0.286, 0.925, 0.157, 0.873, 0.4, 0.003, 0.83, 0.763]"
Csv_5,"['KILLED', 'KILLED', 'KILLED', 'KILLED', 'KILLED', 'KILLED', 'KILLED', 'KILLED', 'KILLED', 'KILLED', 'KILLED', 'KILLED', 'KILLED', 'KILLED', 'KILLED', 'KILLED', 'KILLED', 'KILLED', 'KILLED', 'KILLED', 'KILLED', 'KILLED', 'KILLED', 'KILLED', 'KILLED', 'KILLED', 'KILLED', 'SURVIVED']","['KILLED', 'KILLED', 'SURVIVED', 'SURVIVED', 'SURVIVED', 'SURVIVED', 'KILLED', 'KILLED', 'KILLED', 'KILLED', 'KILLED', 'SURVIVED', 'KILLED', 'SURVIVED', 'KILLED', 'KILLED', 'SURVIVED', 'KILLED', 'SURVIVED', 'KILLED', 'SURVIVED', 'KILLED', 'KILLED', 'SURVIVED', 'SURVIVED', 'KILLED', 'KILLED', 'SURVIVED']","[0.937, 0.921, 0.323, 0.293, 0.894, 0.207, 0.461, 0.245, 0.603, 0.99, 0.797, 0.973, 0.5, 0.111, 0.604, 0.331, 0.92, 0.159, 0.462, 0.962, 0.007, 0.032, 0.677, 0.867, 0.996, 0.862, 0.07, 0.417]"
Csv_5,"['KILLED', 'KILLED', 'KILLED', 'KILLED', 'KILLED', 'KILLED', 'KILLED', 'KILLED', 'KILLED', 'KILLED', 'KILLED', 'KILLED', 'KILLED', 'KILLED', 'KILLED', 'KILLED', 'KILLED', 'KILLED', 'KILLED', 'KILLED', 'KILLED', 'KILLED', 'KILLED', 'KILLED', 'KILLED', 'SURVIVED', 'SURVIVED', 'SURVIVED']","['SURVIVED', 'KILLED', 'KILLED', 'SURVIVED', 'SURVIVED', 'KILLED', 'SURVIVED', 'SURVIVED', 'KILLED', 'SURVIVED', 'SURVIVED', 'SURVIVED', 'SURVIVED', 'KILLED', 'KILLED', 'KILLED', 'SURVIVED', 'KILLED', 'KILLED', 'SURVIVED', 'SURVIVED', 'SURVIVED', 'KILLED', 'KILLED', 'SURVIVED', 'KILLED', 'SURVIVED', 'KILLED']","[0.33, 0.694, 0.458, 0.709, 0.753, 0.757, 0.342, 0.689, 0.331, 0.45, 0.258, 0.275, 0.036, 0.14, 0.522, 0.026, 0.88, 0.564, 0.714, 0.307, 0.716, 0.568, 0.305, 0.713, 0.673, 0.154, 0.805, 0.129]"
Csv_5,"['KILLED', 'KILLED', 'KILLED', 'KILLED', 'KILLED', 'KILLED', 'KILLED', 'KILLED', 'KILLED', 'KILLED', 'KILLED', 'KILLED', 'KILLED', 'KILLED', 'KILLED', 'KILLED', 'KILLED', 'KILLED', 'KILLED', 'KILLED', 'KILLED', 'KILLED', 'KILLED', 'KILLED', 'KILLED']","['SURVIVED', 'SURVIVED', 'SURVIVED', 'KILLED', 'KILLED', 'KILLED', 'SURVIVED', 'KILLED', 'KILLED', 'SURVIVED', 'SURVIVED', 'SURVIVED', 'SURVIVED', 'KILLED', 'SURVIVED', 'KILLED', 'SURVIVED', 'SURVIVED', 'SURVIVED', 'SURVIVED', 'KILLED', 'SURVIVED', 'KILLED', 'SURVIVED', 'SURVIVED']","[0.014, 0.947, 0.342, 0.309, 0.224, 0.278, 0.778, 0.789, 0.65, 0.357, 0.459, 0.913, 0.906, 0.84, 0.846, 0.783, 0.524, 0.228, 0.203, 0.664, 0.398, 0.099, 0.33, 0.067, 0.553]"
Csv_5,"['KILLED', 'KILLED', 'SURVIVED']","['KILLED', 'KILLED', 'SURVIVED']","[0.567, 0.248, 0.256]"
Csv_5,"['KILLED', 'SURVIVED', 'SURVIVED']","['KILLED', 'KILLED', 'KILLED']","[0.69, 0.456, 0.04]"
Csv_5,"['KILLED', 'KILLED']","['SURVIVED', 'SURVIVED']","[0.091, 0.19]"
Csv_5,"['SURVIVED', 'SURVIVED']","['KILLED', 'KILLED']","[0.523, 0.061]"
Csv_5,"['KILLED', 'KILLED']","['KILLED', 'KILLED']","[0.586, 0.581]"
Csv_5,"['KILLED', 'KILLED', 'SURVIVED', 'SURVIVED', 'SURVIVED', 'SURVIVED', 'SURVIVED', 'SURVIVED', 'SURVIVED', 'SURVIVED', 'SURVIVED', 'SURVIVED', 'SURVIVED', 'SURVIVED', 'SURVIVED', 'SURVIVED', 'SURVIVED', 'SURVIVED', 'SURVIVED', 'SURVIVED', 'SURVIVED', 'SURVIVED', 'SURVIVED', 'SURVIVED', 'SURVIVED', 'SURVIVED']","['SURVIVED', 'KILLED', 'KILLED', 'SURVIVED', 'KILLED', 'KILLED', 'SURVIVED', 'KILLED', 'SURVIVED', 'KILLED', 'SURVIVED', 'KILLED', 'KILLED', 'KILLED', 'SURVIVED', 'SURVIVED', 'KILLED', 'SURVIVED', 'KILLED', 'SURVIVED', 'KILLED', 'SURVIVED', 'KILLED', 'SURVIVED', 'SURVIVED', 'SURVIVED']","[0.493, 0.177, 0.507, 0.514, 0.951, 0.3, 0.867, 0.249, 0.275, 0.561, 0.309, 0.44, 0.977, 0.946, 0.488, 0.319, 0.974, 0.471, 0.163, 0.066, 0.432, 0.305, 0.925, 0.443, 0.638, 0.539]"
Csv_5,"['KILLED', 'KILLED', 'KILLED', 'KILLED', 'KILLED', 'KILLED', 'KILLED', 'KILLED', 'KILLED', 'KILLED', 'KILLED', 'KILLED', 'KILLED', 'KILLED', 'KILLED', 'KILLED', 'KILLED', 'KILLED', 'KILLED', 'KILLED', 'KILLED', 'KILLED', 'KILLED', 'KILLED', 'SURVIVED']","['KILLED', 'KILLED', 'KILLED', 'KILLED', 'KILLED', 'SURVIVED', 'SURVIVED', 'SURVIVED', 'SURVIVED', 'KILLED', 'SURVIVED', 'KILLED', 'KILLED', 'SURVIVED', 'KILLED', 'KILLED', 'SURVIVED', 'KILLED', 'KILLED', 'KILLED', 'SURVIVED', 'SURVIVED', 'SURVIVED', 'SURVIVED', 'KILLED']","[0.933, 0.472, 0.856, 0.304, 0.145, 0.334, 0.354, 0.745, 0.45, 0.425, 0.394, 0.417, 0.762, 0.404, 0.969, 0.354, 0.805, 0.975, 0.767, 0.019, 0.704, 0.209, 0.717, 0.295, 0.373]"
Csv_5,"['KILLED', 'KILLED', 'KILLED', 'KILLED']","['SURVIVED', 'SURVIVED', 'SURVIVED', 'SURVIVED']","[0.558, 0.739, 0.797, 0.618]"
Csv_5,"['KILLED', 'KILLED', 'KILLED', 'KILLED', 'KILLED', 'KILLED', 'KILLED', 'KILLED', 'KILLED', 'KILLED', 'KILLED', 'KILLED', 'KILLED', 'KILLED', 'KILLED', 'KILLED', 'KILLED', 'KILLED', 'SURVIVED']","['SURVIVED', 'SURVIVED', 'KILLED', 'KILLED', 'KILLED', 'KILLED', 'SURVIVED', 'SURVIVED', 'SURVIVED', 'KILLED', 'SURVIVED', 'SURVIVED', 'KILLED', 'SURVIVED', 'SURVIVED', 'KILLED', 'KILLED', 'KILLED', 'SURVIVED']","[0.276, 0.369, 0.924, 0.111, 0.134, 0.75, 0.325, 0.775, 0.414, 0.152, 0.15, 0.299, 0.2, 0.088, 0.245, 0.573, 0.763, 0.261, 0.531]"
Csv_5,['KILLED'],['SURVIVED'],[0.69]
Csv_5,['KILLED'],['KILLED'],[0.772]
Csv_5,['KILLED'],['KILLED'],[0.871]
Csv_5,['KILLED'],['SURVIVED'],[0.957]
Csv_5,['KILLED'],['SURVIVED'],[0.905]
Csv_5,"['KILLED', 'SURVIVED', 'SURVIVED', 'SURVIVED', 'SURVIVED', 'SURVIVED', 'SURVIVED', 'SURVIVED', 'SURVIVED', 'SURVIVED', 'SURVIVED', 'SURVIVED', 'SURVIVED', 'SURVIVED', 'SURVIVED', 'SURVIVED', 'SURVIVED', 'SURVIVED', 'SURVIVED', 'SURVIVED', 'SURVIVED', 'SURVIVED', 'SURVIVED', 'SURVIVED', 'SURVIVED', 'SURVIVED', 'SURVIVED', 'SURVIVED', 'SURVIVED', 'SURVIVED', 'SURVIVED', 'SURVIVED', 'SURVIVED', 'SURVIVED', 'SURVIVED', 'SURVIVED', 'SURVIVED', 'SURVIVED', 'SURVIVED', 'SURVIVED']","['SURVIVED', 'KILLED', 'KILLED', 'SURVIVED', 'SURVIVED', 'KILLED', 'SURVIVED', 'SURVIVED', 'SURVIVED', 'KILLED', 'SURVIVED', 'SURVIVED', 'KILLED', 'KILLED', 'KILLED', 'SURVIVED', 'SURVIVED', 'SURVIVED', 'SURVIVED', 'KILLED', 'KILLED', 'SURVIVED', 'KILLED', 'SURVIVED', 'KILLED', 'SURVIVED', 'SURVIVED', 'SURVIVED', 'SURVIVED', 'KILLED', 'KILLED', 'KILLED', 'KILLED', 'KILLED', 'KILLED', 'SURVIVED', 'KILLED', 'KILLED', 'SURVIVED', 'SURVIVED']","[0.466, 0.889, 0.994, 0.152, 0.33, 0.182, 0.575, 0.454, 0.781, 0.739, 0.949, 0.889, 0.401, 0.294, 0.624, 0.39, 0.009, 0.322, 0.15, 0.856, 0.584, 0.768, 0.532, 0.654, 0.2, 0.822, 0.925, 0.893, 0.715, 0.577, 0.189, 0.148, 0.308, 0.101, 0.533, 0.944, 0.039, 0.127, 0.349, 0.069]"
Csv_5,"['KILLED', 'SURVIVED', 'SURVIVED', 'SURVIVED', 'SURVIVED', 'SURVIVED', 'SURVIVED', 'SURVIVED', 'SURVIVED', 'SURVIVED', 'SURVIVED', 'SURVIVED', 'SURVIVED', 'SURVIVED', 'SURVIVED', 'SURVIVED', 'SURVIVED', 'SURVIVED', 'SURVIVED', 'SURVIVED', 'SURVIVED', 'SURVIVED', 'SURVIVED', 'SURVIVED', 'SURVIVED', 'SURVIVED', 'SURVIVED', 'SURVIVED', 'SURVIVED', 'SURVIVED', 'SURVIVED', 'SURVIVED', 'SURVIVED', 'SURVIVED', 'SURVIVED', 'SURVIVED', 'SURVIVED', 'SURVIVED', 'SURVIVED']","['SURVIVED', 'KILLED', 'KILLED', 'KILLED', 'SURVIVED', 'KILLED', 'SURVIVED', 'SURVIVED', 'KILLED', 'KILLED', 'SURVIVED', 'KILLED', 'KILLED', 'SURVIVED', 'KILLED', 'SURVIVED', 'KILLED', 'SURVIVED', 'KILLED', 'SURVIVED', 'KILLED', 'SURVIVED', 'SURVIVED', 'SURVIVED', 'KILLED', 'KILLED', 'SURVIVED', 'KILLED', 'KILLED', 'KILLED', 'KILLED', 'KILLED', 'KILLED', 'KILLED', 'SURVIVED', 'SURVIVED', 'SURVIVED', 'SURVIVED', 'KILLED']","[0.21, 0.091, 0.507, 0.478, 0.509, 0.945, 0.016, 0.38, 0.42, 0.962, 0.1, 0.36, 0.31, 0.065, 0.946, 0.652, 0.229, 0.701, 0.65, 0.81, 0.876, 0.016, 0.964, 0.73, 0.897, 0.045, 0.847, 0.177, 0.009, 0.519, 0.14, 0.47, 0.039, 0.596, 0.21, 0.74, 0.293, 0.618, 0.823]"
Csv_5,"['SURVIVED', 'SURVIVED', 'SURVIVED', 'SURVIVED', 'SURVIVED', 'SURVIVED', 'SURVIVED', 'SURVIVED', 'SURVIVED', 'SURVIVED', 'SURVIVED', 'SURVIVED', 'SURVIVED', 'SURVIVED', 'SURVIVED', 'SURVIVED', 'SURVIVED', 'SURVIVED', 'SURVIVED', 'SURVIVED', 'SURVIVED', 'SURVIVED', 'SURVIVED', 'SURVIVED', 'SURVIVED', 'SURVIVED', 'SURVIVED', 'SURVIVED', 'SURVIVED', 'SURVIVED', 'SURVIVED', 'SURVIVED', 'SURVIVED', 'SURVIVED', 'SURVIVED', 'SURVIVED', 'SURVIVED', 'SURVIVED']","['SURVIVED', 'KILLED', 'KILLED', 'KILLED', 'KILLED', 'SURVIVED', 'KILLED', 'KILLED', 'KILLED', 'SURVIVED', 'KILLED', 'SURVIVED', 'SURVIVED', 'SURVIVED', 'SURVIVED', 'SURVIVED', 'KILLED', 'KILLED', 'SURVIVED', 'KILLED', 'SURVIVED', 'KILLED', 'KILLED', 'SURVIVED', 'KILLED', 'SURVIVED', 'KILLED', 'KILLED', 'KILLED', 'KILLED', 'SURVIVED', 'KILLED', 'KILLED', 'SURVIVED', 'KILLED', 'KILLED', 'SURVIVED', 'SURVIVED']","[0.983, 0.856, 0.537, 0.134, 0.603, 0.637, 0.311, 0.469, 0.903, 0.128, 0.656, 0.366, 0.614, 0.716, 0.478, 0.749, 0.852, 0.196, 0.219, 0.13, 0.942, 0.226, 0.082, 0.095, 0.404, 0.887, 0.105, 0.226, 0.185, 0.659, 0.329, 0.974, 0.668, 0.52, 0.577, 0.884, 0.76, 0.132]"
Csv_5,"['SURVIVED', 'SURVIVED', 'SURVIVED', 'SURVIVED', 'SURVIVED', 'SURVIVED', 'SURVIVED', 'SURVIVED', 'SURVIVED', 'SURVIVED', 'SURVIVED', 'SURVIVED', 'SURVIVED', 'SURVIVED', 'SURVIVED', 'SURVIVED', 'SURVIVED', 'SURVIVED', 'SURVIVED', 'SURVIVED', 'SURVIVED', 'SURVIVED', 'SURVIVED', 'SURVIVED', 'SURVIVED', 'SURVIVED', 'SURVIVED', 'SURVIVED', 'SURVIVED', 'SURVIVED', 'SURVIVED', 'SURVIVED', 'SURVIVED', 'SURVIVED', 'SURVIVED']","['SURVIVED', 'SURVIVED', 'KILLED', 'KILLED', 'SURVIVED', 'KILLED', 'KILLED', 'KILLED', 'KILLED', 'KILLED', 'KILLED', 'KILLED', 'KILLED', 'SURVIVED', 'SURVIVED', 'KILLED', 'SURVIVED', 'SURVIVED', 'SURVIVED', 'KILLED', 'SURVIVED', 'SURVIVED', 'KILLED', 'SURVIVED', 'SURVIVED', 'SURVIVED', 'KILLED', 'SURVIVED', 'SURVIVED', 'SURVIVED', 'KILLED', 'SURVIVED', 'SURVIVED', 'SURVIVED', 'SURVIVED']","[0.663, 0.668, 0.342, 0.519, 0.063, 0.365, 0.642, 0.965, 0.126, 0.227, 0.457, 0.111, 0.55, 0.296, 0.873, 0.307, 0.436, 0.984, 0.083, 0.867, 0.505, 0.398, 0.941, 0.999, 0.195, 0.84, 0.222, 0.017, 0.733, 0.354, 0.601, 0.152, 0.86, 0.525, 0.8]"
Csv_5,['SURVIVED'],['SURVIVED'],[0.539]
Csv_5,['KILLED'],['KILLED'],[0.374]
Csv_5,"['KILLED', 'SURVIVED']","['KILLED', 'KILLED']","[0.635, 0.859]"
Csv_5,"['SURVIVED', 'SURVIVED']","['KILLED', 'KILLED']","[0.541, 0.955]"
Csv_5,"['KILLED', 'KILLED']","['SURVIVED', 'KILLED']","[0.278, 0.959]"
Csv_5,"['KILLED', 'KILLED']","['SURVIVED', 'SURVIVED']","[0.39, 0.522]"
Csv_5,"['KILLED', 'KILLED']","['SURVIVED', 'SURVIVED']","[0.468, 0.136]"
Csv_5,"['KILLED', 'KILLED', 'SURVIVED', 'SURVIVED', 'SURVIVED']","['SURVIVED', 'KILLED', 'KILLED', 'SURVIVED', 'SURVIVED']","[0.209, 0.733, 0.594, 0.067, 0.755]"
Csv_5,"['KILLED', 'SURVIVED']","['KILLED', 'KILLED']","[0.481, 0.16]"
Csv_5,"['KILLED', 'KILLED']","['KILLED', 'SURVIVED']","[0.786, 0.646]"
Csv_5,"['KILLED', 'SURVIVED']","['SURVIVED', 'KILLED']","[0.249, 0.35]"
Csv_5,"['KILLED', 'SURVIVED']","['KILLED', 'SURVIVED']","[0.14, 0.401]"
Csv_5,"['SURVIVED', 'SURVIVED']","['KILLED', 'KILLED']","[0.443, 0.672]"
Csv_5,"['KILLED', 'SURVIVED']","['SURVIVED', 'KILLED']","[0.637, 0.521]"
Csv_5,"['KILLED', 'KILLED']","['KILLED', 'SURVIVED']","[0.232, 0.438]"
Csv_5,"['KILLED', 'KILLED', 'KILLED']","['KILLED', 'SURVIVED', 'KILLED']","[0.07, 0.979, 0.911]"
Csv_5,"['SURVIVED', 'SURVIVED', 'SURVIVED', 'SURVIVED', 'SURVIVED', 'SURVIVED', 'SURVIVED', 'SURVIVED', 'SURVIVED', 'SURVIVED', 'SURVIVED', 'SURVIVED', 'SURVIVED', 'SURVIVED', 'SURVIVED', 'SURVIVED', 'SURVIVED', 'SURVIVED', 'SURVIVED', 'SURVIVED', 'SURVIVED', 'SURVIVED', 'SURVIVED', 'SURVIVED', 'SURVIVED', 'SURVIVED', 'SURVIVED', 'SURVIVED', 'SURVIVED', 'SURVIVED', 'SURVIVED', 'SURVIVED', 'SURVIVED', 'SURVIVED', 'SURVIVED', 'SURVIVED', 'SURVIVED', 'SURVIVED', 'SURVIVED', 'SURVIVED', 'SURVIVED', 'SURVIVED', 'SURVIVED', 'SURVIVED', 'SURVIVED', 'SURVIVED', 'SURVIVED', 'SURVIVED', 'SURVIVED', 'SURVIVED', 'SURVIVED', 'SURVIVED']","['SURVIVED', 'SURVIVED', 'KILLED', 'SURVIVED', 'SURVIVED', 'KILLED', 'SURVIVED', 'SURVIVED', 'KILLED', 'SURVIVED', 'SURVIVED', 'KILLED', 'KILLED', 'KILLED', 'SURVIVED', 'KILLED', 'SURVIVED', 'SURVIVED', 'SURVIVED', 'KILLED', 'KILLED', 'SURVIVED', 'SURVIVED', 'SURVIVED', 'SURVIVED', 'SURVIVED', 'SURVIVED', 'SURVIVED', 'KILLED', 'KILLED', 'KILLED', 'SURVIVED', 'KILLED', 'SURVIVED', 'KILLED', 'SURVIVED', 'SURVIVED', 'KILLED', 'SURVIVED', 'SURVIVED', 'SURVIVED', 'KILLED', 'KILLED', 'KILLED', 'KILLED', 'KILLED', 'KILLED', 'SURVIVED', 'SURVIVED', 'SURVIVED', 'KILLED', 'SURVIVED']","[0.647, 0.44, 0.461, 0.863, 0.037, 0.399, 0.805, 0.744, 0.432, 0.908, 0.216, 0.181, 0.631, 0.329, 0.292, 0.412, 0.028, 0.457, 0.891, 0.359, 0.683, 0.352, 0.966, 0.277, 0.784, 0.325, 0.699, 0.635, 0.769, 0.161, 0.558, 0.863, 0.648, 0.741, 0.753, 0.781, 0.172, 0.5, 0.089, 0.352, 0.538, 0.805, 0.966, 0.317, 0.306, 0.914, 0.09, 0.406, 0.622, 0.639, 0.757, 0.202]"
Csv_5,"['KILLED', 'SURVIVED', 'SURVIVED', 'SURVIVED', 'SURVIVED', 'SURVIVED', 'SURVIVED', 'SURVIVED', 'SURVIVED', 'SURVIVED', 'SURVIVED', 'SURVIVED', 'SURVIVED']","['SURVIVED', 'SURVIVED', 'SURVIVED', 'SURVIVED', 'SURVIVED', 'KILLED', 'KILLED', 'SURVIVED', 'KILLED', 'KILLED', 'KILLED', 'SURVIVED', 'SURVIVED']","[0.757, 0.538, 0.398, 0.696, 0.199, 0.091, 0.598, 0.877, 0.405, 0.263, 0.716, 0.533, 0.397]"
Csv_5,"['KILLED', 'KILLED', 'SURVIVED', 'SURVIVED', 'SURVIVED', 'SURVIVED', 'SURVIVED', 'SURVIVED']","['SURVIVED', 'KILLED', 'SURVIVED', 'KILLED', 'SURVIVED', 'KILLED', 'SURVIVED', 'KILLED']","[0.246, 0.155, 0.993, 0.026, 0.224, 0.695, 0.219, 0.875]"
Csv_5,"['KILLED', 'KILLED', 'KILLED', 'SURVIVED', 'SURVIVED', 'SURVIVED', 'SURVIVED']","['SURVIVED', 'KILLED', 'KILLED', 'KILLED', 'SURVIVED', 'KILLED', 'KILLED']","[0.858, 0.483, 0.439, 0.556, 0.998, 0.192, 0.186]"
Csv_5,"['KILLED', 'KILLED', 'KILLED', 'KILLED', 'KILLED', 'KILLED', 'SURVIVED', 'SURVIVED', 'SURVIVED', 'SURVIVED', 'SURVIVED', 'SURVIVED', 'SURVIVED', 'SURVIVED', 'SURVIVED', 'SURVIVED', 'SURVIVED', 'SURVIVED', 'SURVIVED', 'SURVIVED', 'SURVIVED', 'SURVIVED', 'SURVIVED', 'SURVIVED', 'SURVIVED', 'SURVIVED', 'SURVIVED', 'SURVIVED', 'SURVIVED', 'SURVIVED']","['SURVIVED', 'SURVIVED', 'SURVIVED', 'SURVIVED', 'SURVIVED', 'SURVIVED', 'SURVIVED', 'SURVIVED', 'KILLED', 'SURVIVED', 'SURVIVED', 'KILLED', 'KILLED', 'SURVIVED', 'KILLED', 'KILLED', 'KILLED', 'SURVIVED', 'SURVIVED', 'KILLED', 'KILLED', 'SURVIVED', 'KILLED', 'SURVIVED', 'SURVIVED', 'KILLED', 'SURVIVED', 'SURVIVED', 'SURVIVED', 'SURVIVED']","[0.065, 0.996, 0.022, 0.448, 0.65, 0.896, 0.477, 0.706, 0.064, 0.354, 0.955, 0.276, 0.252, 0.897, 0.028, 0.598, 0.431, 0.764, 0.133, 0.396, 0.662, 0.31, 0.697, 0.305, 0.233, 0.798, 0.508, 0.407, 0.766, 0.98]"
Csv_5,"['KILLED', 'KILLED', 'KILLED', 'KILLED', 'KILLED', 'KILLED', 'KILLED', 'KILLED', 'KILLED', 'KILLED', 'KILLED', 'KILLED', 'KILLED', 'KILLED', 'KILLED', 'KILLED', 'KILLED', 'KILLED', 'KILLED', 'KILLED', 'KILLED', 'KILLED', 'KILLED', 'KILLED', 'KILLED', 'KILLED', 'KILLED', 'KILLED', 'KILLED', 'KILLED']","['SURVIVED', 'KILLED', 'KILLED', 'SURVIVED', 'KILLED', 'KILLED', 'KILLED', 'SURVIVED', 'KILLED', 'KILLED', 'KILLED', 'KILLED', 'KILLED', 'KILLED', 'SURVIVED', 'KILLED', 'SURVIVED', 'KILLED', 'KILLED', 'SURVIVED', 'SURVIVED', 'SURVIVED', 'SURVIVED', 'SURVIVED', 'KILLED', 'SURVIVED', 'KILLED', 'KILLED', 'SURVIVED', 'SURVIVED']","[0.177, 0.43, 0.252, 0.091, 0.261, 0.201, 0.351, 0.647, 0.082, 0.452, 0.094, 0.258, 0.879, 0.061, 0.557, 0.683, 0.095, 0.002, 0.985, 0.013, 0.327, 0.306, 0.8, 0.568, 0.375, 0.069, 0.172, 0.636, 0.498, 0.535]"
Csv_5,"['KILLED', 'KILLED', 'KILLED', 'KILLED', 'KILLED', 'KILLED', 'KILLED', 'KILLED', 'KILLED', 'KILLED', 'KILLED', 'KILLED', 'KILLED', 'KILLED', 'KILLED', 'KILLED', 'KILLED', 'KILLED', 'KILLED', 'KILLED', 'KILLED', 'KILLED', 'KILLED', 'KILLED', 'KILLED', 'KILLED', 'KILLED', 'KILLED', 'KILLED', 'KILLED']","['SURVIVED', 'KILLED', 'KILLED', 'SURVIVED', 'KILLED', 'SURVIVED', 'KILLED', 'KILLED', 'SURVIVED', 'KILLED', 'KILLED', 'KILLED', 'SURVIVED', 'SURVIVED', 'KILLED', 'SURVIVED', 'KILLED', 'KILLED', 'KILLED', 'SURVIVED', 'KILLED', 'KILLED', 'SURVIVED', 'SURVIVED', 'SURVIVED', 'SURVIVED', 'KILLED', 'KILLED', 'SURVIVED', 'KILLED']","[0.366, 0.239, 0.818, 0.188, 0.404, 0.358, 0.917, 0.921, 0.811, 0.91, 0.708, 0.839, 0.099, 0.52, 0.664, 0.321, 0.527, 0.575, 0.532, 0.394, 0.546, 0.201, 0.32, 0.448, 0.198, 0.944, 0.426, 0.435, 0.082, 0.024]"
Csv_5,"['KILLED', 'KILLED', 'KILLED', 'KILLED', 'KILLED', 'KILLED', 'KILLED', 'KILLED', 'KILLED', 'KILLED', 'KILLED', 'KILLED', 'KILLED', 'KILLED', 'KILLED', 'KILLED', 'KILLED', 'KILLED', 'KILLED', 'KILLED', 'KILLED', 'KILLED', 'KILLED', 'KILLED', 'SURVIVED', 'SURVIVED', 'SURVIVED', 'SURVIVED', 'SURVIVED', 'SURVIVED']","['KILLED', 'SURVIVED', 'SURVIVED', 'SURVIVED', 'SURVIVED', 'SURVIVED', 'SURVIVED', 'KILLED', 'KILLED', 'KILLED', 'KILLED', 'SURVIVED', 'KILLED', 'SURVIVED', 'KILLED', 'KILLED', 'KILLED', 'SURVIVED', 'SURVIVED', 'KILLED', 'SURVIVED', 'KILLED', 'SURVIVED', 'KILLED', 'SURVIVED', 'KILLED', 'KILLED', 'KILLED', 'SURVIVED', 'KILLED']","[0.892, 0.712, 0.073, 0.204, 0.207, 0.64, 0.016, 0.922, 0.206, 0.689, 0.924, 0.005, 0.24, 0.814, 0.831, 0.984, 0.987, 0.827, 0.372, 0.838, 0.045, 0.142, 0.246, 0.669, 0.882, 0.423, 0.571, 0.864, 0.626, 0.205]"
Csv_5,"['SURVIVED', 'SURVIVED', 'SURVIVED', 'SURVIVED', 'SURVIVED', 'SURVIVED', 'SURVIVED', 'SURVIVED', 'SURVIVED', 'SURVIVED', 'SURVIVED', 'SURVIVED', 'SURVIVED', 'SURVIVED', 'SURVIVED', 'SURVIVED', 'SURVIVED', 'SURVIVED', 'SURVIVED', 'SURVIVED']","['SURVIVED', 'SURVIVED', 'KILLED', 'SURVIVED', 'SURVIVED', 'SURVIVED', 'SURVIVED', 'KILLED', 'SURVIVED', 'SURVIVED', 'KILLED', 'SURVIVED', 'KILLED', 'SURVIVED', 'KILLED', 'KILLED', 'KILLED', 'KILLED', 'KILLED', 'KILLED']","[0.902, 0.489, 0.183, 0.327, 0.944, 0.256, 0.681, 0.931, 0.398, 0.536, 0.285, 0.57, 0.108, 0.119, 0.823, 0.884, 0.95, 0.555, 0.498, 0.127]"
Csv_5,"['KILLED', 'KILLED', 'KILLED', 'KILLED', 'KILLED', 'SURVIVED', 'SURVIVED', 'SURVIVED', 'SURVIVED', 'SURVIVED', 'SURVIVED', 'SURVIVED', 'SURVIVED', 'SURVIVED', 'SURVIVED', 'SURVIVED', 'SURVIVED', 'SURVIVED', 'SURVIVED', 'SURVIVED']","['KILLED', 'SURVIVED', 'SURVIVED', 'KILLED', 'KILLED', 'KILLED', 'KILLED', 'SURVIVED', 'KILLED', 'KILLED', 'KILLED', 'KILLED', 'SURVIVED', 'SURVIVED', 'SURVIVED', 'KILLED', 'SURVIVED', 'KILLED', 'KILLED', 'KILLED']","[0.725, 0.044, 0.014, 0.153, 0.859, 0.251, 0.176, 0.462, 0.902, 0.056, 0.38, 0.947, 0.506, 0.225, 0.627, 0.336, 0.721, 0.025, 0.441, 0.843]"
Csv_5,"['KILLED', 'KILLED', 'SURVIVED', 'SURVIVED', 'SURVIVED', 'SURVIVED', 'SURVIVED', 'SURVIVED', 'SURVIVED', 'SURVIVED', 'SURVIVED', 'SURVIVED', 'SURVIVED', 'SURVIVED', 'SURVIVED', 'SURVIVED', 'SURVIVED', 'SURVIVED', 'SURVIVED', 'SURVIVED']","['SURVIVED', 'KILLED', 'KILLED', 'SURVIVED', 'KILLED', 'KILLED', 'KILLED', 'SURVIVED', 'KILLED', 'KILLED', 'SURVIVED', 'SURVIVED', 'KILLED', 'KILLED', 'KILLED', 'KILLED', 'KILLED', 'SURVIVED', 'KILLED', 'KILLED']","[0.814, 0.769, 0.12, 0.225, 0.628, 0.564, 0.074, 0.649, 0.911, 0.937, 0.645, 0.282, 0.616, 0.45, 0.748, 0.683, 0.613, 0.345, 0.988, 0.455]"
Csv_5,"['KILLED', 'SURVIVED', 'SURVIVED', 'SURVIVED', 'SURVIVED', 'SURVIVED', 'SURVIVED', 'SURVIVED', 'SURVIVED', 'SURVIVED', 'SURVIVED', 'SURVIVED', 'SURVIVED', 'SURVIVED', 'SURVIVED', 'SURVIVED', 'SURVIVED', 'SURVIVED', 'SURVIVED', 'SURVIVED']","['KILLED', 'SURVIVED', 'SURVIVED', 'KILLED', 'KILLED', 'SURVIVED', 'KILLED', 'SURVIVED', 'SURVIVED', 'KILLED', 'SURVIVED', 'KILLED', 'SURVIVED', 'SURVIVED', 'KILLED', 'KILLED', 'SURVIVED', 'SURVIVED', 'KILLED', 'SURVIVED']","[0.125, 0.626, 0.208, 0.406, 0.884, 0.461, 0.452, 0.952, 0.464, 0.338, 0.665, 0.133, 0.53, 0.246, 0.713, 0.568, 0.948, 0.729, 0.784, 0.363]"
Csv_5,"['SURVIVED', 'SURVIVED', 'SURVIVED', 'SURVIVED', 'SURVIVED', 'SURVIVED', 'SURVIVED', 'SURVIVED', 'SURVIVED', 'SURVIVED', 'SURVIVED', 'SURVIVED', 'SURVIVED', 'SURVIVED', 'SURVIVED', 'SURVIVED', 'SURVIVED', 'SURVIVED', 'SURVIVED', 'SURVIVED']","['SURVIVED', 'SURVIVED', 'SURVIVED', 'SURVIVED', 'KILLED', 'SURVIVED', 'KILLED', 'SURVIVED', 'KILLED', 'SURVIVED', 'SURVIVED', 'SURVIVED', 'KILLED', 'KILLED', 'KILLED', 'SURVIVED', 'KILLED', 'SURVIVED', 'SURVIVED', 'KILLED']","[0.943, 0.024, 0.206, 0.567, 0.172, 0.984, 0.681, 0.769, 0.641, 0.575, 0.801, 0.151, 0.316, 0.246, 0.738, 0.763, 0.487, 0.61, 0.763, 0.531]"
Csv_5,"['KILLED', 'KILLED', 'KILLED', 'KILLED', 'KILLED', 'KILLED', 'KILLED', 'SURVIVED', 'SURVIVED', 'SURVIVED', 'SURVIVED', 'SURVIVED', 'SURVIVED', 'SURVIVED', 'SURVIVED', 'SURVIVED', 'SURVIVED', 'SURVIVED', 'SURVIVED', 'SURVIVED']","['KILLED', 'KILLED', 'KILLED', 'KILLED', 'KILLED', 'KILLED', 'KILLED', 'SURVIVED', 'KILLED', 'SURVIVED', 'SURVIVED', 'KILLED', 'KILLED', 'KILLED', 'SURVIVED', 'KILLED', 'SURVIVED', 'SURVIVED', 'SURVIVED', 'SURVIVED']","[0.339, 0.175, 0.303, 0.802, 0.16, 0.881, 0.163, 0.118, 0.91, 0.41, 0.562, 0.629, 0.7, 0.281, 0.848, 0.249, 0.113, 0.945, 0.909, 0.097]"
Csv_5,"['KILLED', 'KILLED', 'KILLED', 'KILLED', 'KILLED', 'KILLED', 'SURVIVED', 'SURVIVED', 'SURVIVED', 'SURVIVED', 'SURVIVED', 'SURVIVED', 'SURVIVED', 'SURVIVED', 'SURVIVED', 'SURVIVED', 'SURVIVED', 'SURVIVED', 'SURVIVED', 'SURVIVED']","['KILLED', 'KILLED', 'SURVIVED', 'SURVIVED', 'SURVIVED', 'SURVIVED', 'KILLED', 'KILLED', 'SURVIVED', 'SURVIVED', 'KILLED', 'SURVIVED', 'KILLED', 'SURVIVED', 'SURVIVED', 'SURVIVED', 'KILLED', 'SURVIVED', 'KILLED', 'KILLED']","[0.135, 0.3, 0.394, 0.149, 0.993, 0.791, 0.669, 0.962, 0.321, 0.711, 0.949, 0.083, 0.603, 0.799, 0.016, 0.891, 0.418, 0.169, 0.851, 0.192]"
Csv_5,"['KILLED', 'SURVIVED', 'SURVIVED', 'SURVIVED', 'SURVIVED', 'SURVIVED', 'SURVIVED', 'SURVIVED', 'SURVIVED', 'SURVIVED', 'SURVIVED', 'SURVIVED', 'SURVIVED', 'SURVIVED', 'SURVIVED', 'SURVIVED', 'SURVIVED', 'SURVIVED', 'SURVIVED', 'SURVIVED']","['SURVIVED', 'KILLED', 'SURVIVED', 'SURVIVED', 'KILLED', 'KILLED', 'KILLED', 'SURVIVED', 'SURVIVED', 'SURVIVED', 'SURVIVED', 'SURVIVED', 'KILLED', 'SURVIVED', 'SURVIVED', 'KILLED', 'SURVIVED', 'KILLED', 'KILLED', 'KILLED']","[0.735, 0.019, 0.381, 0.905, 0.38, 0.036, 0.672, 0.697, 0.336, 0.803, 0.854, 0.784, 0.407, 0.342, 0.943, 0.719, 0.552, 0.489, 0.267, 0.913]"
Csv_5,"['SURVIVED', 'SURVIVED', 'SURVIVED', 'SURVIVED', 'SURVIVED', 'SURVIVED', 'SURVIVED', 'SURVIVED', 'SURVIVED', 'SURVIVED', 'SURVIVED', 'SURVIVED', 'SURVIVED', 'SURVIVED', 'SURVIVED', 'SURVIVED', 'SURVIVED', 'SURVIVED', 'SURVIVED', 'SURVIVED']","['KILLED', 'SURVIVED', 'KILLED', 'KILLED', 'KILLED', 'KILLED', 'KILLED', 'KILLED', 'KILLED', 'SURVIVED', 'KILLED', 'KILLED', 'KILLED', 'KILLED', 'KILLED', 'KILLED', 'KILLED', 'SURVIVED', 'KILLED', 'KILLED']","[0.583, 0.966, 0.969, 0.631, 0.331, 0.665, 0.613, 0.056, 0.139, 0.918, 0.927, 0.186, 0.718, 0.092, 0.433, 0.686, 0.21, 0.717, 0.387, 0.625]"
Csv_5,"['KILLED', 'KILLED', 'KILLED', 'KILLED', 'KILLED', 'KILLED', 'KILLED', 'SURVIVED', 'SURVIVED', 'SURVIVED', 'SURVIVED', 'SURVIVED', 'SURVIVED', 'SURVIVED', 'SURVIVED', 'SURVIVED', 'SURVIVED', 'SURVIVED', 'SURVIVED', 'SURVIVED']","['KILLED', 'SURVIVED', 'KILLED', 'SURVIVED', 'KILLED', 'SURVIVED', 'SURVIVED', 'KILLED', 'SURVIVED', 'KILLED', 'KILLED', 'KILLED', 'KILLED', 'KILLED', 'SURVIVED', 'KILLED', 'KILLED', 'KILLED', 'KILLED', 'KILLED']","[0.187, 0.321, 0.992, 0.162, 0.635, 0.592, 0.602, 0.507, 0.285, 0.427, 0.824, 0.735, 0.531, 0.655, 0.968, 0.252, 0.754, 0.065, 0.063, 0.344]"
Csv_5,"['KILLED', 'KILLED', 'KILLED', 'KILLED', 'KILLED', 'KILLED', 'KILLED', 'SURVIVED', 'SURVIVED', 'SURVIVED', 'SURVIVED', 'SURVIVED', 'SURVIVED', 'SURVIVED', 'SURVIVED', 'SURVIVED', 'SURVIVED', 'SURVIVED', 'SURVIVED', 'SURVIVED']","['KILLED', 'SURVIVED', 'KILLED', 'SURVIVED', 'KILLED', 'KILLED', 'SURVIVED', 'SURVIVED', 'KILLED', 'SURVIVED', 'SURVIVED', 'SURVIVED', 'SURVIVED', 'SURVIVED', 'SURVIVED', 'SURVIVED', 'SURVIVED', 'SURVIVED', 'SURVIVED', 'KILLED']","[0.228, 0.171, 0.691, 0.41, 0.88, 0.324, 0.796, 0.945, 0.403, 0.869, 0.464, 0.153, 0.738, 0.386, 0.95, 0.873, 0.788, 0.381, 0.87, 0.149]"
Csv_5,"['KILLED', 'SURVIVED', 'SURVIVED', 'SURVIVED', 'SURVIVED', 'SURVIVED', 'SURVIVED', 'SURVIVED', 'SURVIVED', 'SURVIVED', 'SURVIVED', 'SURVIVED', 'SURVIVED', 'SURVIVED', 'SURVIVED', 'SURVIVED', 'SURVIVED', 'SURVIVED', 'SURVIVED', 'SURVIVED']","['SURVIVED', 'KILLED', 'SURVIVED', 'KILLED', 'KILLED', 'KILLED', 'KILLED', 'KILLED', 'KILLED', 'SURVIVED', 'SURVIVED', 'KILLED', 'SURVIVED', 'SURVIVED', 'KILLED', 'KILLED', 'SURVIVED', 'SURVIVED', 'KILLED', 'SURVIVED']","[0.83, 0.854, 0.278, 0.19, 0.607, 0.499, 0.435, 0.852, 0.487, 0.666, 0.353, 0.106, 0.953, 0.706, 0.608, 0.141, 0.519, 0.494, 0.216, 0.491]"
Csv_5,"['SURVIVED', 'SURVIVED', 'SURVIVED', 'SURVIVED', 'SURVIVED', 'SURVIVED', 'SURVIVED', 'SURVIVED', 'SURVIVED', 'SURVIVED', 'SURVIVED', 'SURVIVED', 'SURVIVED', 'SURVIVED', 'SURVIVED', 'SURVIVED', 'SURVIVED', 'SURVIVED', 'SURVIVED', 'SURVIVED']","['SURVIVED', 'KILLED', 'SURVIVED', 'SURVIVED', 'SURVIVED', 'KILLED', 'KILLED', 'SURVIVED', 'SURVIVED', 'SURVIVED', 'KILLED', 'SURVIVED', 'SURVIVED', 'KILLED', 'KILLED', 'SURVIVED', 'SURVIVED', 'SURVIVED', 'KILLED', 'KILLED']","[0.945, 0.688, 0.91, 0.903, 0.634, 0.902, 0.476, 0.281, 0.341, 0.794, 0.698, 0.902, 0.965, 0.782, 0.572, 0.911, 0.708, 0.609, 0.813, 0.249]"
Csv_5,"['KILLED', 'SURVIVED', 'SURVIVED', 'SURVIVED', 'SURVIVED', 'SURVIVED', 'SURVIVED', 'SURVIVED', 'SURVIVED', 'SURVIVED', 'SURVIVED', 'SURVIVED', 'SURVIVED', 'SURVIVED', 'SURVIVED', 'SURVIVED', 'SURVIVED', 'SURVIVED', 'SURVIVED', 'SURVIVED']","['SURVIVED', 'KILLED', 'SURVIVED', 'KILLED', 'SURVIVED', 'KILLED', 'SURVIVED', 'KILLED', 'SURVIVED', 'SURVIVED', 'SURVIVED', 'KILLED', 'SURVIVED', 'SURVIVED', 'KILLED', 'SURVIVED', 'KILLED', 'SURVIVED', 'KILLED', 'SURVIVED']","[0.247, 0.633, 0.327, 0.825, 0.483, 0.146, 0.273, 0.32, 0.985, 0.605, 0.536, 0.824, 0.646, 0.958, 0.598, 0.12, 0.733, 0.735, 0.195, 0.799]"
Csv_5,"['KILLED', 'KILLED', 'SURVIVED', 'SURVIVED', 'SURVIVED', 'SURVIVED', 'SURVIVED', 'SURVIVED', 'SURVIVED', 'SURVIVED', 'SURVIVED', 'SURVIVED', 'SURVIVED', 'SURVIVED', 'SURVIVED', 'SURVIVED', 'SURVIVED', 'SURVIVED', 'SURVIVED', 'SURVIVED']","['SURVIVED', 'KILLED', 'SURVIVED', 'SURVIVED', 'KILLED', 'SURVIVED', 'SURVIVED', 'KILLED', 'KILLED', 'SURVIVED', 'KILLED', 'KILLED', 'SURVIVED', 'KILLED', 'SURVIVED', 'SURVIVED', 'KILLED', 'SURVIVED', 'SURVIVED', 'KILLED']","[0.594, 0.758, 0.108, 0.274, 0.276, 0.706, 0.453, 0.163, 0.129, 0.956, 0.124, 0.868, 0.553, 0.369, 0.315, 0.721, 0.55, 0.629, 0.646, 0.396]"
Csv_5,"['SURVIVED', 'SURVIVED', 'SURVIVED', 'SURVIVED', 'SURVIVED', 'SURVIVED', 'SURVIVED', 'SURVIVED', 'SURVIVED', 'SURVIVED', 'SURVIVED', 'SURVIVED', 'SURVIVED', 'SURVIVED', 'SURVIVED', 'SURVIVED', 'SURVIVED', 'SURVIVED', 'SURVIVED', 'SURVIVED']","['SURVIVED', 'KILLED', 'SURVIVED', 'SURVIVED', 'KILLED', 'KILLED', 'KILLED', 'SURVIVED', 'KILLED', 'KILLED', 'KILLED', 'KILLED', 'KILLED', 'KILLED', 'KILLED', 'KILLED', 'SURVIVED', 'SURVIVED', 'SURVIVED', 'KILLED']","[0.413, 0.751, 0.492, 0.545, 0.525, 0.642, 0.396, 0.155, 0.823, 0.814, 0.448, 0.115, 0.911, 0.261, 0.239, 0.645, 0.558, 0.052, 0.843, 0.226]"
Csv_5,"['KILLED', 'SURVIVED', 'SURVIVED', 'SURVIVED', 'SURVIVED', 'SURVIVED', 'SURVIVED', 'SURVIVED', 'SURVIVED', 'SURVIVED', 'SURVIVED', 'SURVIVED', 'SURVIVED', 'SURVIVED', 'SURVIVED', 'SURVIVED', 'SURVIVED', 'SURVIVED', 'SURVIVED', 'SURVIVED']","['KILLED', 'KILLED', 'KILLED', 'KILLED', 'KILLED', 'KILLED', 'SURVIVED', 'SURVIVED', 'SURVIVED', 'SURVIVED', 'KILLED', 'SURVIVED', 'SURVIVED', 'KILLED', 'SURVIVED', 'KILLED', 'KILLED', 'KILLED', 'KILLED', 'KILLED']","[0.23, 0.491, 0.349, 0.081, 0.882, 0.509, 0.829, 0.397, 0.152, 0.007, 0.628, 0.623, 0.266, 0.374, 0.388, 0.835, 0.754, 0.256, 0.196, 0.898]"
Csv_5,"['KILLED', 'KILLED', 'KILLED', 'KILLED', 'KILLED', 'SURVIVED', 'SURVIVED', 'SURVIVED', 'SURVIVED', 'SURVIVED', 'SURVIVED', 'SURVIVED', 'SURVIVED', 'SURVIVED', 'SURVIVED', 'SURVIVED', 'SURVIVED', 'SURVIVED', 'SURVIVED', 'SURVIVED']","['SURVIVED', 'KILLED', 'SURVIVED', 'SURVIVED', 'KILLED', 'SURVIVED', 'SURVIVED', 'KILLED', 'KILLED', 'KILLED', 'KILLED', 'SURVIVED', 'KILLED', 'KILLED', 'KILLED', 'SURVIVED', 'KILLED', 'SURVIVED', 'SURVIVED', 'SURVIVED']","[0.054, 0.626, 0.567, 0.884, 0.252, 0.511, 0.31, 0.216, 0.181, 0.334, 0.5, 0.72, 0.72, 0.458, 0.391, 0.754, 0.921, 0.48, 0.597, 0.795]"
Csv_5,"['SURVIVED', 'SURVIVED', 'SURVIVED', 'SURVIVED', 'SURVIVED', 'SURVIVED', 'SURVIVED', 'SURVIVED', 'SURVIVED', 'SURVIVED', 'SURVIVED', 'SURVIVED', 'SURVIVED', 'SURVIVED', 'SURVIVED', 'SURVIVED', 'SURVIVED', 'SURVIVED', 'SURVIVED', 'SURVIVED']","['KILLED', 'KILLED', 'KILLED', 'KILLED', 'KILLED', 'KILLED', 'KILLED', 'SURVIVED', 'KILLED', 'SURVIVED', 'SURVIVED', 'SURVIVED', 'KILLED', 'KILLED', 'KILLED', 'SURVIVED', 'KILLED', 'KILLED', 'SURVIVED', 'SURVIVED']","[0.076, 0.417, 0.022, 0.77, 0.899, 0.302, 0.263, 0.93, 0.887, 0.801, 0.205, 0.919, 0.744, 0.682, 0.03, 0.931, 0.477, 0.014, 0.086, 0.235]"
Csv_5,"['KILLED', 'SURVIVED', 'SURVIVED', 'SURVIVED', 'SURVIVED', 'SURVIVED', 'SURVIVED', 'SURVIVED', 'SURVIVED', 'SURVIVED', 'SURVIVED', 'SURVIVED', 'SURVIVED', 'SURVIVED', 'SURVIVED', 'SURVIVED', 'SURVIVED', 'SURVIVED', 'SURVIVED', 'SURVIVED']","['SURVIVED', 'SURVIVED', 'KILLED', 'SURVIVED', 'KILLED', 'KILLED', 'KILLED', 'KILLED', 'SURVIVED', 'SURVIVED', 'KILLED', 'KILLED', 'SURVIVED', 'SURVIVED', 'SURVIVED', 'SURVIVED', 'KILLED', 'KILLED', 'KILLED', 'KILLED']","[0.959, 0.876, 0.71, 0.719, 0.203, 0.267, 0.671, 0.963, 0.188, 0.69, 0.81, 0.996, 0.044, 0.563, 0.857, 0.559, 0.703, 0.792, 0.716, 0.743]"
Csv_5,"['KILLED', 'KILLED', 'KILLED', 'KILLED', 'KILLED', 'KILLED', 'KILLED', 'SURVIVED', 'SURVIVED', 'SURVIVED', 'SURVIVED', 'SURVIVED', 'SURVIVED', 'SURVIVED', 'SURVIVED', 'SURVIVED', 'SURVIVED', 'SURVIVED', 'SURVIVED', 'SURVIVED']","['SURVIVED', 'SURVIVED', 'KILLED', 'SURVIVED', 'SURVIVED', 'SURVIVED', 'KILLED', 'SURVIVED', 'SURVIVED', 'KILLED', 'SURVIVED', 'SURVIVED', 'SURVIVED', 'KILLED', 'SURVIVED', 'SURVIVED', 'SURVIVED', 'SURVIVED', 'SURVIVED', 'KILLED']","[0.814, 0.752, 0.495, 0.542, 0.36, 0.432, 0.602, 0.885, 0.333, 0.359, 0.467, 0.754, 0.862, 0.164, 0.043, 0.506, 0.86, 0.625, 0.599, 0.54]"
Csv_5,"['SURVIVED', 'SURVIVED', 'SURVIVED', 'SURVIVED', 'SURVIVED', 'SURVIVED', 'SURVIVED', 'SURVIVED', 'SURVIVED', 'SURVIVED', 'SURVIVED', 'SURVIVED', 'SURVIVED', 'SURVIVED', 'SURVIVED', 'SURVIVED', 'SURVIVED', 'SURVIVED', 'SURVIVED', 'SURVIVED']","['KILLED', 'KILLED', 'KILLED', 'SURVIVED', 'KILLED', 'SURVIVED', 'KILLED', 'KILLED', 'KILLED', 'KILLED', 'SURVIVED', 'KILLED', 'KILLED', 'SURVIVED', 'SURVIVED', 'KILLED', 'SURVIVED', 'SURVIVED', 'SURVIVED', 'SURVIVED']","[0.219, 0.351, 0.408, 0.752, 0.106, 0.64, 0.454, 0.834, 0.895, 0.188, 0.001, 0.794, 0.505, 0.108, 0.144, 0.072, 0.95, 0.242, 0.406, 0.825]"
Csv_5,"['KILLED', 'SURVIVED', 'SURVIVED', 'SURVIVED', 'SURVIVED', 'SURVIVED', 'SURVIVED', 'SURVIVED', 'SURVIVED', 'SURVIVED', 'SURVIVED', 'SURVIVED', 'SURVIVED', 'SURVIVED', 'SURVIVED', 'SURVIVED', 'SURVIVED', 'SURVIVED', 'SURVIVED', 'SURVIVED']","['KILLED', 'KILLED', 'KILLED', 'KILLED', 'KILLED', 'SURVIVED', 'KILLED', 'KILLED', 'KILLED', 'KILLED', 'KILLED', 'SURVIVED', 'SURVIVED', 'KILLED', 'SURVIVED', 'SURVIVED', 'SURVIVED', 'KILLED', 'SURVIVED', 'SURVIVED']","[0.388, 0.208, 0.429, 0.59, 0.478, 0.615, 0.042, 0.491, 0.032, 0.32, 0.031, 0.701, 0.861, 0.384, 0.539, 0.098, 0.689, 0.62, 0.351, 0.971]"
Csv_5,"['KILLED', 'KILLED', 'KILLED', 'KILLED', 'KILLED', 'KILLED', 'KILLED', 'SURVIVED', 'SURVIVED', 'SURVIVED', 'SURVIVED', 'SURVIVED', 'SURVIVED', 'SURVIVED', 'SURVIVED', 'SURVIVED', 'SURVIVED', 'SURVIVED', 'SURVIVED', 'SURVIVED']","['SURVIVED', 'KILLED', 'SURVIVED', 'KILLED', 'SURVIVED', 'KILLED', 'SURVIVED', 'SURVIVED', 'KILLED', 'KILLED', 'KILLED', 'KILLED', 'SURVIVED', 'SURVIVED', 'SURVIVED', 'KILLED', 'SURVIVED', 'KILLED', 'SURVIVED', 'SURVIVED']","[0.553, 0.704, 0.451, 0.614, 0.095, 0.684, 0.593, 0.675, 0.028, 0.506, 0.069, 0.181, 0.275, 0.565, 0.801, 0.536, 0.724, 0.253, 0.118, 0.517]"
Csv_5,['KILLED'],['KILLED'],[0.902]
Csv_5,['KILLED'],['SURVIVED'],[0.854]
Csv_5,['SURVIVED'],['KILLED'],[0.29]
Csv_5,['SURVIVED'],['SURVIVED'],[0.427]
Csv_5,"['KILLED', 'KILLED', 'KILLED', 'SURVIVED', 'SURVIVED', 'SURVIVED', 'SURVIVED', 'SURVIVED', 'SURVIVED', 'SURVIVED', 'SURVIVED', 'SURVIVED', 'SURVIVED', 'SURVIVED', 'SURVIVED', 'SURVIVED', 'SURVIVED', 'SURVIVED', 'SURVIVED', 'SURVIVED', 'SURVIVED', 'SURVIVED', 'SURVIVED', 'SURVIVED', 'SURVIVED', 'SURVIVED', 'SURVIVED', 'SURVIVED', 'SURVIVED', 'SURVIVED', 'SURVIVED', 'SURVIVED', 'SURVIVED', 'SURVIVED', 'SURVIVED', 'SURVIVED', 'SURVIVED', 'SURVIVED', 'SURVIVED', 'SURVIVED', 'SURVIVED', 'SURVIVED', 'SURVIVED', 'SURVIVED', 'SURVIVED', 'SURVIVED', 'SURVIVED', 'SURVIVED', 'SURVIVED', 'SURVIVED', 'SURVIVED', 'SURVIVED', 'SURVIVED', 'SURVIVED', 'SURVIVED', 'SURVIVED', 'SURVIVED', 'SURVIVED', 'SURVIVED', 'SURVIVED', 'SURVIVED', 'SURVIVED', 'SURVIVED', 'SURVIVED', 'SURVIVED', 'SURVIVED', 'SURVIVED', 'SURVIVED', 'SURVIVED']","['KILLED', 'KILLED', 'KILLED', 'SURVIVED', 'SURVIVED', 'KILLED', 'KILLED', 'SURVIVED', 'KILLED', 'SURVIVED', 'KILLED', 'SURVIVED', 'KILLED', 'KILLED', 'SURVIVED', 'SURVIVED', 'KILLED', 'SURVIVED', 'KILLED', 'KILLED', 'KILLED', 'KILLED', 'KILLED', 'KILLED', 'SURVIVED', 'SURVIVED', 'SURVIVED', 'SURVIVED', 'KILLED', 'SURVIVED', 'KILLED', 'SURVIVED', 'SURVIVED', 'KILLED', 'SURVIVED', 'SURVIVED', 'SURVIVED', 'KILLED', 'KILLED', 'KILLED', 'SURVIVED', 'SURVIVED', 'SURVIVED', 'SURVIVED', 'KILLED', 'KILLED', 'KILLED', 'KILLED', 'KILLED', 'KILLED', 'KILLED', 'KILLED', 'SURVIVED', 'SURVIVED', 'SURVIVED', 'SURVIVED', 'KILLED', 'KILLED', 'SURVIVED', 'KILLED', 'KILLED', 'KILLED', 'KILLED', 'KILLED', 'SURVIVED', 'KILLED', 'SURVIVED', 'KILLED', 'SURVIVED']","[0.06, 0.788, 0.113, 0.666, 0.586, 0.009, 0.88, 0.137, 0.921, 0.861, 0.801, 0.189, 0.475, 0.479, 0.099, 0.388, 0.633, 0.541, 0.804, 0.146, 0.127, 0.51, 0.861, 0.068, 0.513, 0.987, 0.566, 0.247, 0.753, 0.84, 0.362, 0.225, 0.262, 0.06, 0.432, 0.871, 0.781, 0.028, 0.672, 0.931, 0.391, 0.606, 0.867, 0.749, 0.127, 0.615, 0.79, 0.889, 0.646, 0.755, 0.157, 0.599, 0.288, 0.773, 0.433, 0.031, 0.066, 0.085, 0.892, 0.146, 0.641, 0.37, 0.393, 0.465, 0.807, 0.917, 0.303, 0.535, 0.327]"
Csv_5,"['KILLED', 'KILLED', 'KILLED', 'SURVIVED', 'SURVIVED', 'SURVIVED', 'SURVIVED', 'SURVIVED', 'SURVIVED', 'SURVIVED', 'SURVIVED', 'SURVIVED', 'SURVIVED', 'SURVIVED', 'SURVIVED', 'SURVIVED', 'SURVIVED', 'SURVIVED', 'SURVIVED', 'SURVIVED', 'SURVIVED', 'SURVIVED', 'SURVIVED', 'SURVIVED', 'SURVIVED', 'SURVIVED', 'SURVIVED', 'SURVIVED', 'SURVIVED', 'SURVIVED', 'SURVIVED', 'SURVIVED', 'SURVIVED', 'SURVIVED', 'SURVIVED', 'SURVIVED', 'SURVIVED', 'SURVIVED', 'SURVIVED', 'SURVIVED', 'SURVIVED', 'SURVIVED', 'SURVIVED', 'SURVIVED', 'SURVIVED', 'SURVIVED', 'SURVIVED', 'SURVIVED', 'SURVIVED', 'SURVIVED', 'SURVIVED', 'SURVIVED', 'SURVIVED', 'SURVIVED', 'SURVIVED', 'SURVIVED', 'SURVIVED', 'SURVIVED', 'SURVIVED', 'SURVIVED', 'SURVIVED', 'SURVIVED', 'SURVIVED', 'SURVIVED', 'SURVIVED', 'SURVIVED', 'SURVIVED', 'SURVIVED', 'SURVIVED']","['SURVIVED', 'SURVIVED', 'SURVIVED', 'SURVIVED', 'KILLED', 'SURVIVED', 'SURVIVED', 'KILLED', 'SURVIVED', 'SURVIVED', 'KILLED', 'SURVIVED', 'SURVIVED', 'SURVIVED', 'SURVIVED', 'KILLED', 'SURVIVED', 'SURVIVED', 'KILLED', 'KILLED', 'SURVIVED', 'SURVIVED', 'KILLED', 'SURVIVED', 'SURVIVED', 'SURVIVED', 'SURVIVED', 'SURVIVED', 'KILLED', 'KILLED', 'SURVIVED', 'KILLED', 'SURVIVED', 'SURVIVED', 'KILLED', 'SURVIVED', 'KILLED', 'KILLED', 'SURVIVED', 'KILLED', 'KILLED', 'SURVIVED', 'KILLED', 'SURVIVED', 'SURVIVED', 'KILLED', 'SURVIVED', 'SURVIVED', 'SURVIVED', 'SURVIVED', 'SURVIVED', 'KILLED', 'SURVIVED', 'KILLED', 'SURVIVED', 'KILLED', 'SURVIVED', 'SURVIVED', 'KILLED', 'KILLED', 'KILLED', 'SURVIVED', 'SURVIVED', 'SURVIVED', 'SURVIVED', 'SURVIVED', 'KILLED', 'SURVIVED', 'KILLED']","[0.982, 0.628, 0.49, 0.108, 0.437, 0.313, 0.14, 0.123, 0.76, 0.994, 0.041, 0.07, 0.107, 0.535, 0.127, 0.096, 0.743, 0.423, 0.04, 0.66, 0.06, 0.111, 0.977, 0.72, 0.284, 0.241, 0.22, 0.604, 0.752, 0.928, 0.354, 0.236, 0.023, 0.584, 0.762, 0.172, 0.966, 0.383, 0.542, 0.017, 0.16, 0.571, 0.614, 0.974, 0.81, 0.125, 0.246, 0.406, 0.242, 0.61, 0.892, 0.918, 0.279, 0.003, 0.671, 0.435, 0.861, 0.85, 0.446, 0.232, 0.847, 0.409, 0.444, 0.15, 0.888, 0.851, 0.751, 0.023, 0.765]"
Csv_5,"['KILLED', 'KILLED', 'KILLED', 'SURVIVED', 'SURVIVED', 'SURVIVED', 'SURVIVED', 'SURVIVED', 'SURVIVED', 'SURVIVED', 'SURVIVED', 'SURVIVED', 'SURVIVED', 'SURVIVED', 'SURVIVED', 'SURVIVED', 'SURVIVED', 'SURVIVED', 'SURVIVED', 'SURVIVED', 'SURVIVED', 'SURVIVED', 'SURVIVED', 'SURVIVED', 'SURVIVED', 'SURVIVED', 'SURVIVED', 'SURVIVED', 'SURVIVED', 'SURVIVED', 'SURVIVED', 'SURVIVED', 'SURVIVED', 'SURVIVED', 'SURVIVED', 'SURVIVED', 'SURVIVED', 'SURVIVED', 'SURVIVED', 'SURVIVED', 'SURVIVED', 'SURVIVED', 'SURVIVED', 'SURVIVED', 'SURVIVED', 'SURVIVED', 'SURVIVED', 'SURVIVED', 'SURVIVED', 'SURVIVED', 'SURVIVED', 'SURVIVED', 'SURVIVED', 'SURVIVED', 'SURVIVED', 'SURVIVED', 'SURVIVED', 'SURVIVED', 'SURVIVED', 'SURVIVED', 'SURVIVED', 'SURVIVED', 'SURVIVED', 'SURVIVED', 'SURVIVED', 'SURVIVED', 'SURVIVED', 'SURVIVED', 'SURVIVED']","['KILLED', 'SURVIVED', 'SURVIVED', 'SURVIVED', 'SURVIVED', 'KILLED', 'SURVIVED', 'SURVIVED', 'SURVIVED', 'KILLED', 'SURVIVED', 'KILLED', 'KILLED', 'SURVIVED', 'KILLED', 'SURVIVED', 'KILLED', 'KILLED', 'SURVIVED', 'SURVIVED', 'SURVIVED', 'SURVIVED', 'KILLED', 'SURVIVED', 'KILLED', 'SURVIVED', 'SURVIVED', 'KILLED', 'KILLED', 'KILLED', 'SURVIVED', 'KILLED', 'SURVIVED', 'SURVIVED', 'SURVIVED', 'SURVIVED', 'KILLED', 'SURVIVED', 'SURVIVED', 'SURVIVED', 'SURVIVED', 'KILLED', 'SURVIVED', 'SURVIVED', 'SURVIVED', 'KILLED', 'SURVIVED', 'SURVIVED', 'SURVIVED', 'SURVIVED', 'KILLED', 'KILLED', 'KILLED', 'KILLED', 'KILLED', 'SURVIVED', 'SURVIVED', 'KILLED', 'KILLED', 'KILLED', 'KILLED', 'KILLED', 'KILLED', 'SURVIVED', 'KILLED', 'SURVIVED', 'SURVIVED', 'KILLED', 'SURVIVED']","[0.142, 0.436, 0.871, 0.186, 0.409, 0.167, 0.067, 0.872, 0.621, 0.573, 0.783, 0.872, 0.867, 0.741, 0.288, 0.47, 0.423, 0.168, 0.017, 0.961, 0.603, 0.077, 0.773, 0.269, 0.783, 0.534, 0.779, 0.553, 0.369, 0.179, 0.534, 0.187, 0.787, 0.325, 0.172, 0.272, 0.813, 0.501, 0.895, 0.394, 0.167, 0.469, 0.847, 0.242, 0.609, 0.367, 0.783, 0.462, 0.455, 0.71, 0.713, 0.162, 0.606, 0.042, 0.983, 0.136, 0.287, 0.529, 0.49, 0.754, 0.55, 0.726, 0.889, 0.467, 0.647, 0.52, 0.786, 0.577, 0.838]"
Csv_5,"['KILLED', 'KILLED', 'KILLED', 'KILLED', 'KILLED', 'KILLED', 'KILLED', 'SURVIVED', 'SURVIVED', 'SURVIVED', 'SURVIVED', 'SURVIVED', 'SURVIVED', 'SURVIVED', 'SURVIVED', 'SURVIVED', 'SURVIVED', 'SURVIVED', 'SURVIVED', 'SURVIVED', 'SURVIVED', 'SURVIVED', 'SURVIVED', 'SURVIVED', 'SURVIVED', 'SURVIVED', 'SURVIVED', 'SURVIVED', 'SURVIVED', 'SURVIVED', 'SURVIVED', 'SURVIVED', 'SURVIVED', 'SURVIVED', 'SURVIVED', 'SURVIVED', 'SURVIVED', 'SURVIVED', 'SURVIVED', 'SURVIVED', 'SURVIVED', 'SURVIVED', 'SURVIVED', 'SURVIVED', 'SURVIVED', 'SURVIVED', 'SURVIVED', 'SURVIVED', 'SURVIVED', 'SURVIVED', 'SURVIVED', 'SURVIVED', 'SURVIVED', 'SURVIVED', 'SURVIVED', 'SURVIVED', 'SURVIVED', 'SURVIVED', 'SURVIVED', 'SURVIVED', 'SURVIVED', 'SURVIVED', 'SURVIVED', 'SURVIVED', 'SURVIVED', 'SURVIVED', 'SURVIVED', 'SURVIVED', 'SURVIVED']","['SURVIVED', 'SURVIVED', 'SURVIVED', 'KILLED', 'SURVIVED', 'KILLED', 'KILLED', 'KILLED', 'KILLED', 'SURVIVED', 'SURVIVED', 'KILLED', 'SURVIVED', 'SURVIVED', 'SURVIVED', 'SURVIVED', 'SURVIVED', 'KILLED', 'SURVIVED', 'SURVIVED', 'KILLED', 'KILLED', 'KILLED', 'SURVIVED', 'KILLED', 'SURVIVED', 'KILLED', 'SURVIVED', 'SURVIVED', 'KILLED', 'KILLED', 'KILLED', 'KILLED', 'SURVIVED', 'SURVIVED', 'SURVIVED', 'SURVIVED', 'SURVIVED', 'SURVIVED', 'SURVIVED', 'KILLED', 'SURVIVED', 'KILLED', 'SURVIVED', 'KILLED', 'KILLED', 'KILLED', 'KILLED', 'SURVIVED', 'SURVIVED', 'KILLED', 'SURVIVED', 'SURVIVED', 'SURVIVED', 'SURVIVED', 'KILLED', 'SURVIVED', 'SURVIVED', 'SURVIVED', 'KILLED', 'SURVIVED', 'KILLED', 'SURVIVED', 'SURVIVED', 'KILLED', 'SURVIVED', 'KILLED', 'KILLED', 'KILLED']","[0.146, 0.711, 0.27, 0.025, 0.219, 0.521, 0.024, 0.403, 0.799, 0.46, 0.622, 0.285, 0.051, 0.517, 0.123, 0.438, 0.488, 0.764, 0.036, 0.779, 0.729, 0.566, 0.067, 0.968, 0.933, 0.378, 0.661, 0.44, 0.723, 0.267, 0.142, 0.915, 0.093, 0.384, 0.394, 0.042, 0.303, 0.954, 0.194, 0.569, 0.418, 0.826, 0.152, 0.547, 0.255, 0.916, 0.001, 0.066, 0.859, 0.266, 0.483, 0.066, 0.468, 0.981, 0.925, 0.493, 0.08, 0.46, 0.899, 0.617, 0.979, 0.851, 0.956, 0.258, 0.559, 0.889, 0.814, 0.331, 0.665]"
Csv_5,"['SURVIVED', 'SURVIVED', 'SURVIVED', 'SURVIVED', 'SURVIVED', 'SURVIVED', 'SURVIVED', 'SURVIVED', 'SURVIVED', 'SURVIVED', 'SURVIVED', 'SURVIVED', 'SURVIVED', 'SURVIVED', 'SURVIVED', 'SURVIVED', 'SURVIVED', 'SURVIVED', 'SURVIVED', 'SURVIVED', 'SURVIVED', 'SURVIVED', 'SURVIVED', 'SURVIVED', 'SURVIVED', 'SURVIVED', 'SURVIVED', 'SURVIVED', 'SURVIVED', 'SURVIVED', 'SURVIVED', 'SURVIVED', 'SURVIVED', 'SURVIVED', 'SURVIVED', 'SURVIVED', 'SURVIVED', 'SURVIVED', 'SURVIVED', 'SURVIVED', 'SURVIVED', 'SURVIVED', 'SURVIVED', 'SURVIVED', 'SURVIVED', 'SURVIVED', 'SURVIVED', 'SURVIVED', 'SURVIVED', 'SURVIVED', 'SURVIVED', 'SURVIVED', 'SURVIVED', 'SURVIVED', 'SURVIVED', 'SURVIVED', 'SURVIVED', 'SURVIVED', 'SURVIVED', 'SURVIVED', 'SURVIVED', 'SURVIVED', 'SURVIVED', 'SURVIVED', 'SURVIVED', 'SURVIVED', 'SURVIVED', 'SURVIVED', 'SURVIVED']","['KILLED', 'SURVIVED', 'KILLED', 'KILLED', 'KILLED', 'SURVIVED', 'SURVIVED', 'SURVIVED', 'SURVIVED', 'SURVIVED', 'SURVIVED', 'SURVIVED', 'KILLED', 'SURVIVED', 'SURVIVED', 'KILLED', 'KILLED', 'KILLED', 'KILLED', 'KILLED', 'SURVIVED', 'KILLED', 'KILLED', 'SURVIVED', 'SURVIVED', 'SURVIVED', 'SURVIVED', 'SURVIVED', 'SURVIVED', 'KILLED', 'KILLED', 'KILLED', 'SURVIVED', 'KILLED', 'SURVIVED', 'KILLED', 'SURVIVED', 'SURVIVED', 'SURVIVED', 'KILLED', 'SURVIVED', 'SURVIVED', 'KILLED', 'SURVIVED', 'SURVIVED', 'KILLED', 'SURVIVED', 'KILLED', 'SURVIVED', 'SURVIVED', 'SURVIVED', 'KILLED', 'SURVIVED', 'SURVIVED', 'KILLED', 'SURVIVED', 'KILLED', 'KILLED', 'SURVIVED', 'KILLED', 'SURVIVED', 'SURVIVED', 'KILLED', 'KILLED', 'KILLED', 'KILLED', 'KILLED', 'KILLED', 'SURVIVED']","[0.493, 0.092, 0.97, 0.808, 0.648, 0.992, 0.002, 0.178, 0.133, 0.984, 0.367, 0.686, 0.827, 0.357, 0.572, 0.04, 0.893, 0.33, 0.039, 0.583, 0.988, 0.614, 0.821, 0.192, 0.17, 0.391, 0.993, 0.108, 0.593, 0.615, 0.526, 0.832, 0.284, 0.065, 0.606, 0.26, 0.643, 0.7, 0.096, 0.606, 0.689, 0.032, 0.852, 0.665, 0.695, 0.81, 0.359, 0.509, 0.294, 0.706, 0.401, 0.807, 0.235, 0.985, 0.309, 0.327, 0.241, 0.149, 0.155, 0.079, 0.588, 0.118, 0.108, 0.449, 0.149, 0.073, 0.77, 0.688, 0.579]"
Csv_5,"['KILLED', 'KILLED', 'KILLED', 'SURVIVED', 'SURVIVED', 'SURVIVED', 'SURVIVED', 'SURVIVED', 'SURVIVED', 'SURVIVED', 'SURVIVED', 'SURVIVED', 'SURVIVED', 'SURVIVED', 'SURVIVED', 'SURVIVED', 'SURVIVED', 'SURVIVED', 'SURVIVED', 'SURVIVED', 'SURVIVED', 'SURVIVED', 'SURVIVED', 'SURVIVED', 'SURVIVED', 'SURVIVED', 'SURVIVED', 'SURVIVED', 'SURVIVED', 'SURVIVED', 'SURVIVED', 'SURVIVED', 'SURVIVED', 'SURVIVED', 'SURVIVED', 'SURVIVED', 'SURVIVED', 'SURVIVED', 'SURVIVED', 'SURVIVED', 'SURVIVED', 'SURVIVED', 'SURVIVED', 'SURVIVED', 'SURVIVED', 'SURVIVED', 'SURVIVED', 'SURVIVED', 'SURVIVED', 'SURVIVED', 'SURVIVED', 'SURVIVED', 'SURVIVED', 'SURVIVED', 'SURVIVED', 'SURVIVED', 'SURVIVED', 'SURVIVED', 'SURVIVED', 'SURVIVED', 'SURVIVED', 'SURVIVED', 'SURVIVED', 'SURVIVED', 'SURVIVED', 'SURVIVED', 'SURVIVED', 'SURVIVED', 'SURVIVED']","['SURVIVED', 'SURVIVED', 'SURVIVED', 'KILLED', 'SURVIVED', 'KILLED', 'SURVIVED', 'KILLED', 'SURVIVED', 'KILLED', 'SURVIVED', 'KILLED', 'SURVIVED', 'KILLED', 'KILLED', 'KILLED', 'SURVIVED', 'SURVIVED', 'KILLED', 'SURVIVED', 'SURVIVED', 'SURVIVED', 'SURVIVED', 'SURVIVED', 'KILLED', 'SURVIVED', 'SURVIVED', 'SURVIVED', 'KILLED', 'KILLED', 'KILLED', 'SURVIVED', 'SURVIVED', 'KILLED', 'SURVIVED', 'SURVIVED', 'KILLED', 'KILLED', 'KILLED', 'KILLED', 'SURVIVED', 'SURVIVED', 'KILLED', 'KILLED', 'SURVIVED', 'KILLED', 'KILLED', 'SURVIVED', 'SURVIVED', 'SURVIVED', 'SURVIVED', 'KILLED', 'KILLED', 'SURVIVED', 'KILLED', 'KILLED', 'KILLED', 'SURVIVED', 'SURVIVED', 'SURVIVED', 'KILLED', 'SURVIVED', 'KILLED', 'SURVIVED', 'SURVIVED', 'SURVIVED', 'KILLED', 'SURVIVED', 'SURVIVED']","[0.018, 0.589, 0.965, 0.063, 0.83, 0.417, 0.464, 0.884, 0.572, 0.923, 0.835, 0.223, 0.265, 0.892, 0.852, 0.817, 0.668, 0.58, 0.395, 0.004, 0.229, 0.222, 0.822, 0.239, 0.002, 0.048, 0.076, 0.803, 0.535, 0.899, 0.94, 0.016, 0.869, 0.733, 0.767, 0.788, 0.769, 0.663, 0.497, 0.58, 0.534, 0.552, 0.78, 0.855, 0.926, 0.389, 0.726, 0.177, 0.656, 0.014, 0.43, 0.329, 0.246, 0.48, 0.099, 0.931, 0.731, 0.169, 0.292, 0.257, 0.162, 0.426, 0.729, 0.361, 0.765, 0.289, 0.998, 0.692, 0.639]"
Csv_5,"['KILLED', 'KILLED', 'KILLED', 'KILLED', 'KILLED', 'KILLED', 'SURVIVED', 'SURVIVED', 'SURVIVED', 'SURVIVED', 'SURVIVED', 'SURVIVED', 'SURVIVED', 'SURVIVED', 'SURVIVED', 'SURVIVED', 'SURVIVED', 'SURVIVED', 'SURVIVED', 'SURVIVED', 'SURVIVED', 'SURVIVED', 'SURVIVED', 'SURVIVED', 'SURVIVED', 'SURVIVED', 'SURVIVED', 'SURVIVED', 'SURVIVED', 'SURVIVED', 'SURVIVED', 'SURVIVED', 'SURVIVED', 'SURVIVED', 'SURVIVED', 'SURVIVED', 'SURVIVED', 'SURVIVED', 'SURVIVED', 'SURVIVED', 'SURVIVED', 'SURVIVED', 'SURVIVED', 'SURVIVED', 'SURVIVED', 'SURVIVED', 'SURVIVED', 'SURVIVED', 'SURVIVED', 'SURVIVED', 'SURVIVED', 'SURVIVED', 'SURVIVED', 'SURVIVED', 'SURVIVED', 'SURVIVED', 'SURVIVED', 'SURVIVED', 'SURVIVED', 'SURVIVED', 'SURVIVED', 'SURVIVED', 'SURVIVED', 'SURVIVED', 'SURVIVED', 'SURVIVED', 'SURVIVED', 'SURVIVED', 'SURVIVED']","['KILLED', 'KILLED', 'KILLED', 'KILLED', 'KILLED', 'KILLED', 'SURVIVED', 'KILLED', 'KILLED', 'SURVIVED', 'SURVIVED', 'KILLED', 'SURVIVED', 'KILLED', 'SURVIVED', 'SURVIVED', 'KILLED', 'SURVIVED', 'KILLED', 'SURVIVED', 'KILLED', 'SURVIVED', 'KILLED', 'SURVIVED', 'KILLED', 'KILLED', 'KILLED', 'KILLED', 'KILLED', 'SURVIVED', 'KILLED', 'KILLED', 'SURVIVED', 'SURVIVED', 'KILLED', 'SURVIVED', 'SURVIVED', 'SURVIVED', 'KILLED', 'SURVIVED', 'KILLED', 'KILLED', 'KILLED', 'SURVIVED', 'KILLED', 'KILLED', 'SURVIVED', 'SURVIVED', 'SURVIVED', 'SURVIVED', 'SURVIVED', 'KILLED', 'KILLED', 'KILLED', 'SURVIVED', 'KILLED', 'KILLED', 'SURVIVED', 'KILLED', 'SURVIVED', 'SURVIVED', 'SURVIVED', 'KILLED', 'SURVIVED', 'SURVIVED', 'KILLED', 'KILLED', 'KILLED', 'KILLED']","[0.593, 0.473, 0.554, 0.552, 0.762, 0.12, 0.811, 0.786, 0.638, 0.246, 0.537, 0.426, 0.039, 0.107, 0.939, 0.665, 0.998, 0.696, 0.816, 0.999, 0.281, 0.85, 0.981, 0.975, 0.364, 0.498, 0.739, 0.407, 0.026, 0.285, 0.185, 0.093, 0.137, 0.525, 0.6, 0.1, 0.113, 0.975, 0.768, 0.318, 0.124, 0.576, 0.582, 0.079, 0.049, 0.311, 0.761, 0.755, 0.913, 0.08, 0.713, 0.935, 0.87, 0.546, 0.906, 0.658, 0.1, 0.404, 0.931, 0.312, 0.878, 0.093, 0.333, 0.741, 0.137, 0.094, 0.945, 0.004, 0.891]"
Csv_5,"['KILLED', 'KILLED', 'KILLED', 'KILLED', 'KILLED', 'KILLED', 'KILLED', 'SURVIVED', 'SURVIVED', 'SURVIVED', 'SURVIVED', 'SURVIVED', 'SURVIVED', 'SURVIVED', 'SURVIVED', 'SURVIVED', 'SURVIVED', 'SURVIVED', 'SURVIVED', 'SURVIVED', 'SURVIVED', 'SURVIVED', 'SURVIVED', 'SURVIVED', 'SURVIVED', 'SURVIVED', 'SURVIVED', 'SURVIVED', 'SURVIVED', 'SURVIVED', 'SURVIVED', 'SURVIVED', 'SURVIVED', 'SURVIVED', 'SURVIVED', 'SURVIVED', 'SURVIVED', 'SURVIVED', 'SURVIVED', 'SURVIVED', 'SURVIVED', 'SURVIVED', 'SURVIVED', 'SURVIVED', 'SURVIVED', 'SURVIVED', 'SURVIVED', 'SURVIVED', 'SURVIVED', 'SURVIVED', 'SURVIVED', 'SURVIVED', 'SURVIVED', 'SURVIVED', 'SURVIVED', 'SURVIVED', 'SURVIVED', 'SURVIVED', 'SURVIVED', 'SURVIVED', 'SURVIVED', 'SURVIVED', 'SURVIVED', 'SURVIVED', 'SURVIVED', 'SURVIVED', 'SURVIVED', 'SURVIVED', 'SURVIVED']","['KILLED', 'SURVIVED', 'SURVIVED', 'SURVIVED', 'KILLED', 'SURVIVED', 'KILLED', 'KILLED', 'KILLED', 'SURVIVED', 'KILLED', 'KILLED', 'KILLED', 'KILLED', 'SURVIVED', 'KILLED', 'KILLED', 'KILLED', 'KILLED', 'SURVIVED', 'KILLED', 'SURVIVED', 'KILLED', 'SURVIVED', 'KILLED', 'KILLED', 'SURVIVED', 'KILLED', 'SURVIVED', 'KILLED', 'SURVIVED', 'SURVIVED', 'KILLED', 'SURVIVED', 'SURVIVED', 'SURVIVED', 'SURVIVED', 'KILLED', 'KILLED', 'SURVIVED', 'SURVIVED', 'SURVIVED', 'KILLED', 'KILLED', 'SURVIVED', 'KILLED', 'SURVIVED', 'KILLED', 'KILLED', 'KILLED', 'KILLED', 'KILLED', 'KILLED', 'KILLED', 'KILLED', 'KILLED', 'KILLED', 'SURVIVED', 'KILLED', 'KILLED', 'SURVIVED', 'KILLED', 'KILLED', 'KILLED', 'KILLED', 'KILLED', 'SURVIVED', 'KILLED', 'SURVIVED']","[0.206, 0.144, 0.724, 0.786, 0.869, 0.325, 0.411, 0.66, 0.68, 0.443, 0.202, 0.635, 0.207, 0.353, 0.87, 0.858, 0.662, 0.49, 0.949, 0.437, 0.252, 0.433, 0.159, 0.781, 0.834, 0.748, 0.524, 0.204, 0.11, 0.287, 0.283, 0.177, 0.769, 0.473, 0.763, 0.065, 0.454, 0.303, 0.224, 0.201, 0.864, 0.839, 0.964, 0.27, 0.48, 0.438, 0.133, 0.781, 0.645, 0.385, 0.986, 0.552, 0.642, 0.145, 0.268, 0.371, 0.255, 0.099, 0.862, 0.516, 0.31, 0.404, 0.063, 0.957, 0.107, 0.899, 0.252, 0.244, 0.958]"
Csv_5,"['KILLED', 'KILLED', 'KILLED', 'KILLED', 'KILLED', 'KILLED', 'KILLED', 'SURVIVED', 'SURVIVED', 'SURVIVED', 'SURVIVED', 'SURVIVED', 'SURVIVED', 'SURVIVED', 'SURVIVED', 'SURVIVED', 'SURVIVED', 'SURVIVED', 'SURVIVED', 'SURVIVED', 'SURVIVED', 'SURVIVED', 'SURVIVED', 'SURVIVED', 'SURVIVED', 'SURVIVED', 'SURVIVED', 'SURVIVED', 'SURVIVED', 'SURVIVED', 'SURVIVED', 'SURVIVED', 'SURVIVED', 'SURVIVED', 'SURVIVED', 'SURVIVED', 'SURVIVED', 'SURVIVED', 'SURVIVED', 'SURVIVED', 'SURVIVED', 'SURVIVED', 'SURVIVED', 'SURVIVED', 'SURVIVED', 'SURVIVED', 'SURVIVED', 'SURVIVED', 'SURVIVED', 'SURVIVED', 'SURVIVED', 'SURVIVED', 'SURVIVED', 'SURVIVED', 'SURVIVED', 'SURVIVED', 'SURVIVED', 'SURVIVED', 'SURVIVED', 'SURVIVED', 'SURVIVED', 'SURVIVED', 'SURVIVED', 'SURVIVED', 'SURVIVED', 'SURVIVED', 'SURVIVED', 'SURVIVED', 'SURVIVED']","['KILLED', 'SURVIVED', 'KILLED', 'KILLED', 'KILLED', 'SURVIVED', 'SURVIVED', 'SURVIVED', 'KILLED', 'SURVIVED', 'KILLED', 'KILLED', 'KILLED', 'SURVIVED', 'SURVIVED', 'SURVIVED', 'SURVIVED', 'KILLED', 'SURVIVED', 'SURVIVED', 'KILLED', 'SURVIVED', 'SURVIVED', 'KILLED', 'KILLED', 'SURVIVED', 'KILLED', 'SURVIVED', 'SURVIVED', 'SURVIVED', 'KILLED', 'SURVIVED', 'SURVIVED', 'KILLED', 'SURVIVED', 'KILLED', 'KILLED', 'KILLED', 'KILLED', 'KILLED', 'SURVIVED', 'KILLED', 'KILLED', 'SURVIVED', 'SURVIVED', 'KILLED', 'KILLED', 'SURVIVED', 'KILLED', 'KILLED', 'KILLED', 'KILLED', 'SURVIVED', 'KILLED', 'KILLED', 'SURVIVED', 'KILLED', 'SURVIVED', 'KILLED', 'SURVIVED', 'SURVIVED', 'KILLED', 'KILLED', 'SURVIVED', 'KILLED', 'KILLED', 'KILLED', 'SURVIVED', 'KILLED']","[0.044, 0.689, 0.541, 0.657, 0.696, 0.006, 0.842, 0.817, 0.216, 0.412, 0.331, 0.089, 0.583, 0.925, 0.278, 0.427, 0.349, 0.357, 0.452, 0.696, 0.027, 0.098, 0.627, 0.021, 0.275, 0.172, 0.157, 0.737, 0.732, 0.196, 0.209, 0.133, 0.461, 0.662, 0.226, 0.135, 0.118, 0.912, 0.204, 0.627, 0.88, 0.3, 0.687, 0.154, 0.063, 0.901, 0.474, 0.008, 0.375, 0.533, 0.684, 0.893, 0.109, 0.764, 0.212, 0.154, 0.108, 0.229, 0.813, 0.266, 0.52, 0.555, 0.677, 0.95, 0.932, 0.899, 0.917, 0.984, 0.886]"
Csv_5,"['KILLED', 'KILLED', 'KILLED', 'KILLED', 'KILLED', 'KILLED', 'KILLED', 'KILLED', 'SURVIVED', 'SURVIVED', 'SURVIVED', 'SURVIVED', 'SURVIVED', 'SURVIVED', 'SURVIVED', 'SURVIVED', 'SURVIVED', 'SURVIVED', 'SURVIVED', 'SURVIVED', 'SURVIVED', 'SURVIVED', 'SURVIVED', 'SURVIVED', 'SURVIVED', 'SURVIVED', 'SURVIVED', 'SURVIVED', 'SURVIVED', 'SURVIVED', 'SURVIVED', 'SURVIVED', 'SURVIVED', 'SURVIVED', 'SURVIVED', 'SURVIVED', 'SURVIVED', 'SURVIVED', 'SURVIVED', 'SURVIVED', 'SURVIVED', 'SURVIVED', 'SURVIVED', 'SURVIVED', 'SURVIVED', 'SURVIVED', 'SURVIVED', 'SURVIVED', 'SURVIVED', 'SURVIVED', 'SURVIVED', 'SURVIVED', 'SURVIVED', 'SURVIVED', 'SURVIVED', 'SURVIVED', 'SURVIVED', 'SURVIVED', 'SURVIVED', 'SURVIVED', 'SURVIVED', 'SURVIVED', 'SURVIVED', 'SURVIVED', 'SURVIVED', 'SURVIVED', 'SURVIVED', 'SURVIVED', 'SURVIVED']","['KILLED', 'KILLED', 'SURVIVED', 'SURVIVED', 'KILLED', 'SURVIVED', 'SURVIVED', 'SURVIVED', 'SURVIVED', 'KILLED', 'KILLED', 'KILLED', 'SURVIVED', 'SURVIVED', 'SURVIVED', 'SURVIVED', 'KILLED', 'KILLED', 'KILLED', 'KILLED', 'KILLED', 'KILLED', 'SURVIVED', 'SURVIVED', 'KILLED', 'KILLED', 'KILLED', 'KILLED', 'KILLED', 'KILLED', 'KILLED', 'KILLED', 'KILLED', 'KILLED', 'SURVIVED', 'KILLED', 'SURVIVED', 'SURVIVED', 'SURVIVED', 'KILLED', 'KILLED', 'KILLED', 'SURVIVED', 'SURVIVED', 'KILLED', 'KILLED', 'KILLED', 'KILLED', 'KILLED', 'SURVIVED', 'KILLED', 'SURVIVED', 'KILLED', 'SURVIVED', 'SURVIVED', 'KILLED', 'SURVIVED', 'SURVIVED', 'KILLED', 'KILLED', 'KILLED', 'KILLED', 'KILLED', 'KILLED', 'KILLED', 'SURVIVED', 'KILLED', 'KILLED', 'KILLED']","[0.688, 0.481, 0.805, 0.439, 0.894, 0.648, 0.057, 0.631, 0.969, 0.026, 0.15, 0.353, 0.379, 0.115, 0.914, 0.646, 0.753, 0.261, 0.085, 0.813, 0.6, 0.576, 0.477, 0.491, 0.91, 0.077, 0.176, 0.763, 0.501, 0.788, 0.314, 0.469, 0.507, 0.467, 0.044, 0.049, 0.662, 0.886, 0.378, 0.637, 0.089, 0.724, 0.275, 0.15, 0.378, 0.123, 0.413, 0.798, 0.512, 0.991, 0.37, 0.049, 0.31, 0.17, 0.577, 0.73, 0.553, 0.039, 0.47, 0.407, 0.24, 0.602, 0.614, 0.46, 0.355, 0.999, 0.772, 0.779, 0.953]"
Csv_5,"['KILLED', 'KILLED', 'KILLED', 'KILLED', 'KILLED', 'SURVIVED', 'SURVIVED', 'SURVIVED', 'SURVIVED', 'SURVIVED', 'SURVIVED', 'SURVIVED', 'SURVIVED', 'SURVIVED', 'SURVIVED', 'SURVIVED', 'SURVIVED', 'SURVIVED', 'SURVIVED', 'SURVIVED', 'SURVIVED', 'SURVIVED', 'SURVIVED', 'SURVIVED', 'SURVIVED', 'SURVIVED', 'SURVIVED', 'SURVIVED', 'SURVIVED', 'SURVIVED', 'SURVIVED', 'SURVIVED', 'SURVIVED', 'SURVIVED', 'SURVIVED', 'SURVIVED', 'SURVIVED', 'SURVIVED', 'SURVIVED', 'SURVIVED', 'SURVIVED', 'SURVIVED', 'SURVIVED', 'SURVIVED', 'SURVIVED', 'SURVIVED', 'SURVIVED', 'SURVIVED', 'SURVIVED', 'SURVIVED', 'SURVIVED', 'SURVIVED', 'SURVIVED', 'SURVIVED', 'SURVIVED', 'SURVIVED', 'SURVIVED', 'SURVIVED', 'SURVIVED', 'SURVIVED', 'SURVIVED', 'SURVIVED', 'SURVIVED', 'SURVIVED', 'SURVIVED', 'SURVIVED', 'SURVIVED', 'SURVIVED', 'SURVIVED']","['KILLED', 'KILLED', 'KILLED', 'KILLED', 'SURVIVED', 'KILLED', 'KILLED', 'SURVIVED', 'SURVIVED', 'KILLED', 'KILLED', 'SURVIVED', 'SURVIVED', 'KILLED', 'SURVIVED', 'SURVIVED', 'KILLED', 'KILLED', 'SURVIVED', 'KILLED', 'KILLED', 'SURVIVED', 'SURVIVED', 'KILLED', 'KILLED', 'KILLED', 'KILLED', 'SURVIVED', 'SURVIVED', 'KILLED', 'SURVIVED', 'SURVIVED', 'SURVIVED', 'KILLED', 'KILLED', 'KILLED', 'SURVIVED', 'KILLED', 'SURVIVED', 'SURVIVED', 'KILLED', 'KILLED', 'SURVIVED', 'SURVIVED', 'KILLED', 'SURVIVED', 'KILLED', 'SURVIVED', 'SURVIVED', 'SURVIVED', 'KILLED', 'SURVIVED', 'SURVIVED', 'SURVIVED', 'KILLED', 'KILLED', 'SURVIVED', 'KILLED', 'SURVIVED', 'SURVIVED', 'KILLED', 'SURVIVED', 'KILLED', 'KILLED', 'KILLED', 'SURVIVED', 'SURVIVED', 'SURVIVED', 'SURVIVED']","[0.792, 0.863, 0.513, 0.96, 0.53, 0.916, 0.022, 0.226, 0.109, 0.241, 0.697, 0.519, 0.83, 0.275, 0.725, 0.134, 0.61, 0.697, 0.674, 0.34, 0.29, 0.639, 0.993, 0.291, 0.205, 0.216, 0.97, 0.824, 0.194, 0.526, 0.587, 0.883, 0.122, 0.728, 0.807, 0.806, 0.09, 0.711, 0.455, 0.466, 0.879, 0.124, 0.048, 0.976, 0.241, 0.091, 0.679, 0.493, 0.135, 0.644, 0.999, 0.039, 0.407, 0.035, 0.077, 0.084, 0.75, 0.761, 0.497, 0.962, 0.991, 0.095, 0.961, 0.858, 0.779, 0.72, 0.524, 0.008, 0.912]"
Csv_5,"['KILLED', 'KILLED', 'KILLED', 'KILLED', 'KILLED', 'KILLED', 'SURVIVED', 'SURVIVED', 'SURVIVED', 'SURVIVED', 'SURVIVED', 'SURVIVED', 'SURVIVED', 'SURVIVED', 'SURVIVED', 'SURVIVED', 'SURVIVED', 'SURVIVED', 'SURVIVED', 'SURVIVED', 'SURVIVED', 'SURVIVED', 'SURVIVED', 'SURVIVED', 'SURVIVED', 'SURVIVED', 'SURVIVED', 'SURVIVED', 'SURVIVED', 'SURVIVED', 'SURVIVED', 'SURVIVED', 'SURVIVED', 'SURVIVED', 'SURVIVED', 'SURVIVED', 'SURVIVED', 'SURVIVED', 'SURVIVED', 'SURVIVED', 'SURVIVED', 'SURVIVED', 'SURVIVED', 'SURVIVED', 'SURVIVED', 'SURVIVED', 'SURVIVED', 'SURVIVED', 'SURVIVED', 'SURVIVED', 'SURVIVED', 'SURVIVED', 'SURVIVED', 'SURVIVED', 'SURVIVED', 'SURVIVED', 'SURVIVED', 'SURVIVED', 'SURVIVED', 'SURVIVED', 'SURVIVED', 'SURVIVED', 'SURVIVED', 'SURVIVED', 'SURVIVED', 'SURVIVED', 'SURVIVED', 'SURVIVED', 'SURVIVED']","['KILLED', 'KILLED', 'KILLED', 'KILLED', 'SURVIVED', 'SURVIVED', 'KILLED', 'KILLED', 'KILLED', 'KILLED', 'SURVIVED', 'SURVIVED', 'SURVIVED', 'SURVIVED', 'SURVIVED', 'SURVIVED', 'KILLED', 'SURVIVED', 'KILLED', 'KILLED', 'SURVIVED', 'SURVIVED', 'SURVIVED', 'KILLED', 'KILLED', 'KILLED', 'SURVIVED', 'KILLED', 'KILLED', 'SURVIVED', 'KILLED', 'SURVIVED', 'KILLED', 'KILLED', 'SURVIVED', 'SURVIVED', 'SURVIVED', 'KILLED', 'KILLED', 'SURVIVED', 'KILLED', 'KILLED', 'KILLED', 'KILLED', 'KILLED', 'KILLED', 'KILLED', 'SURVIVED', 'SURVIVED', 'SURVIVED', 'SURVIVED', 'SURVIVED', 'KILLED', 'KILLED', 'SURVIVED', 'KILLED', 'SURVIVED', 'KILLED', 'SURVIVED', 'KILLED', 'SURVIVED', 'KILLED', 'SURVIVED', 'KILLED', 'SURVIVED', 'SURVIVED', 'SURVIVED', 'SURVIVED', 'KILLED']","[0.519, 0.096, 0.746, 0.427, 0.847, 0.939, 0.944, 0.875, 0.055, 0.885, 0.361, 0.398, 0.607, 0.818, 0.763, 0.386, 0.685, 0.073, 0.94, 0.213, 0.953, 0.768, 0.254, 0.341, 0.052, 0.43, 0.55, 0.436, 0.109, 0.626, 0.485, 0.763, 0.644, 0.143, 0.211, 0.524, 0.264, 0.75, 0.04, 0.242, 0.896, 0.005, 0.528, 0.447, 0.194, 0.298, 0.477, 0.667, 0.55, 0.894, 0.136, 0.046, 0.234, 0.374, 0.724, 0.053, 0.667, 0.452, 0.694, 0.606, 0.047, 0.368, 0.564, 0.708, 0.803, 0.286, 0.182, 0.016, 0.995]"
Csv_5,"['KILLED', 'KILLED', 'KILLED', 'KILLED', 'KILLED', 'KILLED', 'KILLED', 'SURVIVED', 'SURVIVED', 'SURVIVED', 'SURVIVED', 'SURVIVED', 'SURVIVED', 'SURVIVED', 'SURVIVED', 'SURVIVED', 'SURVIVED', 'SURVIVED', 'SURVIVED', 'SURVIVED', 'SURVIVED', 'SURVIVED', 'SURVIVED', 'SURVIVED', 'SURVIVED', 'SURVIVED', 'SURVIVED', 'SURVIVED', 'SURVIVED', 'SURVIVED', 'SURVIVED', 'SURVIVED', 'SURVIVED', 'SURVIVED', 'SURVIVED', 'SURVIVED', 'SURVIVED', 'SURVIVED', 'SURVIVED', 'SURVIVED', 'SURVIVED', 'SURVIVED', 'SURVIVED', 'SURVIVED', 'SURVIVED', 'SURVIVED', 'SURVIVED', 'SURVIVED', 'SURVIVED', 'SURVIVED', 'SURVIVED', 'SURVIVED', 'SURVIVED', 'SURVIVED', 'SURVIVED', 'SURVIVED', 'SURVIVED', 'SURVIVED', 'SURVIVED', 'SURVIVED', 'SURVIVED', 'SURVIVED', 'SURVIVED', 'SURVIVED', 'SURVIVED', 'SURVIVED', 'SURVIVED', 'SURVIVED', 'SURVIVED']","['SURVIVED', 'KILLED', 'SURVIVED', 'SURVIVED', 'SURVIVED', 'SURVIVED', 'SURVIVED', 'KILLED', 'SURVIVED', 'KILLED', 'SURVIVED', 'SURVIVED', 'KILLED', 'KILLED', 'SURVIVED', 'KILLED', 'SURVIVED', 'KILLED', 'SURVIVED', 'KILLED', 'KILLED', 'KILLED', 'KILLED', 'KILLED', 'KILLED', 'SURVIVED', 'KILLED', 'SURVIVED', 'SURVIVED', 'KILLED', 'SURVIVED', 'KILLED', 'SURVIVED', 'KILLED', 'SURVIVED', 'KILLED', 'SURVIVED', 'SURVIVED', 'KILLED', 'SURVIVED', 'KILLED', 'KILLED', 'SURVIVED', 'KILLED', 'KILLED', 'SURVIVED', 'SURVIVED', 'KILLED', 'KILLED', 'KILLED', 'SURVIVED', 'KILLED', 'SURVIVED', 'SURVIVED', 'KILLED', 'KILLED', 'SURVIVED', 'SURVIVED', 'KILLED', 'KILLED', 'SURVIVED', 'SURVIVED', 'KILLED', 'SURVIVED', 'SURVIVED', 'KILLED', 'SURVIVED', 'SURVIVED', 'SURVIVED']","[0.407, 0.073, 0.829, 0.015, 0.482, 0.426, 0.672, 0.686, 0.146, 0.19, 0.529, 0.572, 0.98, 0.75, 0.252, 0.192, 0.267, 0.541, 0.241, 0.796, 0.311, 0.509, 0.626, 0.041, 0.029, 0.959, 0.478, 0.224, 0.007, 0.852, 0.434, 0.391, 0.885, 0.063, 0.055, 0.834, 0.763, 0.504, 0.075, 0.668, 0.814, 0.335, 0.969, 0.854, 0.048, 0.066, 0.528, 0.612, 0.279, 0.293, 0.607, 0.858, 0.321, 0.453, 0.774, 0.863, 0.522, 0.872, 0.949, 0.642, 0.627, 0.05, 0.368, 0.638, 0.27, 0.896, 0.441, 0.599, 0.391]"
Csv_5,"['KILLED', 'KILLED', 'KILLED', 'SURVIVED', 'SURVIVED', 'SURVIVED', 'SURVIVED', 'SURVIVED', 'SURVIVED', 'SURVIVED', 'SURVIVED', 'SURVIVED', 'SURVIVED', 'SURVIVED', 'SURVIVED', 'SURVIVED', 'SURVIVED', 'SURVIVED', 'SURVIVED', 'SURVIVED', 'SURVIVED', 'SURVIVED', 'SURVIVED', 'SURVIVED', 'SURVIVED', 'SURVIVED', 'SURVIVED', 'SURVIVED', 'SURVIVED', 'SURVIVED', 'SURVIVED', 'SURVIVED', 'SURVIVED', 'SURVIVED', 'SURVIVED', 'SURVIVED', 'SURVIVED', 'SURVIVED', 'SURVIVED', 'SURVIVED', 'SURVIVED', 'SURVIVED', 'SURVIVED', 'SURVIVED', 'SURVIVED', 'SURVIVED', 'SURVIVED', 'SURVIVED', 'SURVIVED', 'SURVIVED', 'SURVIVED', 'SURVIVED', 'SURVIVED', 'SURVIVED', 'SURVIVED', 'SURVIVED', 'SURVIVED', 'SURVIVED', 'SURVIVED', 'SURVIVED', 'SURVIVED', 'SURVIVED', 'SURVIVED', 'SURVIVED', 'SURVIVED', 'SURVIVED', 'SURVIVED', 'SURVIVED', 'SURVIVED']","['KILLED', 'SURVIVED', 'KILLED', 'SURVIVED', 'SURVIVED', 'KILLED', 'KILLED', 'SURVIVED', 'KILLED', 'KILLED', 'SURVIVED', 'SURVIVED', 'SURVIVED', 'KILLED', 'KILLED', 'KILLED', 'SURVIVED', 'KILLED', 'SURVIVED', 'SURVIVED', 'KILLED', 'KILLED', 'KILLED', 'KILLED', 'SURVIVED', 'KILLED', 'KILLED', 'KILLED', 'SURVIVED', 'SURVIVED', 'KILLED', 'KILLED', 'SURVIVED', 'SURVIVED', 'KILLED', 'SURVIVED', 'KILLED', 'SURVIVED', 'KILLED', 'KILLED', 'KILLED', 'KILLED', 'KILLED', 'KILLED', 'KILLED', 'SURVIVED', 'KILLED', 'KILLED', 'SURVIVED', 'KILLED', 'SURVIVED', 'KILLED', 'SURVIVED', 'SURVIVED', 'SURVIVED', 'SURVIVED', 'KILLED', 'KILLED', 'KILLED', 'SURVIVED', 'KILLED', 'SURVIVED', 'SURVIVED', 'SURVIVED', 'KILLED', 'KILLED', 'SURVIVED', 'KILLED', 'KILLED']","[0.864, 0.294, 0.043, 0.817, 0.431, 0.285, 0.053, 0.452, 0.682, 0.832, 0.398, 0.534, 0.928, 0.905, 0.741, 0.5, 0.513, 0.915, 0.075, 0.834, 0.639, 0.878, 0.894, 0.589, 0.827, 0.102, 0.193, 0.519, 0.974, 0.172, 0.546, 0.735, 0.491, 0.731, 0.606, 0.234, 0.426, 0.826, 0.875, 0.539, 0.877, 0.848, 0.177, 0.682, 0.318, 0.029, 0.229, 0.75, 0.96, 0.023, 0.786, 0.589, 0.719, 0.429, 0.681, 0.994, 0.454, 0.7, 0.403, 0.938, 0.236, 0.405, 0.78, 0.147, 0.792, 0.365, 0.002, 0.541, 0.084]"
Csv_5,"['KILLED', 'KILLED', 'KILLED', 'SURVIVED', 'SURVIVED', 'SURVIVED', 'SURVIVED', 'SURVIVED', 'SURVIVED', 'SURVIVED', 'SURVIVED', 'SURVIVED', 'SURVIVED', 'SURVIVED', 'SURVIVED', 'SURVIVED', 'SURVIVED', 'SURVIVED', 'SURVIVED', 'SURVIVED', 'SURVIVED', 'SURVIVED', 'SURVIVED', 'SURVIVED', 'SURVIVED', 'SURVIVED', 'SURVIVED', 'SURVIVED', 'SURVIVED', 'SURVIVED', 'SURVIVED', 'SURVIVED', 'SURVIVED', 'SURVIVED', 'SURVIVED', 'SURVIVED', 'SURVIVED', 'SURVIVED', 'SURVIVED', 'SURVIVED', 'SURVIVED', 'SURVIVED', 'SURVIVED', 'SURVIVED', 'SURVIVED']","['KILLED', 'KILLED', 'KILLED', 'SURVIVED', 'SURVIVED', 'KILLED', 'KILLED', 'SURVIVED', 'SURVIVED', 'KILLED', 'SURVIVED', 'SURVIVED', 'KILLED', 'SURVIVED', 'SURVIVED', 'KILLED', 'KILLED', 'KILLED', 'KILLED', 'KILLED', 'SURVIVED', 'SURVIVED', 'SURVIVED', 'KILLED', 'SURVIVED', 'KILLED', 'SURVIVED', 'SURVIVED', 'KILLED', 'KILLED', 'KILLED', 'KILLED', 'SURVIVED', 'KILLED', 'KILLED', 'SURVIVED', 'SURVIVED', 'SURVIVED', 'KILLED', 'SURVIVED', 'SURVIVED', 'KILLED', 'KILLED', 'SURVIVED', 'SURVIVED']","[0.452, 0.546, 0.458, 0.81, 0.913, 0.695, 0.441, 0.357, 0.179, 0.895, 0.402, 0.39, 0.196, 0.769, 0.657, 0.026, 0.616, 0.275, 0.78, 0.964, 0.063, 0.628, 0.973, 0.495, 0.532, 0.384, 0.15, 0.624, 0.915, 0.506, 0.719, 0.154, 0.834, 0.32, 0.577, 0.494, 0.75, 0.791, 0.532, 0.682, 0.001, 0.644, 0.682, 0.792, 0.369]"
Csv_5,"['KILLED', 'SURVIVED', 'SURVIVED', 'SURVIVED', 'SURVIVED', 'SURVIVED', 'SURVIVED', 'SURVIVED', 'SURVIVED', 'SURVIVED', 'SURVIVED', 'SURVIVED', 'SURVIVED', 'SURVIVED', 'SURVIVED', 'SURVIVED', 'SURVIVED', 'SURVIVED', 'SURVIVED', 'SURVIVED', 'SURVIVED', 'SURVIVED', 'SURVIVED', 'SURVIVED', 'SURVIVED', 'SURVIVED', 'SURVIVED', 'SURVIVED', 'SURVIVED', 'SURVIVED', 'SURVIVED', 'SURVIVED', 'SURVIVED', 'SURVIVED', 'SURVIVED', 'SURVIVED', 'SURVIVED', 'SURVIVED', 'SURVIVED', 'SURVIVED', 'SURVIVED', 'SURVIVED', 'SURVIVED', 'SURVIVED', 'SURVIVED']","['SURVIVED', 'KILLED', 'SURVIVED', 'SURVIVED', 'SURVIVED', 'SURVIVED', 'SURVIVED', 'KILLED', 'KILLED', 'KILLED', 'KILLED', 'SURVIVED', 'KILLED', 'SURVIVED', 'SURVIVED', 'SURVIVED', 'SURVIVED', 'KILLED', 'SURVIVED', 'SURVIVED', 'SURVIVED', 'KILLED', 'KILLED', 'SURVIVED', 'SURVIVED', 'KILLED', 'KILLED', 'KILLED', 'SURVIVED', 'SURVIVED', 'KILLED', 'KILLED', 'KILLED', 'SURVIVED', 'SURVIVED', 'KILLED', 'SURVIVED', 'KILLED', 'SURVIVED', 'KILLED', 'SURVIVED', 'SURVIVED', 'KILLED', 'SURVIVED', 'SURVIVED']","[0.168, 0.575, 0.404, 0.589, 0.868, 0.222, 0.53, 0.782, 0.37, 0.224, 0.991, 0.504, 0.56, 0.391, 0.366, 0.952, 0.49, 0.263, 0.386, 0.85, 0.324, 0.61, 0.756, 0.773, 0.287, 0.262, 0.008, 0.307, 0.623, 0.878, 0.894, 0.824, 0.075, 0.832, 0.914, 0.599, 0.165, 0.199, 0.833, 0.334, 0.236, 0.793, 0.086, 0.364, 0.395]"
Csv_5,"['KILLED', 'KILLED', 'KILLED', 'SURVIVED', 'SURVIVED', 'SURVIVED', 'SURVIVED', 'SURVIVED', 'SURVIVED', 'SURVIVED', 'SURVIVED', 'SURVIVED', 'SURVIVED', 'SURVIVED', 'SURVIVED', 'SURVIVED', 'SURVIVED', 'SURVIVED', 'SURVIVED', 'SURVIVED', 'SURVIVED', 'SURVIVED', 'SURVIVED', 'SURVIVED', 'SURVIVED', 'SURVIVED', 'SURVIVED', 'SURVIVED', 'SURVIVED', 'SURVIVED', 'SURVIVED', 'SURVIVED', 'SURVIVED', 'SURVIVED', 'SURVIVED', 'SURVIVED', 'SURVIVED', 'SURVIVED', 'SURVIVED', 'SURVIVED', 'SURVIVED', 'SURVIVED', 'SURVIVED', 'SURVIVED', 'SURVIVED']","['KILLED', 'SURVIVED', 'SURVIVED', 'SURVIVED', 'KILLED', 'SURVIVED', 'SURVIVED', 'KILLED', 'KILLED', 'KILLED', 'KILLED', 'SURVIVED', 'KILLED', 'SURVIVED', 'SURVIVED', 'KILLED', 'KILLED', 'SURVIVED', 'SURVIVED', 'SURVIVED', 'KILLED', 'KILLED', 'SURVIVED', 'KILLED', 'KILLED', 'SURVIVED', 'KILLED', 'KILLED', 'SURVIVED', 'KILLED', 'SURVIVED', 'SURVIVED', 'KILLED', 'SURVIVED', 'KILLED', 'KILLED', 'SURVIVED', 'KILLED', 'SURVIVED', 'SURVIVED', 'KILLED', 'KILLED', 'SURVIVED', 'SURVIVED', 'KILLED']","[0.89, 0.935, 0.557, 0.913, 0.776, 0.416, 0.956, 0.864, 0.584, 0.416, 0.754, 0.539, 0.28, 0.863, 0.138, 0.706, 0.51, 0.983, 0.893, 0.28, 0.632, 0.733, 0.422, 0.364, 0.867, 0.788, 0.842, 0.288, 0.502, 0.305, 0.614, 0.119, 0.083, 0.693, 0.985, 0.025, 0.933, 0.006, 0.039, 0.156, 0.307, 0.639, 0.586, 0.878, 0.073]"
Csv_5,"['KILLED', 'KILLED', 'KILLED', 'KILLED', 'KILLED', 'KILLED', 'SURVIVED', 'SURVIVED', 'SURVIVED', 'SURVIVED', 'SURVIVED', 'SURVIVED', 'SURVIVED', 'SURVIVED', 'SURVIVED', 'SURVIVED', 'SURVIVED', 'SURVIVED', 'SURVIVED', 'SURVIVED', 'SURVIVED', 'SURVIVED', 'SURVIVED', 'SURVIVED', 'SURVIVED', 'SURVIVED', 'SURVIVED', 'SURVIVED', 'SURVIVED', 'SURVIVED', 'SURVIVED', 'SURVIVED', 'SURVIVED', 'SURVIVED', 'SURVIVED', 'SURVIVED', 'SURVIVED', 'SURVIVED', 'SURVIVED', 'SURVIVED', 'SURVIVED', 'SURVIVED', 'SURVIVED', 'SURVIVED', 'SURVIVED', 'SURVIVED', 'SURVIVED', 'SURVIVED', 'SURVIVED', 'SURVIVED', 'SURVIVED']","['KILLED', 'KILLED', 'KILLED', 'SURVIVED', 'SURVIVED', 'KILLED', 'KILLED', 'KILLED', 'SURVIVED', 'SURVIVED', 'SURVIVED', 'KILLED', 'KILLED', 'SURVIVED', 'KILLED', 'KILLED', 'SURVIVED', 'SURVIVED', 'SURVIVED', 'SURVIVED', 'SURVIVED', 'SURVIVED', 'KILLED', 'SURVIVED', 'KILLED', 'SURVIVED', 'SURVIVED', 'SURVIVED', 'SURVIVED', 'SURVIVED', 'KILLED', 'KILLED', 'KILLED', 'SURVIVED', 'KILLED', 'SURVIVED', 'SURVIVED', 'KILLED', 'KILLED', 'KILLED', 'KILLED', 'KILLED', 'KILLED', 'KILLED', 'KILLED', 'KILLED', 'KILLED', 'KILLED', 'KILLED', 'SURVIVED', 'KILLED']","[0.059, 0.738, 0.885, 0.52, 0.415, 0.49, 0.204, 0.553, 0.345, 0.533, 0.767, 0.404, 0.706, 0.665, 0.177, 0.181, 0.35, 0.464, 0.26, 0.973, 0.562, 0.266, 0.136, 0.155, 0.571, 0.033, 0.142, 0.09, 0.817, 0.855, 0.742, 0.382, 0.658, 0.241, 0.102, 0.053, 0.869, 0.718, 0.96, 0.645, 0.176, 0.457, 0.215, 0.443, 0.717, 0.217, 0.564, 0.583, 0.186, 0.838, 0.029]"
Csv_5,"['KILLED', 'KILLED', 'KILLED', 'KILLED', 'KILLED', 'KILLED', 'KILLED', 'KILLED', 'KILLED', 'KILLED', 'KILLED', 'KILLED', 'KILLED', 'KILLED', 'KILLED', 'KILLED', 'KILLED', 'KILLED', 'KILLED', 'KILLED', 'KILLED', 'KILLED', 'KILLED', 'KILLED', 'KILLED', 'KILLED', 'KILLED', 'KILLED', 'KILLED', 'KILLED', 'KILLED', 'KILLED', 'KILLED', 'KILLED', 'KILLED', 'KILLED', 'KILLED', 'KILLED', 'KILLED', 'KILLED', 'KILLED', 'KILLED', 'KILLED', 'KILLED', 'KILLED', 'KILLED', 'KILLED', 'KILLED', 'KILLED', 'KILLED', 'KILLED', 'KILLED', 'KILLED', 'KILLED', 'KILLED', 'KILLED', 'KILLED', 'KILLED', 'KILLED', 'KILLED', 'KILLED', 'KILLED', 'KILLED', 'KILLED', 'KILLED', 'KILLED', 'KILLED', 'KILLED', 'KILLED']","['KILLED', 'KILLED', 'KILLED', 'KILLED', 'SURVIVED', 'KILLED', 'KILLED', 'SURVIVED', 'SURVIVED', 'KILLED', 'SURVIVED', 'KILLED', 'KILLED', 'KILLED', 'KILLED', 'SURVIVED', 'SURVIVED', 'KILLED', 'KILLED', 'SURVIVED', 'SURVIVED', 'SURVIVED', 'SURVIVED', 'KILLED', 'SURVIVED', 'SURVIVED', 'SURVIVED', 'KILLED', 'KILLED', 'SURVIVED', 'SURVIVED', 'KILLED', 'KILLED', 'SURVIVED', 'SURVIVED', 'SURVIVED', 'SURVIVED', 'KILLED', 'KILLED', 'SURVIVED', 'SURVIVED', 'KILLED', 'KILLED', 'KILLED', 'SURVIVED', 'KILLED', 'KILLED', 'KILLED', 'SURVIVED', 'KILLED', 'SURVIVED', 'SURVIVED', 'KILLED', 'KILLED', 'SURVIVED', 'SURVIVED', 'KILLED', 'KILLED', 'KILLED', 'KILLED', 'KILLED', 'KILLED', 'KILLED', 'SURVIVED', 'SURVIVED', 'KILLED', 'KILLED', 'KILLED', 'KILLED']","[0.883, 0.265, 0.554, 0.607, 0.94, 0.885, 0.519, 0.506, 0.569, 0.349, 0.211, 0.74, 0.705, 0.372, 0.514, 0.185, 0.637, 0.394, 0.061, 0.838, 0.751, 0.998, 0.769, 0.202, 0.278, 0.302, 0.923, 0.645, 0.815, 0.855, 0.574, 0.109, 0.066, 0.835, 0.163, 0.21, 0.728, 0.899, 0.868, 0.023, 0.149, 0.577, 0.779, 0.73, 0.587, 0.348, 0.024, 0.303, 0.478, 0.654, 0.735, 0.193, 0.612, 0.196, 0.005, 0.416, 0.47, 0.21, 0.593, 0.093, 0.967, 0.145, 0.048, 0.151, 0.152, 0.207, 0.118, 0.687, 0.7]"
Csv_5,"['KILLED', 'SURVIVED', 'SURVIVED']","['SURVIVED', 'SURVIVED', 'SURVIVED']","[0.753, 0.14, 0.115]"
Csv_5,"['SURVIVED', 'SURVIVED', 'SURVIVED']","['KILLED', 'KILLED', 'KILLED']","[0.383, 0.105, 0.913]"
Csv_5,"['SURVIVED', 'SURVIVED', 'SURVIVED']","['KILLED', 'KILLED', 'KILLED']","[0.446, 0.723, 0.662]"
Csv_5,"['KILLED', 'KILLED', 'SURVIVED']","['SURVIVED', 'KILLED', 'KILLED']","[0.925, 0.747, 0.214]"
Csv_5,"['SURVIVED', 'SURVIVED', 'SURVIVED']","['SURVIVED', 'KILLED', 'SURVIVED']","[0.38, 0.208, 0.013]"
Csv_5,['KILLED'],['KILLED'],[0.455]
Csv_5,['KILLED'],['SURVIVED'],[0.777]
Csv_5,"['KILLED', 'KILLED', 'KILLED', 'KILLED', 'KILLED', 'KILLED', 'KILLED', 'KILLED', 'KILLED', 'KILLED', 'KILLED', 'KILLED', 'KILLED', 'KILLED', 'KILLED', 'KILLED', 'KILLED', 'KILLED', 'KILLED', 'KILLED', 'KILLED', 'KILLED', 'KILLED', 'KILLED', 'KILLED', 'KILLED', 'KILLED', 'KILLED', 'KILLED', 'KILLED', 'KILLED', 'KILLED', 'KILLED', 'KILLED', 'KILLED', 'KILLED', 'KILLED', 'KILLED', 'KILLED', 'KILLED', 'KILLED', 'SURVIVED', 'SURVIVED', 'SURVIVED', 'SURVIVED', 'SURVIVED', 'SURVIVED', 'SURVIVED', 'SURVIVED', 'SURVIVED', 'SURVIVED', 'SURVIVED', 'SURVIVED', 'SURVIVED', 'SURVIVED', 'SURVIVED', 'SURVIVED', 'SURVIVED', 'SURVIVED', 'SURVIVED', 'SURVIVED', 'SURVIVED']","['KILLED', 'KILLED', 'SURVIVED', 'KILLED', 'KILLED', 'KILLED', 'SURVIVED', 'KILLED', 'SURVIVED', 'KILLED', 'SURVIVED', 'KILLED', 'SURVIVED', 'KILLED', 'KILLED', 'SURVIVED', 'SURVIVED', 'KILLED', 'KILLED', 'KILLED', 'SURVIVED', 'SURVIVED', 'SURVIVED', 'KILLED', 'KILLED', 'KILLED', 'SURVIVED', 'KILLED', 'SURVIVED', 'KILLED', 'KILLED', 'KILLED', 'SURVIVED', 'KILLED', 'KILLED', 'SURVIVED', 'KILLED', 'SURVIVED', 'SURVIVED', 'SURVIVED', 'SURVIVED', 'SURVIVED', 'SURVIVED', 'KILLED', 'KILLED', 'KILLED', 'SURVIVED', 'KILLED', 'KILLED', 'KILLED', 'KILLED', 'SURVIVED', 'KILLED', 'SURVIVED', 'KILLED', 'SURVIVED', 'KILLED', 'SURVIVED', 'KILLED', 'SURVIVED', 'SURVIVED', 'KILLED']","[0.166, 0.619, 0.443, 0.722, 0.085, 0.426, 0.591, 0.412, 0.13, 0.86, 0.531, 0.945, 0.107, 0.319, 0.953, 0.159, 0.879, 0.632, 0.008, 0.701, 0.866, 0.032, 0.059, 0.017, 0.363, 0.905, 0.957, 0.564, 0.768, 0.451, 0.423, 0.787, 0.623, 0.371, 0.59, 0.778, 0.348, 0.285, 0.844, 0.946, 0.251, 0.842, 0.137, 0.81, 0.462, 0.003, 0.044, 0.059, 0.119, 0.784, 0.123, 0.207, 0.806, 0.737, 0.413, 0.23, 0.449, 0.276, 0.943, 0.489, 0.424, 0.043]"
Csv_5,"['KILLED', 'KILLED', 'KILLED', 'KILLED', 'KILLED', 'KILLED', 'KILLED', 'KILLED', 'KILLED', 'KILLED', 'KILLED', 'KILLED', 'KILLED', 'KILLED', 'KILLED', 'KILLED', 'KILLED', 'KILLED', 'KILLED', 'KILLED', 'KILLED', 'KILLED', 'KILLED', 'KILLED', 'KILLED', 'KILLED', 'KILLED', 'KILLED', 'KILLED', 'KILLED', 'KILLED', 'KILLED', 'KILLED', 'KILLED', 'KILLED', 'KILLED', 'KILLED', 'KILLED', 'KILLED', 'KILLED', 'KILLED', 'KILLED', 'KILLED', 'KILLED', 'KILLED', 'KILLED', 'KILLED', 'KILLED', 'KILLED', 'KILLED', 'KILLED', 'KILLED', 'KILLED', 'KILLED', 'KILLED', 'KILLED', 'KILLED', 'KILLED', 'KILLED', 'KILLED', 'KILLED', 'SURVIVED']","['KILLED', 'KILLED', 'SURVIVED', 'SURVIVED', 'KILLED', 'KILLED', 'KILLED', 'KILLED', 'SURVIVED', 'KILLED', 'SURVIVED', 'KILLED', 'KILLED', 'KILLED', 'SURVIVED', 'SURVIVED', 'KILLED', 'KILLED', 'KILLED', 'SURVIVED', 'KILLED', 'SURVIVED', 'KILLED', 'KILLED', 'SURVIVED', 'SURVIVED', 'SURVIVED', 'SURVIVED', 'SURVIVED', 'KILLED', 'SURVIVED', 'KILLED', 'KILLED', 'KILLED', 'KILLED', 'KILLED', 'SURVIVED', 'KILLED', 'SURVIVED', 'SURVIVED', 'SURVIVED', 'SURVIVED', 'SURVIVED', 'SURVIVED', 'SURVIVED', 'KILLED', 'KILLED', 'KILLED', 'KILLED', 'SURVIVED', 'KILLED', 'KILLED', 'SURVIVED', 'KILLED', 'SURVIVED', 'SURVIVED', 'SURVIVED', 'SURVIVED', 'SURVIVED', 'KILLED', 'KILLED', 'SURVIVED']","[0.585, 0.525, 0.831, 0.699, 0.475, 0.032, 0.98, 0.403, 0.426, 0.311, 0.33, 0.589, 0.755, 0.795, 0.051, 0.589, 0.667, 0.124, 0.252, 0.02, 0.655, 0.586, 0.544, 0.941, 0.068, 0.715, 0.757, 0.858, 0.631, 0.27, 0.003, 0.249, 0.997, 0.066, 0.784, 0.042, 0.611, 0.502, 0.808, 0.298, 0.83, 0.822, 0.929, 0.395, 0.606, 0.99, 0.639, 0.648, 0.199, 0.59, 0.685, 0.814, 0.382, 0.557, 0.293, 0.411, 0.382, 0.1, 0.216, 0.287, 0.049, 0.48]"
Csv_5,"['KILLED', 'KILLED', 'KILLED', 'KILLED', 'KILLED', 'KILLED', 'KILLED', 'KILLED', 'KILLED', 'KILLED', 'KILLED', 'KILLED', 'KILLED', 'KILLED', 'KILLED', 'KILLED', 'KILLED', 'KILLED', 'KILLED', 'KILLED', 'KILLED', 'KILLED', 'KILLED', 'KILLED', 'KILLED', 'KILLED', 'KILLED', 'KILLED', 'KILLED', 'KILLED', 'KILLED', 'KILLED', 'KILLED', 'KILLED', 'KILLED', 'KILLED', 'KILLED', 'KILLED', 'KILLED', 'KILLED', 'KILLED']","['SURVIVED', 'KILLED', 'KILLED', 'KILLED', 'SURVIVED', 'SURVIVED', 'KILLED', 'KILLED', 'SURVIVED', 'KILLED', 'SURVIVED', 'KILLED', 'KILLED', 'SURVIVED', 'KILLED', 'SURVIVED', 'KILLED', 'KILLED', 'KILLED', 'SURVIVED', 'KILLED', 'SURVIVED', 'KILLED', 'KILLED', 'KILLED', 'SURVIVED', 'KILLED', 'KILLED', 'KILLED', 'SURVIVED', 'KILLED', 'KILLED', 'KILLED', 'SURVIVED', 'SURVIVED', 'KILLED', 'KILLED', 'KILLED', 'SURVIVED', 'KILLED', 'SURVIVED']","[0.928, 0.508, 0.815, 0.851, 0.971, 0.928, 0.894, 0.304, 0.138, 0.758, 0.451, 0.88, 0.356, 0.513, 0.927, 0.571, 0.44, 0.507, 0.438, 0.012, 0.173, 0.812, 0.26, 0.047, 0.474, 0.473, 0.094, 0.843, 0.842, 0.38, 0.085, 0.596, 0.092, 0.648, 0.084, 0.158, 0.891, 0.674, 0.59, 0.791, 0.6]"
Csv_5,"['KILLED', 'KILLED', 'KILLED', 'KILLED', 'KILLED', 'KILLED', 'KILLED', 'KILLED', 'KILLED', 'KILLED', 'KILLED', 'KILLED', 'KILLED', 'KILLED', 'KILLED', 'KILLED', 'KILLED', 'KILLED', 'KILLED', 'KILLED', 'KILLED', 'KILLED', 'KILLED', 'KILLED', 'KILLED', 'KILLED', 'KILLED', 'KILLED', 'KILLED', 'KILLED', 'KILLED', 'KILLED', 'KILLED', 'KILLED', 'KILLED', 'KILLED', 'KILLED', 'KILLED', 'KILLED', 'KILLED', 'KILLED', 'KILLED', 'KILLED', 'KILLED', 'KILLED', 'KILLED', 'KILLED', 'KILLED', 'KILLED', 'KILLED', 'KILLED', 'KILLED', 'KILLED', 'KILLED', 'KILLED', 'KILLED', 'KILLED', 'KILLED', 'KILLED', 'KILLED', 'KILLED', 'KILLED', 'KILLED', 'KILLED', 'KILLED', 'KILLED']","['SURVIVED', 'KILLED', 'SURVIVED', 'SURVIVED', 'SURVIVED', 'KILLED', 'SURVIVED', 'KILLED', 'SURVIVED', 'KILLED', 'KILLED', 'SURVIVED', 'KILLED', 'SURVIVED', 'KILLED', 'SURVIVED', 'SURVIVED', 'KILLED', 'SURVIVED', 'KILLED', 'KILLED', 'SURVIVED', 'SURVIVED', 'KILLED', 'SURVIVED', 'SURVIVED', 'SURVIVED', 'KILLED', 'SURVIVED', 'SURVIVED', 'KILLED', 'SURVIVED', 'KILLED', 'SURVIVED', 'SURVIVED', 'SURVIVED', 'SURVIVED', 'KILLED', 'SURVIVED', 'SURVIVED', 'KILLED', 'SURVIVED', 'SURVIVED', 'SURVIVED', 'KILLED', 'KILLED', 'SURVIVED', 'KILLED', 'KILLED', 'SURVIVED', 'KILLED', 'SURVIVED', 'KILLED', 'KILLED', 'SURVIVED', 'KILLED', 'SURVIVED', 'SURVIVED', 'KILLED', 'KILLED', 'KILLED', 'SURVIVED', 'SURVIVED', 'KILLED', 'KILLED', 'SURVIVED']","[0.137, 0.259, 0.48, 0.991, 0.753, 0.445, 0.576, 0.425, 0.623, 0.063, 0.3, 0.214, 0.83, 0.586, 0.757, 0.725, 0.358, 0.755, 0.6, 0.815, 0.999, 0.873, 0.715, 0.108, 0.213, 0.72, 0.894, 0.342, 0.981, 0.044, 0.255, 0.556, 0.094, 0.332, 0.83, 0.022, 0.166, 0.906, 0.278, 0.302, 0.145, 0.125, 0.097, 0.318, 0.032, 0.193, 0.289, 0.028, 0.567, 0.402, 0.063, 0.756, 0.484, 0.912, 0.748, 0.772, 0.127, 0.259, 0.538, 0.753, 0.63, 0.547, 0.956, 0.729, 0.866, 0.462]"
Csv_5,"['KILLED', 'KILLED', 'KILLED', 'KILLED', 'KILLED', 'SURVIVED']","['KILLED', 'KILLED', 'SURVIVED', 'KILLED', 'SURVIVED', 'SURVIVED']","[0.414, 0.848, 0.105, 0.226, 0.326, 0.185]"
Csv_5,"['KILLED', 'KILLED', 'KILLED', 'KILLED', 'KILLED', 'KILLED']","['SURVIVED', 'SURVIVED', 'SURVIVED', 'SURVIVED', 'KILLED', 'SURVIVED']","[0.696, 0.55, 0.312, 0.507, 0.567, 0.689]"
Csv_5,"['KILLED', 'KILLED', 'KILLED', 'KILLED', 'KILLED', 'KILLED']","['KILLED', 'SURVIVED', 'SURVIVED', 'SURVIVED', 'SURVIVED', 'KILLED']","[0.111, 0.614, 0.722, 0.68, 0.059, 0.687]"
Csv_5,"['KILLED', 'KILLED', 'KILLED', 'KILLED', 'KILLED', 'KILLED']","['SURVIVED', 'SURVIVED', 'KILLED', 'SURVIVED', 'KILLED', 'SURVIVED']","[0.113, 0.474, 0.422, 0.728, 0.227, 0.596]"
Csv_5,"['SURVIVED', 'SURVIVED', 'SURVIVED', 'SURVIVED', 'SURVIVED', 'SURVIVED']","['SURVIVED', 'KILLED', 'SURVIVED', 'SURVIVED', 'KILLED', 'SURVIVED']","[0.976, 0.648, 0.1, 0.579, 0.328, 0.599]"
Csv_5,"['KILLED', 'KILLED', 'KILLED', 'KILLED', 'KILLED', 'SURVIVED']","['SURVIVED', 'SURVIVED', 'KILLED', 'KILLED', 'KILLED', 'SURVIVED']","[0.807, 0.299, 0.971, 0.25, 0.047, 0.921]"
Csv_5,"['KILLED', 'KILLED', 'KILLED', 'KILLED', 'KILLED', 'KILLED']","['SURVIVED', 'SURVIVED', 'SURVIVED', 'SURVIVED', 'SURVIVED', 'SURVIVED']","[0.05, 0.789, 0.262, 0.014, 0.791, 0.311]"
Csv_5,"['SURVIVED', 'SURVIVED', 'SURVIVED', 'SURVIVED', 'SURVIVED', 'SURVIVED']","['SURVIVED', 'SURVIVED', 'SURVIVED', 'SURVIVED', 'SURVIVED', 'KILLED']","[0.571, 0.783, 0.309, 0.319, 0.221, 0.781]"
Csv_5,"['SURVIVED', 'SURVIVED', 'SURVIVED', 'SURVIVED', 'SURVIVED', 'SURVIVED']","['KILLED', 'SURVIVED', 'KILLED', 'KILLED', 'SURVIVED', 'SURVIVED']","[0.799, 0.876, 0.783, 0.854, 0.184, 0.419]"
Csv_5,"['SURVIVED', 'SURVIVED', 'SURVIVED', 'SURVIVED', 'SURVIVED', 'SURVIVED']","['SURVIVED', 'KILLED', 'KILLED', 'SURVIVED', 'SURVIVED', 'SURVIVED']","[0.229, 0.054, 0.695, 0.675, 0.16, 0.187]"
Csv_5,"['KILLED', 'KILLED', 'KILLED', 'KILLED', 'KILLED', 'KILLED']","['KILLED', 'KILLED', 'SURVIVED', 'KILLED', 'SURVIVED', 'SURVIVED']","[0.964, 0.478, 0.657, 0.311, 0.134, 0.316]"
Csv_5,"['KILLED', 'KILLED', 'KILLED', 'KILLED', 'KILLED', 'KILLED']","['KILLED', 'SURVIVED', 'KILLED', 'KILLED', 'KILLED', 'KILLED']","[0.281, 0.983, 0.092, 0.911, 0.852, 0.815]"
Csv_5,"['SURVIVED', 'SURVIVED', 'SURVIVED', 'SURVIVED', 'SURVIVED', 'SURVIVED']","['SURVIVED', 'SURVIVED', 'KILLED', 'KILLED', 'KILLED', 'KILLED']","[0.475, 0.516, 0.396, 0.711, 0.992, 0.128]"
Csv_5,"['SURVIVED', 'SURVIVED', 'SURVIVED', 'SURVIVED', 'SURVIVED', 'SURVIVED']","['KILLED', 'KILLED', 'SURVIVED', 'SURVIVED', 'KILLED', 'SURVIVED']","[0.446, 0.994, 0.409, 0.263, 0.164, 0.812]"
Csv_5,"['KILLED', 'KILLED', 'KILLED', 'KILLED', 'KILLED', 'SURVIVED']","['KILLED', 'KILLED', 'KILLED', 'KILLED', 'KILLED', 'KILLED']","[0.529, 0.229, 0.76, 0.479, 0.228, 0.346]"
Csv_5,"['KILLED', 'KILLED', 'KILLED', 'KILLED', 'KILLED']","['SURVIVED', 'KILLED', 'SURVIVED', 'SURVIVED', 'KILLED']","[0.368, 0.265, 0.514, 0.31, 0.123]"
Csv_5,"['KILLED', 'KILLED', 'KILLED', 'KILLED', 'KILLED']","['KILLED', 'SURVIVED', 'SURVIVED', 'SURVIVED', 'SURVIVED']","[0.047, 0.676, 0.429, 0.306, 0.367]"
Csv_5,"['KILLED', 'KILLED', 'KILLED', 'KILLED', 'KILLED']","['SURVIVED', 'SURVIVED', 'KILLED', 'KILLED', 'KILLED']","[0.111, 0.944, 0.154, 0.713, 0.447]"
Csv_5,"['KILLED', 'KILLED', 'KILLED', 'KILLED', 'KILLED']","['SURVIVED', 'KILLED', 'SURVIVED', 'SURVIVED', 'SURVIVED']","[0.764, 0.243, 0.293, 0.642, 0.742]"
Csv_5,"['KILLED', 'KILLED', 'KILLED', 'KILLED', 'KILLED']","['SURVIVED', 'KILLED', 'KILLED', 'KILLED', 'SURVIVED']","[0.685, 0.82, 0.898, 0.354, 0.013]"
Csv_5,"['KILLED', 'KILLED', 'KILLED', 'KILLED', 'KILLED']","['KILLED', 'KILLED', 'SURVIVED', 'KILLED', 'KILLED']","[0.255, 0.715, 0.194, 0.387, 0.994]"
Csv_5,"['KILLED', 'KILLED', 'KILLED', 'KILLED', 'KILLED']","['KILLED', 'SURVIVED', 'KILLED', 'SURVIVED', 'KILLED']","[0.331, 0.23, 0.306, 0.036, 0.921]"
Csv_5,"['KILLED', 'KILLED', 'KILLED', 'KILLED', 'KILLED', 'KILLED', 'KILLED', 'KILLED', 'KILLED', 'KILLED', 'KILLED', 'KILLED', 'KILLED', 'KILLED', 'KILLED', 'KILLED', 'KILLED', 'KILLED', 'KILLED', 'KILLED', 'KILLED', 'KILLED', 'KILLED', 'KILLED', 'KILLED', 'KILLED', 'KILLED', 'KILLED', 'KILLED', 'KILLED', 'KILLED', 'KILLED', 'KILLED', 'KILLED', 'KILLED', 'KILLED', 'KILLED', 'KILLED', 'KILLED', 'KILLED', 'KILLED', 'KILLED', 'KILLED', 'KILLED', 'KILLED', 'KILLED', 'KILLED', 'KILLED', 'KILLED', 'KILLED', 'KILLED', 'KILLED', 'KILLED', 'KILLED', 'KILLED', 'KILLED', 'KILLED', 'KILLED', 'KILLED', 'SURVIVED', 'SURVIVED', 'SURVIVED', 'SURVIVED', 'SURVIVED', 'SURVIVED']","['KILLED', 'KILLED', 'SURVIVED', 'SURVIVED', 'SURVIVED', 'SURVIVED', 'KILLED', 'SURVIVED', 'SURVIVED', 'KILLED', 'SURVIVED', 'SURVIVED', 'SURVIVED', 'SURVIVED', 'SURVIVED', 'SURVIVED', 'SURVIVED', 'KILLED', 'KILLED', 'SURVIVED', 'KILLED', 'SURVIVED', 'KILLED', 'SURVIVED', 'KILLED', 'KILLED', 'SURVIVED', 'KILLED', 'KILLED', 'KILLED', 'SURVIVED', 'SURVIVED', 'SURVIVED', 'SURVIVED', 'KILLED', 'KILLED', 'SURVIVED', 'SURVIVED', 'SURVIVED', 'KILLED', 'SURVIVED', 'KILLED', 'SURVIVED', 'SURVIVED', 'KILLED', 'SURVIVED', 'SURVIVED', 'KILLED', 'KILLED', 'KILLED', 'SURVIVED', 'SURVIVED', 'KILLED', 'SURVIVED', 'KILLED', 'KILLED', 'KILLED', 'SURVIVED', 'KILLED', 'KILLED', 'KILLED', 'KILLED', 'KILLED', 'KILLED', 'SURVIVED']","[0.03, 0.92, 0.157, 0.882, 0.21, 0.172, 0.867, 0.924, 0.712, 0.557, 0.212, 0.146, 0.045, 0.117, 0.185, 0.176, 0.002, 0.063, 0.522, 0.461, 0.379, 0.045, 0.03, 0.841, 0.597, 0.868, 0.92, 0.677, 0.715, 0.122, 0.548, 0.818, 0.189, 0.384, 0.093, 0.062, 0.725, 0.898, 0.289, 0.319, 0.244, 0.943, 0.59, 0.755, 0.786, 0.276, 0.783, 0.766, 0.55, 0.138, 0.315, 0.409, 0.982, 0.316, 0.676, 0.098, 0.004, 0.733, 0.995, 0.457, 0.752, 0.916, 0.004, 0.817, 0.279]"
Csv_5,"['KILLED', 'KILLED', 'KILLED', 'KILLED', 'KILLED', 'SURVIVED', 'SURVIVED', 'SURVIVED', 'SURVIVED', 'SURVIVED', 'SURVIVED', 'SURVIVED', 'SURVIVED', 'SURVIVED', 'SURVIVED', 'SURVIVED', 'SURVIVED', 'SURVIVED', 'SURVIVED', 'SURVIVED', 'SURVIVED', 'SURVIVED', 'SURVIVED', 'SURVIVED', 'SURVIVED', 'SURVIVED', 'SURVIVED', 'SURVIVED', 'SURVIVED', 'SURVIVED', 'SURVIVED', 'SURVIVED', 'SURVIVED', 'SURVIVED', 'SURVIVED', 'SURVIVED', 'SURVIVED', 'SURVIVED', 'SURVIVED', 'SURVIVED', 'SURVIVED', 'SURVIVED', 'SURVIVED', 'SURVIVED', 'SURVIVED', 'SURVIVED', 'SURVIVED', 'SURVIVED', 'SURVIVED', 'SURVIVED', 'SURVIVED', 'SURVIVED', 'SURVIVED', 'SURVIVED', 'SURVIVED', 'SURVIVED', 'SURVIVED', 'SURVIVED', 'SURVIVED', 'SURVIVED', 'SURVIVED', 'SURVIVED', 'SURVIVED', 'SURVIVED', 'SURVIVED']","['SURVIVED', 'SURVIVED', 'SURVIVED', 'KILLED', 'SURVIVED', 'KILLED', 'KILLED', 'SURVIVED', 'SURVIVED', 'SURVIVED', 'SURVIVED', 'SURVIVED', 'KILLED', 'KILLED', 'KILLED', 'SURVIVED', 'SURVIVED', 'SURVIVED', 'KILLED', 'KILLED', 'KILLED', 'SURVIVED', 'KILLED', 'SURVIVED', 'SURVIVED', 'KILLED', 'SURVIVED', 'SURVIVED', 'SURVIVED', 'KILLED', 'KILLED', 'SURVIVED', 'KILLED', 'SURVIVED', 'SURVIVED', 'KILLED', 'SURVIVED', 'KILLED', 'SURVIVED', 'SURVIVED', 'KILLED', 'SURVIVED', 'SURVIVED', 'KILLED', 'KILLED', 'SURVIVED', 'KILLED', 'SURVIVED', 'SURVIVED', 'KILLED', 'SURVIVED', 'KILLED', 'SURVIVED', 'SURVIVED', 'KILLED', 'SURVIVED', 'SURVIVED', 'KILLED', 'SURVIVED', 'SURVIVED', 'KILLED', 'KILLED', 'KILLED', 'KILLED', 'KILLED']","[0.133, 0.881, 0.764, 0.359, 0.849, 0.631, 0.577, 0.831, 0.187, 0.015, 0.978, 0.553, 0.006, 0.944, 0.897, 0.369, 0.139, 0.073, 0.461, 0.336, 0.314, 0.957, 0.461, 0.457, 0.706, 0.671, 0.138, 0.297, 0.602, 0.784, 0.097, 0.673, 0.835, 0.551, 0.28, 0.609, 0.592, 0.94, 0.436, 0.177, 0.141, 0.943, 0.334, 0.588, 0.449, 0.811, 0.882, 0.913, 0.264, 0.731, 0.266, 0.132, 0.823, 0.347, 0.294, 0.486, 0.835, 0.319, 0.78, 0.126, 0.845, 0.142, 0.845, 0.367, 0.831]"
Csv_5,"['KILLED', 'KILLED', 'KILLED', 'KILLED', 'KILLED', 'SURVIVED', 'SURVIVED', 'SURVIVED', 'SURVIVED', 'SURVIVED', 'SURVIVED', 'SURVIVED', 'SURVIVED', 'SURVIVED', 'SURVIVED', 'SURVIVED', 'SURVIVED', 'SURVIVED', 'SURVIVED', 'SURVIVED', 'SURVIVED', 'SURVIVED', 'SURVIVED', 'SURVIVED', 'SURVIVED', 'SURVIVED', 'SURVIVED', 'SURVIVED', 'SURVIVED', 'SURVIVED', 'SURVIVED', 'SURVIVED', 'SURVIVED', 'SURVIVED', 'SURVIVED', 'SURVIVED', 'SURVIVED', 'SURVIVED', 'SURVIVED', 'SURVIVED', 'SURVIVED', 'SURVIVED', 'SURVIVED', 'SURVIVED', 'SURVIVED', 'SURVIVED', 'SURVIVED', 'SURVIVED', 'SURVIVED', 'SURVIVED', 'SURVIVED', 'SURVIVED', 'SURVIVED', 'SURVIVED', 'SURVIVED', 'SURVIVED', 'SURVIVED', 'SURVIVED', 'SURVIVED', 'SURVIVED', 'SURVIVED', 'SURVIVED', 'SURVIVED', 'SURVIVED', 'SURVIVED']","['KILLED', 'KILLED', 'KILLED', 'SURVIVED', 'KILLED', 'SURVIVED', 'SURVIVED', 'SURVIVED', 'KILLED', 'SURVIVED', 'KILLED', 'KILLED', 'KILLED', 'SURVIVED', 'SURVIVED', 'KILLED', 'KILLED', 'SURVIVED', 'SURVIVED', 'KILLED', 'KILLED', 'KILLED', 'SURVIVED', 'KILLED', 'KILLED', 'SURVIVED', 'SURVIVED', 'KILLED', 'KILLED', 'KILLED', 'SURVIVED', 'KILLED', 'SURVIVED', 'SURVIVED', 'KILLED', 'SURVIVED', 'KILLED', 'KILLED', 'SURVIVED', 'KILLED', 'KILLED', 'KILLED', 'SURVIVED', 'KILLED', 'KILLED', 'SURVIVED', 'KILLED', 'KILLED', 'SURVIVED', 'KILLED', 'SURVIVED', 'KILLED', 'KILLED', 'SURVIVED', 'KILLED', 'SURVIVED', 'KILLED', 'KILLED', 'KILLED', 'KILLED', 'KILLED', 'SURVIVED', 'KILLED', 'SURVIVED', 'SURVIVED']","[0.68, 0.005, 0.484, 0.906, 0.83, 0.654, 0.877, 0.574, 0.312, 0.711, 0.699, 0.227, 0.646, 0.797, 0.522, 0.413, 0.555, 0.213, 0.857, 0.345, 0.595, 0.279, 0.472, 0.116, 0.836, 0.088, 0.624, 0.721, 0.926, 0.977, 0.202, 0.311, 0.538, 0.213, 0.771, 0.773, 0.036, 0.332, 0.154, 0.775, 0.664, 0.403, 0.685, 0.069, 0.892, 0.213, 0.882, 0.791, 0.36, 0.256, 0.764, 0.824, 0.337, 0.918, 0.421, 0.06, 0.862, 0.979, 0.435, 0.745, 0.448, 0.588, 0.219, 0.718, 0.251]"
Csv_5,"['KILLED', 'KILLED', 'KILLED', 'KILLED', 'KILLED', 'KILLED', 'KILLED', 'KILLED', 'KILLED', 'KILLED', 'KILLED', 'KILLED', 'KILLED', 'KILLED', 'KILLED', 'KILLED', 'KILLED', 'KILLED', 'KILLED', 'KILLED', 'KILLED', 'KILLED', 'KILLED', 'KILLED', 'KILLED', 'KILLED', 'KILLED', 'KILLED', 'KILLED', 'SURVIVED', 'SURVIVED', 'SURVIVED', 'SURVIVED', 'SURVIVED', 'SURVIVED', 'SURVIVED', 'SURVIVED', 'SURVIVED', 'SURVIVED', 'SURVIVED', 'SURVIVED', 'SURVIVED', 'SURVIVED', 'SURVIVED', 'SURVIVED', 'SURVIVED', 'SURVIVED', 'SURVIVED', 'SURVIVED', 'SURVIVED', 'SURVIVED', 'SURVIVED', 'SURVIVED', 'SURVIVED', 'SURVIVED', 'SURVIVED', 'SURVIVED', 'SURVIVED', 'SURVIVED', 'SURVIVED', 'SURVIVED', 'SURVIVED', 'SURVIVED', 'SURVIVED', 'SURVIVED']","['SURVIVED', 'KILLED', 'SURVIVED', 'KILLED', 'SURVIVED', 'KILLED', 'SURVIVED', 'SURVIVED', 'SURVIVED', 'KILLED', 'KILLED', 'SURVIVED', 'SURVIVED', 'KILLED', 'SURVIVED', 'SURVIVED', 'SURVIVED', 'KILLED', 'SURVIVED', 'SURVIVED', 'SURVIVED', 'SURVIVED', 'SURVIVED', 'KILLED', 'SURVIVED', 'SURVIVED', 'KILLED', 'KILLED', 'KILLED', 'KILLED', 'KILLED', 'SURVIVED', 'SURVIVED', 'KILLED', 'KILLED', 'SURVIVED', 'SURVIVED', 'KILLED', 'KILLED', 'KILLED', 'KILLED', 'KILLED', 'KILLED', 'SURVIVED', 'SURVIVED', 'KILLED', 'KILLED', 'KILLED', 'SURVIVED', 'SURVIVED', 'SURVIVED', 'SURVIVED', 'KILLED', 'KILLED', 'KILLED', 'KILLED', 'SURVIVED', 'SURVIVED', 'KILLED', 'SURVIVED', 'SURVIVED', 'KILLED', 'KILLED', 'KILLED', 'KILLED']","[0.667, 0.182, 0.901, 0.785, 0.9, 0.357, 0.962, 0.011, 0.86, 0.76, 0.7, 0.051, 0.32, 0.337, 0.863, 0.931, 0.907, 0.347, 0.798, 0.686, 0.588, 0.44, 0.891, 0.34, 0.438, 0.044, 0.835, 0.1, 0.443, 0.191, 0.129, 0.595, 0.05, 0.354, 0.743, 0.674, 0.644, 0.913, 0.666, 0.829, 0.048, 0.983, 0.288, 0.678, 0.216, 0.304, 0.721, 0.203, 0.897, 0.119, 0.277, 0.126, 0.031, 0.215, 0.046, 0.612, 0.972, 0.284, 0.072, 0.3, 0.613, 0.094, 0.221, 0.654, 0.881]"
Csv_5,"['KILLED', 'KILLED', 'KILLED', 'SURVIVED', 'SURVIVED', 'SURVIVED', 'SURVIVED', 'SURVIVED', 'SURVIVED', 'SURVIVED', 'SURVIVED', 'SURVIVED', 'SURVIVED', 'SURVIVED', 'SURVIVED', 'SURVIVED', 'SURVIVED', 'SURVIVED', 'SURVIVED', 'SURVIVED', 'SURVIVED', 'SURVIVED', 'SURVIVED', 'SURVIVED', 'SURVIVED', 'SURVIVED', 'SURVIVED', 'SURVIVED', 'SURVIVED', 'SURVIVED', 'SURVIVED', 'SURVIVED', 'SURVIVED', 'SURVIVED', 'SURVIVED', 'SURVIVED', 'SURVIVED', 'SURVIVED', 'SURVIVED', 'SURVIVED', 'SURVIVED', 'SURVIVED', 'SURVIVED', 'SURVIVED', 'SURVIVED', 'SURVIVED', 'SURVIVED', 'SURVIVED', 'SURVIVED', 'SURVIVED', 'SURVIVED', 'SURVIVED', 'SURVIVED', 'SURVIVED', 'SURVIVED', 'SURVIVED', 'SURVIVED', 'SURVIVED', 'SURVIVED', 'SURVIVED', 'SURVIVED', 'SURVIVED', 'SURVIVED', 'SURVIVED', 'SURVIVED']","['KILLED', 'SURVIVED', 'SURVIVED', 'KILLED', 'SURVIVED', 'SURVIVED', 'KILLED', 'KILLED', 'SURVIVED', 'SURVIVED', 'KILLED', 'KILLED', 'KILLED', 'SURVIVED', 'SURVIVED', 'KILLED', 'KILLED', 'SURVIVED', 'SURVIVED', 'KILLED', 'KILLED', 'SURVIVED', 'SURVIVED', 'SURVIVED', 'SURVIVED', 'KILLED', 'KILLED', 'SURVIVED', 'SURVIVED', 'KILLED', 'KILLED', 'KILLED', 'SURVIVED', 'SURVIVED', 'SURVIVED', 'KILLED', 'KILLED', 'KILLED', 'SURVIVED', 'SURVIVED', 'SURVIVED', 'SURVIVED', 'KILLED', 'SURVIVED', 'SURVIVED', 'KILLED', 'KILLED', 'KILLED', 'SURVIVED', 'KILLED', 'KILLED', 'SURVIVED', 'KILLED', 'SURVIVED', 'SURVIVED', 'SURVIVED', 'KILLED', 'SURVIVED', 'KILLED', 'SURVIVED', 'KILLED', 'SURVIVED', 'SURVIVED', 'KILLED', 'KILLED']","[0.628, 0.661, 0.573, 0.779, 0.219, 0.221, 0.331, 0.095, 0.015, 0.787, 0.571, 0.643, 0.892, 0.839, 0.046, 0.244, 0.637, 0.959, 0.556, 0.414, 0.253, 0.014, 0.886, 0.117, 0.384, 0.444, 0.795, 0.616, 0.006, 0.896, 0.335, 0.975, 0.912, 0.334, 0.876, 0.563, 0.79, 0.543, 0.323, 0.566, 0.186, 0.171, 0.737, 0.771, 0.312, 0.395, 0.231, 0.843, 0.419, 0.804, 0.179, 0.008, 0.694, 0.458, 0.354, 0.187, 0.256, 0.983, 0.89, 0.695, 0.126, 0.907, 0.115, 0.801, 0.842]"
Csv_5,"['KILLED', 'KILLED', 'KILLED', 'KILLED', 'KILLED', 'KILLED', 'KILLED', 'KILLED', 'KILLED', 'KILLED', 'KILLED', 'KILLED', 'KILLED', 'KILLED', 'KILLED', 'KILLED', 'KILLED', 'KILLED', 'KILLED', 'KILLED', 'KILLED', 'KILLED', 'KILLED', 'KILLED', 'KILLED', 'KILLED', 'KILLED', 'KILLED', 'KILLED', 'SURVIVED', 'SURVIVED', 'SURVIVED', 'SURVIVED', 'SURVIVED', 'SURVIVED', 'SURVIVED', 'SURVIVED', 'SURVIVED', 'SURVIVED', 'SURVIVED', 'SURVIVED', 'SURVIVED', 'SURVIVED', 'SURVIVED', 'SURVIVED', 'SURVIVED', 'SURVIVED', 'SURVIVED', 'SURVIVED', 'SURVIVED', 'SURVIVED', 'SURVIVED', 'SURVIVED', 'SURVIVED', 'SURVIVED', 'SURVIVED', 'SURVIVED', 'SURVIVED', 'SURVIVED', 'SURVIVED', 'SURVIVED', 'SURVIVED', 'SURVIVED', 'SURVIVED', 'SURVIVED']","['KILLED', 'KILLED', 'KILLED', 'KILLED', 'SURVIVED', 'KILLED', 'KILLED', 'KILLED', 'KILLED', 'SURVIVED', 'KILLED', 'SURVIVED', 'KILLED', 'SURVIVED', 'KILLED', 'SURVIVED', 'KILLED', 'KILLED', 'SURVIVED', 'KILLED', 'SURVIVED', 'SURVIVED', 'KILLED', 'SURVIVED', 'SURVIVED', 'SURVIVED', 'KILLED', 'KILLED', 'SURVIVED', 'KILLED', 'KILLED', 'SURVIVED', 'KILLED', 'SURVIVED', 'KILLED', 'KILLED', 'SURVIVED', 'KILLED', 'SURVIVED', 'KILLED', 'SURVIVED', 'SURVIVED', 'SURVIVED', 'KILLED', 'KILLED', 'KILLED', 'KILLED', 'SURVIVED', 'KILLED', 'KILLED', 'KILLED', 'KILLED', 'KILLED', 'SURVIVED', 'KILLED', 'KILLED', 'KILLED', 'KILLED', 'KILLED', 'SURVIVED', 'KILLED', 'SURVIVED', 'SURVIVED', 'SURVIVED', 'SURVIVED']","[0.655, 0.731, 0.925, 0.86, 0.748, 0.066, 0.974, 0.957, 0.577, 0.711, 0.701, 0.673, 0.736, 0.735, 0.128, 0.634, 0.979, 0.277, 0.714, 0.149, 0.852, 0.131, 0.439, 0.359, 0.93, 0.695, 0.103, 0.373, 0.194, 0.899, 0.759, 0.503, 0.418, 0.886, 0.407, 0.396, 0.003, 0.984, 0.057, 0.715, 0.595, 0.935, 0.44, 0.46, 0.398, 0.585, 0.611, 0.224, 0.768, 0.684, 0.652, 0.991, 0.09, 0.683, 0.813, 0.978, 0.074, 0.299, 0.865, 0.041, 0.945, 0.582, 0.956, 0.218, 0.944]"
Csv_5,"['KILLED', 'KILLED', 'KILLED', 'KILLED', 'KILLED', 'SURVIVED', 'SURVIVED', 'SURVIVED', 'SURVIVED', 'SURVIVED', 'SURVIVED', 'SURVIVED', 'SURVIVED', 'SURVIVED', 'SURVIVED', 'SURVIVED', 'SURVIVED', 'SURVIVED', 'SURVIVED', 'SURVIVED', 'SURVIVED', 'SURVIVED', 'SURVIVED', 'SURVIVED', 'SURVIVED', 'SURVIVED', 'SURVIVED', 'SURVIVED', 'SURVIVED', 'SURVIVED', 'SURVIVED', 'SURVIVED', 'SURVIVED', 'SURVIVED', 'SURVIVED', 'SURVIVED', 'SURVIVED', 'SURVIVED', 'SURVIVED', 'SURVIVED', 'SURVIVED', 'SURVIVED', 'SURVIVED', 'SURVIVED', 'SURVIVED', 'SURVIVED', 'SURVIVED', 'SURVIVED', 'SURVIVED', 'SURVIVED', 'SURVIVED', 'SURVIVED', 'SURVIVED', 'SURVIVED', 'SURVIVED', 'SURVIVED', 'SURVIVED', 'SURVIVED', 'SURVIVED', 'SURVIVED', 'SURVIVED', 'SURVIVED', 'SURVIVED', 'SURVIVED', 'SURVIVED']","['KILLED', 'SURVIVED', 'KILLED', 'SURVIVED', 'KILLED', 'SURVIVED', 'SURVIVED', 'KILLED', 'KILLED', 'KILLED', 'KILLED', 'KILLED', 'SURVIVED', 'SURVIVED', 'KILLED', 'KILLED', 'SURVIVED', 'SURVIVED', 'SURVIVED', 'SURVIVED', 'SURVIVED', 'SURVIVED', 'KILLED', 'SURVIVED', 'KILLED', 'SURVIVED', 'KILLED', 'KILLED', 'SURVIVED', 'SURVIVED', 'SURVIVED', 'KILLED', 'SURVIVED', 'SURVIVED', 'SURVIVED', 'SURVIVED', 'KILLED', 'SURVIVED', 'SURVIVED', 'SURVIVED', 'KILLED', 'SURVIVED', 'KILLED', 'KILLED', 'SURVIVED', 'SURVIVED', 'KILLED', 'SURVIVED', 'SURVIVED', 'KILLED', 'SURVIVED', 'KILLED', 'KILLED', 'KILLED', 'SURVIVED', 'KILLED', 'SURVIVED', 'KILLED', 'KILLED', 'SURVIVED', 'KILLED', 'SURVIVED', 'KILLED', 'SURVIVED', 'KILLED']","[0.92, 0.739, 0.941, 0.555, 0.321, 0.674, 0.101, 0.515, 0.513, 0.886, 0.039, 0.735, 0.949, 0.594, 0.687, 0.098, 0.623, 0.408, 0.639, 0.724, 0.907, 0.711, 0.658, 0.571, 0.38, 0.221, 0.56, 0.805, 0.887, 0.72, 0.962, 0.282, 0.461, 0.958, 0.889, 0.667, 0.365, 0.236, 0.246, 0.949, 0.949, 0.035, 0.69, 0.078, 0.706, 0.366, 0.668, 0.5, 0.028, 0.98, 0.267, 0.864, 0.778, 0.39, 0.69, 0.675, 0.499, 0.796, 0.401, 0.712, 0.721, 0.99, 0.722, 0.943, 0.916]"
Csv_5,"['SURVIVED', 'SURVIVED', 'SURVIVED', 'SURVIVED', 'SURVIVED', 'SURVIVED', 'SURVIVED', 'SURVIVED', 'SURVIVED', 'SURVIVED', 'SURVIVED', 'SURVIVED', 'SURVIVED', 'SURVIVED', 'SURVIVED', 'SURVIVED', 'SURVIVED', 'SURVIVED', 'SURVIVED']","['SURVIVED', 'KILLED', 'SURVIVED', 'KILLED', 'SURVIVED', 'SURVIVED', 'SURVIVED', 'SURVIVED', 'SURVIVED', 'SURVIVED', 'SURVIVED', 'KILLED', 'SURVIVED', 'KILLED', 'SURVIVED', 'KILLED', 'KILLED', 'KILLED', 'SURVIVED']","[0.286, 0.022, 0.698, 0.008, 0.332, 0.839, 0.618, 0.94, 0.508, 0.815, 0.185, 0.399, 0.143, 0.787, 0.371, 0.381, 0.302, 0.447, 0.113]"
Csv_5,"['KILLED', 'KILLED', 'KILLED', 'KILLED', 'KILLED', 'SURVIVED', 'SURVIVED', 'SURVIVED', 'SURVIVED', 'SURVIVED', 'SURVIVED', 'SURVIVED', 'SURVIVED', 'SURVIVED', 'SURVIVED', 'SURVIVED', 'SURVIVED', 'SURVIVED', 'SURVIVED']","['KILLED', 'KILLED', 'SURVIVED', 'SURVIVED', 'KILLED', 'KILLED', 'SURVIVED', 'KILLED', 'SURVIVED', 'KILLED', 'SURVIVED', 'KILLED', 'SURVIVED', 'KILLED', 'SURVIVED', 'KILLED', 'KILLED', 'KILLED', 'SURVIVED']","[0.817, 0.301, 0.317, 0.309, 0.718, 0.056, 0.567, 0.22, 0.77, 0.226, 0.961, 0.681, 0.018, 0.534, 0.686, 0.122, 0.94, 0.822, 0.92]"
Csv_5,"['KILLED', 'KILLED', 'KILLED', 'KILLED', 'KILLED', 'SURVIVED', 'SURVIVED', 'SURVIVED', 'SURVIVED', 'SURVIVED', 'SURVIVED', 'SURVIVED', 'SURVIVED', 'SURVIVED', 'SURVIVED', 'SURVIVED', 'SURVIVED', 'SURVIVED', 'SURVIVED']","['KILLED', 'KILLED', 'KILLED', 'SURVIVED', 'SURVIVED', 'KILLED', 'SURVIVED', 'SURVIVED', 'KILLED', 'KILLED', 'SURVIVED', 'SURVIVED', 'KILLED', 'SURVIVED', 'SURVIVED', 'SURVIVED', 'SURVIVED', 'SURVIVED', 'KILLED']","[0.112, 0.194, 0.965, 0.87, 0.934, 0.677, 0.692, 0.411, 0.341, 0.742, 0.148, 0.905, 0.463, 0.132, 0.43, 0.682, 0.407, 0.195, 0.003]"
Csv_5,"['KILLED', 'KILLED', 'SURVIVED', 'SURVIVED', 'SURVIVED', 'SURVIVED']","['SURVIVED', 'KILLED', 'KILLED', 'SURVIVED', 'KILLED', 'SURVIVED']","[0.932, 0.063, 0.928, 0.367, 0.649, 0.658]"
Csv_5,"['KILLED', 'KILLED', 'KILLED', 'KILLED', 'KILLED', 'KILLED']","['KILLED', 'KILLED', 'KILLED', 'KILLED', 'SURVIVED', 'KILLED']","[0.729, 0.066, 0.186, 0.463, 0.847, 0.195]"
Csv_5,"['KILLED', 'KILLED', 'KILLED', 'KILLED', 'KILLED', 'KILLED']","['SURVIVED', 'KILLED', 'SURVIVED', 'KILLED', 'KILLED', 'KILLED']","[0.763, 0.529, 0.628, 0.087, 0.993, 0.908]"
Csv_5,"['KILLED', 'SURVIVED', 'SURVIVED', 'SURVIVED', 'SURVIVED', 'SURVIVED']","['KILLED', 'KILLED', 'KILLED', 'SURVIVED', 'SURVIVED', 'SURVIVED']","[0.709, 0.518, 0.391, 0.906, 0.027, 0.645]"
Csv_5,"['KILLED', 'SURVIVED', 'SURVIVED', 'SURVIVED', 'SURVIVED', 'SURVIVED', 'SURVIVED', 'SURVIVED', 'SURVIVED', 'SURVIVED', 'SURVIVED', 'SURVIVED', 'SURVIVED', 'SURVIVED', 'SURVIVED', 'SURVIVED', 'SURVIVED', 'SURVIVED', 'SURVIVED', 'SURVIVED', 'SURVIVED', 'SURVIVED', 'SURVIVED', 'SURVIVED', 'SURVIVED', 'SURVIVED', 'SURVIVED', 'SURVIVED', 'SURVIVED', 'SURVIVED', 'SURVIVED', 'SURVIVED', 'SURVIVED', 'SURVIVED', 'SURVIVED', 'SURVIVED', 'SURVIVED', 'SURVIVED', 'SURVIVED', 'SURVIVED', 'SURVIVED', 'SURVIVED', 'SURVIVED', 'SURVIVED', 'SURVIVED', 'SURVIVED', 'SURVIVED', 'SURVIVED', 'SURVIVED', 'SURVIVED', 'SURVIVED', 'SURVIVED', 'SURVIVED', 'SURVIVED', 'SURVIVED', 'SURVIVED', 'SURVIVED', 'SURVIVED', 'SURVIVED', 'SURVIVED', 'SURVIVED', 'SURVIVED', 'SURVIVED']","['SURVIVED', 'KILLED', 'SURVIVED', 'KILLED', 'SURVIVED', 'SURVIVED', 'KILLED', 'KILLED', 'KILLED', 'KILLED', 'KILLED', 'SURVIVED', 'KILLED', 'KILLED', 'KILLED', 'KILLED', 'SURVIVED', 'SURVIVED', 'SURVIVED', 'KILLED', 'SURVIVED', 'KILLED', 'KILLED', 'KILLED', 'SURVIVED', 'SURVIVED', 'KILLED', 'SURVIVED', 'KILLED', 'SURVIVED', 'SURVIVED', 'KILLED', 'KILLED', 'SURVIVED', 'KILLED', 'KILLED', 'SURVIVED', 'SURVIVED', 'KILLED', 'KILLED', 'KILLED', 'SURVIVED', 'KILLED', 'KILLED', 'KILLED', 'SURVIVED', 'KILLED', 'KILLED', 'SURVIVED', 'KILLED', 'SURVIVED', 'KILLED', 'KILLED', 'KILLED', 'SURVIVED', 'SURVIVED', 'SURVIVED', 'SURVIVED', 'SURVIVED', 'SURVIVED', 'KILLED', 'SURVIVED', 'SURVIVED']","[0.754, 0.131, 0.21, 0.97, 0.217, 0.691, 0.153, 0.952, 0.92, 0.508, 0.635, 0.754, 0.292, 0.997, 0.346, 0.99, 0.858, 0.566, 0.717, 0.665, 0.685, 0.86, 0.179, 0.958, 0.405, 0.377, 0.821, 0.618, 0.993, 0.211, 0.656, 0.9, 0.242, 0.897, 0.79, 0.479, 0.799, 0.067, 0.648, 0.532, 0.272, 0.684, 0.492, 0.105, 0.236, 0.486, 0.315, 0.857, 0.95, 0.772, 0.653, 0.324, 0.014, 0.66, 0.22, 0.385, 0.401, 0.057, 0.785, 0.664, 0.229, 0.828, 0.474]"
Csv_5,"['KILLED', 'SURVIVED', 'SURVIVED', 'SURVIVED', 'SURVIVED', 'SURVIVED', 'SURVIVED', 'SURVIVED', 'SURVIVED', 'SURVIVED', 'SURVIVED', 'SURVIVED', 'SURVIVED', 'SURVIVED', 'SURVIVED', 'SURVIVED', 'SURVIVED', 'SURVIVED', 'SURVIVED', 'SURVIVED', 'SURVIVED', 'SURVIVED', 'SURVIVED', 'SURVIVED', 'SURVIVED', 'SURVIVED', 'SURVIVED', 'SURVIVED', 'SURVIVED', 'SURVIVED', 'SURVIVED', 'SURVIVED', 'SURVIVED', 'SURVIVED', 'SURVIVED', 'SURVIVED', 'SURVIVED', 'SURVIVED', 'SURVIVED', 'SURVIVED', 'SURVIVED', 'SURVIVED', 'SURVIVED', 'SURVIVED', 'SURVIVED', 'SURVIVED', 'SURVIVED', 'SURVIVED', 'SURVIVED', 'SURVIVED', 'SURVIVED', 'SURVIVED', 'SURVIVED', 'SURVIVED', 'SURVIVED', 'SURVIVED', 'SURVIVED', 'SURVIVED', 'SURVIVED', 'SURVIVED', 'SURVIVED', 'SURVIVED', 'SURVIVED']","['SURVIVED', 'SURVIVED', 'KILLED', 'SURVIVED', 'SURVIVED', 'SURVIVED', 'KILLED', 'SURVIVED', 'SURVIVED', 'SURVIVED', 'KILLED', 'KILLED', 'KILLED', 'SURVIVED', 'KILLED', 'SURVIVED', 'SURVIVED', 'KILLED', 'KILLED', 'SURVIVED', 'SURVIVED', 'SURVIVED', 'SURVIVED', 'KILLED', 'KILLED', 'SURVIVED', 'KILLED', 'SURVIVED', 'SURVIVED', 'SURVIVED', 'SURVIVED', 'KILLED', 'KILLED', 'SURVIVED', 'KILLED', 'KILLED', 'KILLED', 'SURVIVED', 'KILLED', 'SURVIVED', 'KILLED', 'KILLED', 'KILLED', 'SURVIVED', 'KILLED', 'KILLED', 'KILLED', 'KILLED', 'SURVIVED', 'KILLED', 'KILLED', 'KILLED', 'SURVIVED', 'SURVIVED', 'SURVIVED', 'SURVIVED', 'SURVIVED', 'KILLED', 'SURVIVED', 'KILLED', 'KILLED', 'KILLED', 'SURVIVED']","[0.491, 0.484, 0.08, 0.602, 0.77, 0.132, 0.652, 0.675, 0.028, 0.959, 0.695, 0.964, 0.535, 0.475, 0.545, 0.352, 0.841, 0.936, 0.941, 0.685, 0.9, 0.698, 0.309, 0.115, 0.092, 0.77, 0.329, 0.188, 0.954, 0.672, 0.786, 0.637, 0.182, 0.125, 0.046, 0.121, 0.069, 0.842, 0.775, 0.486, 0.378, 0.993, 0.563, 0.456, 0.922, 0.48, 0.711, 0.001, 0.421, 0.561, 0.396, 0.309, 0.665, 0.435, 0.401, 0.572, 0.593, 0.923, 0.885, 0.089, 0.816, 0.386, 0.348]"
Csv_5,"['KILLED', 'KILLED', 'KILLED', 'KILLED', 'KILLED', 'KILLED', 'KILLED', 'SURVIVED', 'SURVIVED', 'SURVIVED', 'SURVIVED', 'SURVIVED', 'SURVIVED', 'SURVIVED', 'SURVIVED', 'SURVIVED', 'SURVIVED', 'SURVIVED', 'SURVIVED', 'SURVIVED', 'SURVIVED', 'SURVIVED', 'SURVIVED', 'SURVIVED', 'SURVIVED', 'SURVIVED', 'SURVIVED', 'SURVIVED', 'SURVIVED', 'SURVIVED', 'SURVIVED', 'SURVIVED', 'SURVIVED', 'SURVIVED', 'SURVIVED', 'SURVIVED', 'SURVIVED', 'SURVIVED', 'SURVIVED', 'SURVIVED', 'SURVIVED', 'SURVIVED', 'SURVIVED', 'SURVIVED', 'SURVIVED', 'SURVIVED', 'SURVIVED', 'SURVIVED', 'SURVIVED', 'SURVIVED', 'SURVIVED', 'SURVIVED', 'SURVIVED', 'SURVIVED', 'SURVIVED', 'SURVIVED', 'SURVIVED', 'SURVIVED', 'SURVIVED', 'SURVIVED', 'SURVIVED', 'SURVIVED', 'SURVIVED']","['KILLED', 'SURVIVED', 'SURVIVED', 'KILLED', 'KILLED', 'SURVIVED', 'KILLED', 'SURVIVED', 'SURVIVED', 'KILLED', 'SURVIVED', 'KILLED', 'KILLED', 'SURVIVED', 'SURVIVED', 'SURVIVED', 'KILLED', 'SURVIVED', 'SURVIVED', 'KILLED', 'KILLED', 'SURVIVED', 'KILLED', 'SURVIVED', 'KILLED', 'SURVIVED', 'KILLED', 'KILLED', 'SURVIVED', 'SURVIVED', 'KILLED', 'KILLED', 'SURVIVED', 'SURVIVED', 'KILLED', 'KILLED', 'KILLED', 'SURVIVED', 'SURVIVED', 'KILLED', 'SURVIVED', 'SURVIVED', 'KILLED', 'KILLED', 'SURVIVED', 'SURVIVED', 'SURVIVED', 'SURVIVED', 'SURVIVED', 'SURVIVED', 'SURVIVED', 'SURVIVED', 'KILLED', 'SURVIVED', 'SURVIVED', 'SURVIVED', 'SURVIVED', 'KILLED', 'SURVIVED', 'SURVIVED', 'KILLED', 'SURVIVED', 'KILLED']","[0.396, 0.928, 0.589, 0.753, 0.242, 0.706, 0.858, 0.276, 0.451, 0.226, 0.881, 0.877, 0.264, 0.526, 0.676, 0.657, 0.561, 0.146, 0.048, 0.328, 0.42, 0.605, 0.477, 0.935, 0.988, 0.669, 0.533, 0.771, 0.522, 0.858, 0.27, 0.249, 0.104, 0.008, 0.894, 0.571, 0.129, 0.691, 0.115, 0.479, 0.043, 0.327, 0.899, 0.519, 0.193, 0.63, 0.784, 0.371, 0.473, 0.586, 0.859, 0.126, 0.244, 0.043, 0.278, 0.433, 0.304, 0.929, 0.148, 0.611, 0.567, 0.823, 0.141]"
Csv_5,"['KILLED', 'KILLED', 'KILLED', 'KILLED', 'KILLED', 'KILLED', 'KILLED', 'KILLED', 'KILLED', 'KILLED', 'KILLED', 'KILLED', 'KILLED', 'SURVIVED', 'SURVIVED', 'SURVIVED', 'SURVIVED', 'SURVIVED', 'SURVIVED', 'SURVIVED', 'SURVIVED', 'SURVIVED', 'SURVIVED', 'SURVIVED', 'SURVIVED', 'SURVIVED', 'SURVIVED', 'SURVIVED', 'SURVIVED', 'SURVIVED', 'SURVIVED', 'SURVIVED', 'SURVIVED', 'SURVIVED', 'SURVIVED', 'SURVIVED', 'SURVIVED', 'SURVIVED', 'SURVIVED', 'SURVIVED', 'SURVIVED', 'SURVIVED', 'SURVIVED', 'SURVIVED', 'SURVIVED', 'SURVIVED', 'SURVIVED', 'SURVIVED', 'SURVIVED', 'SURVIVED', 'SURVIVED', 'SURVIVED', 'SURVIVED', 'SURVIVED', 'SURVIVED', 'SURVIVED', 'SURVIVED', 'SURVIVED', 'SURVIVED', 'SURVIVED', 'SURVIVED', 'SURVIVED', 'SURVIVED']","['SURVIVED', 'KILLED', 'KILLED', 'KILLED', 'KILLED', 'SURVIVED', 'SURVIVED', 'SURVIVED', 'SURVIVED', 'SURVIVED', 'KILLED', 'SURVIVED', 'SURVIVED', 'SURVIVED', 'KILLED', 'SURVIVED', 'KILLED', 'KILLED', 'KILLED', 'SURVIVED', 'SURVIVED', 'SURVIVED', 'KILLED', 'SURVIVED', 'SURVIVED', 'SURVIVED', 'SURVIVED', 'KILLED', 'KILLED', 'KILLED', 'KILLED', 'SURVIVED', 'KILLED', 'KILLED', 'SURVIVED', 'KILLED', 'KILLED', 'SURVIVED', 'KILLED', 'KILLED', 'KILLED', 'KILLED', 'KILLED', 'SURVIVED', 'SURVIVED', 'SURVIVED', 'KILLED', 'SURVIVED', 'SURVIVED', 'KILLED', 'KILLED', 'KILLED', 'SURVIVED', 'KILLED', 'SURVIVED', 'SURVIVED', 'SURVIVED', 'KILLED', 'KILLED', 'SURVIVED', 'KILLED', 'SURVIVED', 'SURVIVED']","[0.753, 0.959, 0.153, 0.805, 0.09, 0.663, 0.487, 0.889, 0.064, 0.263, 0.994, 0.302, 0.841, 0.058, 0.228, 0.794, 0.835, 0.947, 0.163, 0.815, 0.61, 0.28, 0.391, 0.181, 0.752, 0.73, 0.754, 0.759, 0.199, 0.133, 0.994, 0.624, 0.234, 0.136, 0.134, 0.401, 0.992, 0.216, 0.878, 0.23, 0.219, 0.254, 0.468, 0.068, 0.692, 0.67, 0.428, 0.456, 0.933, 0.011, 0.856, 0.142, 0.478, 0.61, 0.751, 0.315, 0.899, 0.057, 0.278, 0.37, 0.056, 0.942, 0.173]"
Csv_5,"['SURVIVED', 'SURVIVED', 'SURVIVED', 'SURVIVED', 'SURVIVED', 'SURVIVED', 'SURVIVED', 'SURVIVED', 'SURVIVED', 'SURVIVED', 'SURVIVED', 'SURVIVED', 'SURVIVED', 'SURVIVED', 'SURVIVED', 'SURVIVED', 'SURVIVED', 'SURVIVED', 'SURVIVED', 'SURVIVED', 'SURVIVED', 'SURVIVED', 'SURVIVED', 'SURVIVED', 'SURVIVED', 'SURVIVED', 'SURVIVED', 'SURVIVED', 'SURVIVED', 'SURVIVED', 'SURVIVED', 'SURVIVED', 'SURVIVED', 'SURVIVED', 'SURVIVED', 'SURVIVED', 'SURVIVED', 'SURVIVED', 'SURVIVED', 'SURVIVED', 'SURVIVED', 'SURVIVED', 'SURVIVED', 'SURVIVED', 'SURVIVED', 'SURVIVED', 'SURVIVED', 'SURVIVED', 'SURVIVED', 'SURVIVED', 'SURVIVED', 'SURVIVED', 'SURVIVED', 'SURVIVED', 'SURVIVED', 'SURVIVED', 'SURVIVED', 'SURVIVED', 'SURVIVED', 'SURVIVED', 'SURVIVED', 'SURVIVED', 'SURVIVED']","['KILLED', 'SURVIVED', 'SURVIVED', 'KILLED', 'KILLED', 'KILLED', 'KILLED', 'SURVIVED', 'KILLED', 'KILLED', 'KILLED', 'SURVIVED', 'SURVIVED', 'KILLED', 'KILLED', 'KILLED', 'SURVIVED', 'KILLED', 'KILLED', 'KILLED', 'SURVIVED', 'KILLED', 'SURVIVED', 'KILLED', 'SURVIVED', 'SURVIVED', 'SURVIVED', 'SURVIVED', 'KILLED', 'SURVIVED', 'SURVIVED', 'SURVIVED', 'SURVIVED', 'SURVIVED', 'KILLED', 'KILLED', 'SURVIVED', 'KILLED', 'SURVIVED', 'SURVIVED', 'KILLED', 'SURVIVED', 'KILLED', 'SURVIVED', 'KILLED', 'SURVIVED', 'KILLED', 'KILLED', 'KILLED', 'SURVIVED', 'KILLED', 'SURVIVED', 'SURVIVED', 'SURVIVED', 'SURVIVED', 'SURVIVED', 'KILLED', 'KILLED', 'SURVIVED', 'KILLED', 'KILLED', 'SURVIVED', 'KILLED']","[0.794, 0.1, 0.085, 0.979, 0.119, 0.458, 0.514, 0.236, 0.347, 0.688, 0.416, 0.918, 0.614, 0.67, 0.891, 0.899, 0.454, 0.049, 0.824, 0.291, 0.036, 0.629, 0.226, 0.151, 0.104, 0.972, 0.617, 0.694, 0.178, 0.318, 0.886, 0.764, 0.494, 0.173, 0.142, 0.492, 0.388, 0.255, 0.22, 0.454, 0.164, 0.361, 0.289, 0.144, 0.376, 0.377, 0.321, 0.811, 0.591, 0.646, 0.85, 0.192, 0.195, 0.736, 0.692, 0.816, 0.202, 0.29, 0.302, 0.877, 0.834, 0.305, 0.841]"
Csv_5,"['KILLED', 'KILLED', 'SURVIVED', 'SURVIVED', 'SURVIVED', 'SURVIVED', 'SURVIVED', 'SURVIVED', 'SURVIVED', 'SURVIVED', 'SURVIVED', 'SURVIVED', 'SURVIVED', 'SURVIVED', 'SURVIVED', 'SURVIVED', 'SURVIVED', 'SURVIVED', 'SURVIVED', 'SURVIVED', 'SURVIVED', 'SURVIVED', 'SURVIVED', 'SURVIVED', 'SURVIVED', 'SURVIVED', 'SURVIVED', 'SURVIVED', 'SURVIVED', 'SURVIVED', 'SURVIVED', 'SURVIVED', 'SURVIVED', 'SURVIVED', 'SURVIVED', 'SURVIVED', 'SURVIVED', 'SURVIVED', 'SURVIVED', 'SURVIVED', 'SURVIVED', 'SURVIVED', 'SURVIVED', 'SURVIVED', 'SURVIVED', 'SURVIVED', 'SURVIVED', 'SURVIVED', 'SURVIVED', 'SURVIVED', 'SURVIVED', 'SURVIVED', 'SURVIVED', 'SURVIVED', 'SURVIVED', 'SURVIVED', 'SURVIVED', 'SURVIVED', 'SURVIVED', 'SURVIVED', 'SURVIVED', 'SURVIVED', 'SURVIVED']","['SURVIVED', 'SURVIVED', 'KILLED', 'SURVIVED', 'SURVIVED', 'KILLED', 'KILLED', 'KILLED', 'SURVIVED', 'SURVIVED', 'SURVIVED', 'KILLED', 'SURVIVED', 'KILLED', 'SURVIVED', 'SURVIVED', 'SURVIVED', 'KILLED', 'SURVIVED', 'SURVIVED', 'KILLED', 'KILLED', 'SURVIVED', 'SURVIVED', 'KILLED', 'SURVIVED', 'KILLED', 'SURVIVED', 'SURVIVED', 'SURVIVED', 'SURVIVED', 'KILLED', 'KILLED', 'SURVIVED', 'KILLED', 'KILLED', 'SURVIVED', 'KILLED', 'SURVIVED', 'SURVIVED', 'KILLED', 'KILLED', 'KILLED', 'KILLED', 'SURVIVED', 'KILLED', 'KILLED', 'SURVIVED', 'KILLED', 'KILLED', 'SURVIVED', 'SURVIVED', 'KILLED', 'KILLED', 'KILLED', 'SURVIVED', 'SURVIVED', 'SURVIVED', 'KILLED', 'SURVIVED', 'KILLED', 'SURVIVED', 'KILLED']","[0.646, 0.172, 0.622, 0.297, 0.764, 0.18, 0.431, 0.076, 0.663, 0.624, 0.027, 0.669, 0.34, 0.195, 0.724, 0.223, 0.538, 0.851, 0.044, 0.574, 0.852, 0.224, 0.856, 0.064, 0.642, 0.177, 0.152, 0.95, 0.173, 0.076, 0.749, 0.511, 0.912, 0.113, 0.372, 0.154, 0.435, 0.417, 0.5, 0.401, 0.894, 0.104, 0.583, 0.531, 0.262, 0.537, 0.389, 0.989, 0.75, 0.837, 0.674, 0.043, 0.388, 0.57, 0.502, 0.932, 0.442, 0.524, 0.245, 0.314, 0.327, 0.737, 0.388]"
Csv_5,"['KILLED', 'KILLED', 'KILLED', 'KILLED', 'KILLED', 'KILLED', 'KILLED', 'SURVIVED', 'SURVIVED', 'SURVIVED', 'SURVIVED', 'SURVIVED', 'SURVIVED', 'SURVIVED', 'SURVIVED', 'SURVIVED', 'SURVIVED', 'SURVIVED', 'SURVIVED', 'SURVIVED', 'SURVIVED', 'SURVIVED', 'SURVIVED', 'SURVIVED', 'SURVIVED', 'SURVIVED', 'SURVIVED', 'SURVIVED', 'SURVIVED', 'SURVIVED', 'SURVIVED', 'SURVIVED', 'SURVIVED', 'SURVIVED', 'SURVIVED', 'SURVIVED', 'SURVIVED', 'SURVIVED', 'SURVIVED', 'SURVIVED', 'SURVIVED', 'SURVIVED', 'SURVIVED', 'SURVIVED', 'SURVIVED', 'SURVIVED', 'SURVIVED', 'SURVIVED', 'SURVIVED', 'SURVIVED', 'SURVIVED', 'SURVIVED', 'SURVIVED', 'SURVIVED', 'SURVIVED', 'SURVIVED', 'SURVIVED', 'SURVIVED', 'SURVIVED', 'SURVIVED', 'SURVIVED', 'SURVIVED', 'SURVIVED']","['SURVIVED', 'SURVIVED', 'SURVIVED', 'SURVIVED', 'KILLED', 'SURVIVED', 'KILLED', 'KILLED', 'SURVIVED', 'KILLED', 'KILLED', 'KILLED', 'SURVIVED', 'KILLED', 'KILLED', 'KILLED', 'KILLED', 'KILLED', 'KILLED', 'SURVIVED', 'KILLED', 'KILLED', 'SURVIVED', 'KILLED', 'SURVIVED', 'KILLED', 'KILLED', 'SURVIVED', 'SURVIVED', 'KILLED', 'KILLED', 'SURVIVED', 'SURVIVED', 'KILLED', 'SURVIVED', 'SURVIVED', 'KILLED', 'KILLED', 'KILLED', 'KILLED', 'KILLED', 'KILLED', 'KILLED', 'SURVIVED', 'SURVIVED', 'SURVIVED', 'KILLED', 'KILLED', 'KILLED', 'KILLED', 'KILLED', 'SURVIVED', 'KILLED', 'KILLED', 'SURVIVED', 'KILLED', 'SURVIVED', 'KILLED', 'KILLED', 'KILLED', 'SURVIVED', 'KILLED', 'SURVIVED']","[0.81, 0.27, 0.886, 0.899, 0.55, 0.002, 0.355, 0.689, 0.925, 0.842, 0.616, 0.66, 0.565, 0.611, 0.06, 0.398, 0.698, 0.164, 0.457, 0.436, 0.244, 0.227, 0.844, 0.993, 0.207, 0.872, 0.609, 0.385, 0.79, 0.96, 0.214, 0.484, 0.9, 0.083, 0.336, 0.114, 0.631, 0.542, 0.811, 0.827, 0.402, 0.398, 0.105, 0.434, 0.305, 0.777, 0.001, 0.074, 0.155, 0.506, 0.157, 0.9, 0.717, 0.152, 0.673, 0.849, 0.731, 0.224, 0.898, 0.461, 0.6, 0.856, 0.528]"
Csv_5,"['KILLED', 'KILLED', 'KILLED', 'KILLED', 'KILLED', 'KILLED', 'KILLED', 'KILLED', 'KILLED', 'KILLED', 'KILLED', 'KILLED', 'KILLED', 'SURVIVED', 'SURVIVED', 'SURVIVED', 'SURVIVED', 'SURVIVED', 'SURVIVED', 'SURVIVED', 'SURVIVED', 'SURVIVED', 'SURVIVED', 'SURVIVED', 'SURVIVED', 'SURVIVED', 'SURVIVED', 'SURVIVED', 'SURVIVED', 'SURVIVED', 'SURVIVED', 'SURVIVED', 'SURVIVED', 'SURVIVED', 'SURVIVED', 'SURVIVED', 'SURVIVED', 'SURVIVED', 'SURVIVED', 'SURVIVED', 'SURVIVED', 'SURVIVED', 'SURVIVED', 'SURVIVED', 'SURVIVED', 'SURVIVED', 'SURVIVED', 'SURVIVED', 'SURVIVED', 'SURVIVED', 'SURVIVED', 'SURVIVED', 'SURVIVED', 'SURVIVED', 'SURVIVED', 'SURVIVED', 'SURVIVED', 'SURVIVED', 'SURVIVED', 'SURVIVED', 'SURVIVED', 'SURVIVED', 'SURVIVED']","['SURVIVED', 'KILLED', 'SURVIVED', 'SURVIVED', 'SURVIVED', 'SURVIVED', 'KILLED', 'KILLED', 'SURVIVED', 'SURVIVED', 'KILLED', 'KILLED', 'KILLED', 'SURVIVED', 'KILLED', 'KILLED', 'KILLED', 'SURVIVED', 'SURVIVED', 'SURVIVED', 'KILLED', 'SURVIVED', 'KILLED', 'SURVIVED', 'SURVIVED', 'KILLED', 'SURVIVED', 'SURVIVED', 'SURVIVED', 'KILLED', 'KILLED', 'KILLED', 'SURVIVED', 'SURVIVED', 'SURVIVED', 'SURVIVED', 'SURVIVED', 'KILLED', 'SURVIVED', 'KILLED', 'KILLED', 'SURVIVED', 'SURVIVED', 'KILLED', 'SURVIVED', 'KILLED', 'SURVIVED', 'SURVIVED', 'KILLED', 'SURVIVED', 'SURVIVED', 'KILLED', 'SURVIVED', 'SURVIVED', 'KILLED', 'KILLED', 'SURVIVED', 'SURVIVED', 'SURVIVED', 'KILLED', 'SURVIVED', 'SURVIVED', 'SURVIVED']","[0.063, 0.438, 0.619, 0.484, 0.562, 0.553, 0.595, 0.307, 0.68, 0.255, 0.352, 0.618, 0.571, 0.406, 0.075, 0.509, 0.803, 0.802, 0.847, 0.113, 0.462, 0.289, 0.458, 0.944, 0.343, 0.399, 0.582, 0.808, 0.107, 0.381, 0.776, 0.534, 0.265, 0.316, 0.792, 0.167, 0.64, 0.806, 0.876, 0.327, 0.171, 0.836, 0.987, 0.164, 0.14, 0.459, 0.397, 0.29, 0.602, 0.061, 0.84, 0.179, 0.535, 0.253, 0.52, 0.77, 0.001, 0.877, 0.573, 0.19, 0.666, 0.041, 0.482]"
Csv_5,"['SURVIVED', 'SURVIVED', 'SURVIVED', 'SURVIVED', 'SURVIVED', 'SURVIVED', 'SURVIVED', 'SURVIVED', 'SURVIVED', 'SURVIVED', 'SURVIVED', 'SURVIVED', 'SURVIVED', 'SURVIVED', 'SURVIVED', 'SURVIVED', 'SURVIVED', 'SURVIVED', 'SURVIVED', 'SURVIVED', 'SURVIVED', 'SURVIVED', 'SURVIVED', 'SURVIVED', 'SURVIVED', 'SURVIVED', 'SURVIVED', 'SURVIVED', 'SURVIVED', 'SURVIVED', 'SURVIVED', 'SURVIVED', 'SURVIVED', 'SURVIVED', 'SURVIVED', 'SURVIVED', 'SURVIVED', 'SURVIVED', 'SURVIVED', 'SURVIVED', 'SURVIVED', 'SURVIVED', 'SURVIVED', 'SURVIVED', 'SURVIVED', 'SURVIVED', 'SURVIVED', 'SURVIVED', 'SURVIVED', 'SURVIVED', 'SURVIVED', 'SURVIVED', 'SURVIVED', 'SURVIVED', 'SURVIVED', 'SURVIVED', 'SURVIVED', 'SURVIVED', 'SURVIVED', 'SURVIVED', 'SURVIVED', 'SURVIVED', 'SURVIVED']","['KILLED', 'SURVIVED', 'SURVIVED', 'KILLED', 'SURVIVED', 'SURVIVED', 'KILLED', 'KILLED', 'KILLED', 'SURVIVED', 'SURVIVED', 'KILLED', 'KILLED', 'KILLED', 'KILLED', 'KILLED', 'SURVIVED', 'SURVIVED', 'SURVIVED', 'KILLED', 'SURVIVED', 'KILLED', 'KILLED', 'SURVIVED', 'SURVIVED', 'SURVIVED', 'KILLED', 'SURVIVED', 'KILLED', 'SURVIVED', 'SURVIVED', 'SURVIVED', 'SURVIVED', 'KILLED', 'SURVIVED', 'KILLED', 'KILLED', 'SURVIVED', 'KILLED', 'SURVIVED', 'KILLED', 'KILLED', 'KILLED', 'KILLED', 'SURVIVED', 'SURVIVED', 'KILLED', 'KILLED', 'KILLED', 'SURVIVED', 'SURVIVED', 'SURVIVED', 'SURVIVED', 'KILLED', 'KILLED', 'SURVIVED', 'SURVIVED', 'SURVIVED', 'SURVIVED', 'SURVIVED', 'SURVIVED', 'SURVIVED', 'KILLED']","[0.301, 0.039, 0.142, 0.778, 0.117, 0.91, 0.611, 0.436, 0.478, 0.315, 0.425, 0.178, 0.939, 0.181, 0.609, 0.332, 0.215, 0.635, 0.66, 0.44, 0.029, 0.499, 0.48, 0.389, 0.541, 0.685, 0.326, 0.597, 0.601, 0.326, 0.096, 0.824, 0.232, 0.225, 0.006, 0.83, 0.969, 0.287, 0.729, 0.218, 0.166, 0.829, 0.899, 0.056, 0.741, 0.394, 0.658, 0.947, 0.931, 0.068, 0.717, 0.472, 0.923, 0.64, 0.633, 0.463, 0.157, 0.772, 0.536, 0.546, 0.246, 0.347, 0.321]"
Csv_5,"['KILLED', 'KILLED', 'KILLED', 'KILLED', 'KILLED', 'KILLED', 'KILLED', 'KILLED', 'KILLED', 'KILLED', 'KILLED', 'KILLED', 'KILLED', 'SURVIVED', 'SURVIVED', 'SURVIVED', 'SURVIVED', 'SURVIVED', 'SURVIVED', 'SURVIVED', 'SURVIVED', 'SURVIVED', 'SURVIVED', 'SURVIVED', 'SURVIVED', 'SURVIVED', 'SURVIVED', 'SURVIVED', 'SURVIVED', 'SURVIVED', 'SURVIVED', 'SURVIVED', 'SURVIVED', 'SURVIVED', 'SURVIVED', 'SURVIVED', 'SURVIVED', 'SURVIVED', 'SURVIVED', 'SURVIVED', 'SURVIVED', 'SURVIVED', 'SURVIVED', 'SURVIVED', 'SURVIVED', 'SURVIVED', 'SURVIVED', 'SURVIVED', 'SURVIVED', 'SURVIVED', 'SURVIVED', 'SURVIVED', 'SURVIVED', 'SURVIVED', 'SURVIVED', 'SURVIVED', 'SURVIVED', 'SURVIVED', 'SURVIVED', 'SURVIVED', 'SURVIVED', 'SURVIVED', 'SURVIVED']","['SURVIVED', 'SURVIVED', 'KILLED', 'KILLED', 'SURVIVED', 'KILLED', 'SURVIVED', 'KILLED', 'SURVIVED', 'KILLED', 'SURVIVED', 'KILLED', 'SURVIVED', 'SURVIVED', 'SURVIVED', 'KILLED', 'SURVIVED', 'KILLED', 'KILLED', 'SURVIVED', 'KILLED', 'KILLED', 'SURVIVED', 'SURVIVED', 'KILLED', 'SURVIVED', 'SURVIVED', 'SURVIVED', 'SURVIVED', 'SURVIVED', 'SURVIVED', 'KILLED', 'SURVIVED', 'KILLED', 'SURVIVED', 'KILLED', 'SURVIVED', 'SURVIVED', 'SURVIVED', 'KILLED', 'SURVIVED', 'KILLED', 'SURVIVED', 'SURVIVED', 'SURVIVED', 'KILLED', 'SURVIVED', 'SURVIVED', 'KILLED', 'KILLED', 'SURVIVED', 'KILLED', 'SURVIVED', 'KILLED', 'KILLED', 'KILLED', 'KILLED', 'KILLED', 'SURVIVED', 'KILLED', 'KILLED', 'KILLED', 'KILLED']","[0.825, 0.521, 0.601, 0.182, 0.936, 0.513, 0.506, 0.89, 0.812, 0.557, 0.353, 0.174, 0.543, 0.196, 0.285, 0.555, 0.184, 0.684, 0.313, 0.122, 0.692, 0.409, 0.832, 0.213, 0.327, 0.226, 0.812, 0.784, 0.05, 0.512, 0.863, 0.356, 0.686, 0.188, 0.279, 0.382, 0.088, 0.479, 0.742, 0.934, 0.592, 0.397, 0.932, 0.987, 0.224, 0.814, 0.137, 0.605, 0.257, 0.376, 0.794, 0.262, 0.906, 0.053, 0.588, 0.586, 0.029, 0.037, 0.048, 0.596, 0.34, 0.228, 0.017]"
Csv_5,"['KILLED', 'KILLED', 'KILLED', 'KILLED', 'KILLED', 'KILLED', 'KILLED', 'SURVIVED', 'SURVIVED', 'SURVIVED', 'SURVIVED', 'SURVIVED', 'SURVIVED', 'SURVIVED', 'SURVIVED', 'SURVIVED', 'SURVIVED', 'SURVIVED', 'SURVIVED', 'SURVIVED', 'SURVIVED', 'SURVIVED', 'SURVIVED', 'SURVIVED', 'SURVIVED', 'SURVIVED', 'SURVIVED', 'SURVIVED', 'SURVIVED', 'SURVIVED', 'SURVIVED', 'SURVIVED', 'SURVIVED', 'SURVIVED', 'SURVIVED', 'SURVIVED', 'SURVIVED', 'SURVIVED', 'SURVIVED', 'SURVIVED', 'SURVIVED', 'SURVIVED', 'SURVIVED', 'SURVIVED', 'SURVIVED', 'SURVIVED', 'SURVIVED', 'SURVIVED', 'SURVIVED', 'SURVIVED', 'SURVIVED', 'SURVIVED', 'SURVIVED', 'SURVIVED', 'SURVIVED', 'SURVIVED', 'SURVIVED', 'SURVIVED', 'SURVIVED', 'SURVIVED', 'SURVIVED', 'SURVIVED', 'SURVIVED']","['KILLED', 'SURVIVED', 'KILLED', 'KILLED', 'KILLED', 'SURVIVED', 'SURVIVED', 'SURVIVED', 'KILLED', 'SURVIVED', 'SURVIVED', 'SURVIVED', 'SURVIVED', 'SURVIVED', 'SURVIVED', 'SURVIVED', 'KILLED', 'SURVIVED', 'SURVIVED', 'SURVIVED', 'SURVIVED', 'KILLED', 'KILLED', 'KILLED', 'KILLED', 'KILLED', 'KILLED', 'SURVIVED', 'SURVIVED', 'KILLED', 'KILLED', 'SURVIVED', 'KILLED', 'SURVIVED', 'KILLED', 'SURVIVED', 'KILLED', 'SURVIVED', 'SURVIVED', 'SURVIVED', 'SURVIVED', 'KILLED', 'SURVIVED', 'KILLED', 'SURVIVED', 'SURVIVED', 'KILLED', 'SURVIVED', 'KILLED', 'KILLED', 'KILLED', 'KILLED', 'KILLED', 'KILLED', 'SURVIVED', 'SURVIVED', 'KILLED', 'KILLED', 'KILLED', 'SURVIVED', 'KILLED', 'SURVIVED', 'SURVIVED']","[0.576, 0.888, 0.023, 0.795, 0.657, 0.866, 0.844, 0.573, 0.846, 0.833, 0.445, 0.577, 0.37, 0.148, 0.861, 0.925, 0.585, 0.221, 0.789, 0.089, 0.829, 0.313, 0.505, 0.751, 0.755, 0.465, 0.749, 0.769, 0.669, 0.195, 0.673, 0.02, 0.744, 0.122, 0.241, 0.584, 0.01, 0.959, 0.533, 0.853, 0.985, 0.307, 0.646, 0.315, 0.121, 0.724, 0.042, 0.059, 0.531, 0.826, 0.798, 0.856, 0.717, 0.043, 0.328, 0.879, 0.299, 0.715, 0.207, 0.07, 0.343, 0.697, 0.787]"
Csv_5,"['SURVIVED', 'SURVIVED', 'SURVIVED', 'SURVIVED', 'SURVIVED', 'SURVIVED', 'SURVIVED', 'SURVIVED', 'SURVIVED', 'SURVIVED', 'SURVIVED', 'SURVIVED', 'SURVIVED', 'SURVIVED', 'SURVIVED', 'SURVIVED', 'SURVIVED', 'SURVIVED', 'SURVIVED', 'SURVIVED', 'SURVIVED', 'SURVIVED', 'SURVIVED', 'SURVIVED', 'SURVIVED', 'SURVIVED', 'SURVIVED', 'SURVIVED', 'SURVIVED', 'SURVIVED', 'SURVIVED', 'SURVIVED', 'SURVIVED', 'SURVIVED', 'SURVIVED', 'SURVIVED', 'SURVIVED', 'SURVIVED', 'SURVIVED', 'SURVIVED', 'SURVIVED', 'SURVIVED', 'SURVIVED', 'SURVIVED', 'SURVIVED', 'SURVIVED', 'SURVIVED', 'SURVIVED', 'SURVIVED', 'SURVIVED', 'SURVIVED', 'SURVIVED', 'SURVIVED', 'SURVIVED', 'SURVIVED', 'SURVIVED', 'SURVIVED', 'SURVIVED', 'SURVIVED', 'SURVIVED', 'SURVIVED', 'SURVIVED', 'SURVIVED']","['SURVIVED', 'KILLED', 'SURVIVED', 'SURVIVED', 'KILLED', 'SURVIVED', 'KILLED', 'KILLED', 'SURVIVED', 'SURVIVED', 'KILLED', 'KILLED', 'SURVIVED', 'KILLED', 'KILLED', 'KILLED', 'SURVIVED', 'SURVIVED', 'SURVIVED', 'KILLED', 'SURVIVED', 'SURVIVED', 'SURVIVED', 'KILLED', 'KILLED', 'SURVIVED', 'SURVIVED', 'SURVIVED', 'KILLED', 'SURVIVED', 'KILLED', 'SURVIVED', 'SURVIVED', 'KILLED', 'KILLED', 'SURVIVED', 'SURVIVED', 'KILLED', 'SURVIVED', 'KILLED', 'KILLED', 'KILLED', 'SURVIVED', 'SURVIVED', 'KILLED', 'SURVIVED', 'KILLED', 'KILLED', 'SURVIVED', 'SURVIVED', 'SURVIVED', 'KILLED', 'SURVIVED', 'KILLED', 'SURVIVED', 'KILLED', 'KILLED', 'SURVIVED', 'SURVIVED', 'SURVIVED', 'KILLED', 'SURVIVED', 'KILLED']","[0.035, 0.105, 0.999, 0.462, 0.949, 0.635, 0.205, 0.535, 0.818, 0.919, 0.41, 0.266, 0.975, 0.963, 0.037, 0.669, 0.547, 0.135, 0.98, 0.008, 0.143, 0.42, 0.422, 0.934, 0.509, 0.102, 0.634, 0.676, 0.453, 0.529, 0.579, 0.592, 0.794, 0.927, 0.575, 0.575, 0.045, 0.495, 0.26, 0.756, 0.917, 0.86, 0.627, 0.692, 0.004, 0.174, 0.506, 0.764, 0.278, 0.614, 0.454, 0.27, 0.32, 0.961, 0.112, 0.707, 0.831, 0.767, 0.538, 0.893, 0.136, 0.491, 0.454]"
Csv_5,"['KILLED', 'KILLED', 'KILLED', 'KILLED', 'KILLED', 'KILLED', 'KILLED', 'KILLED', 'KILLED', 'KILLED', 'KILLED', 'KILLED', 'KILLED', 'SURVIVED', 'SURVIVED', 'SURVIVED', 'SURVIVED', 'SURVIVED', 'SURVIVED', 'SURVIVED', 'SURVIVED', 'SURVIVED', 'SURVIVED', 'SURVIVED', 'SURVIVED', 'SURVIVED', 'SURVIVED', 'SURVIVED', 'SURVIVED', 'SURVIVED', 'SURVIVED', 'SURVIVED', 'SURVIVED', 'SURVIVED', 'SURVIVED', 'SURVIVED', 'SURVIVED', 'SURVIVED', 'SURVIVED', 'SURVIVED', 'SURVIVED', 'SURVIVED', 'SURVIVED', 'SURVIVED', 'SURVIVED', 'SURVIVED', 'SURVIVED', 'SURVIVED', 'SURVIVED', 'SURVIVED', 'SURVIVED', 'SURVIVED', 'SURVIVED', 'SURVIVED', 'SURVIVED', 'SURVIVED', 'SURVIVED', 'SURVIVED', 'SURVIVED', 'SURVIVED', 'SURVIVED', 'SURVIVED', 'SURVIVED']","['KILLED', 'KILLED', 'SURVIVED', 'KILLED', 'KILLED', 'SURVIVED', 'SURVIVED', 'KILLED', 'KILLED', 'SURVIVED', 'KILLED', 'KILLED', 'SURVIVED', 'KILLED', 'SURVIVED', 'SURVIVED', 'SURVIVED', 'KILLED', 'KILLED', 'KILLED', 'SURVIVED', 'SURVIVED', 'SURVIVED', 'SURVIVED', 'KILLED', 'SURVIVED', 'KILLED', 'KILLED', 'KILLED', 'KILLED', 'KILLED', 'SURVIVED', 'KILLED', 'SURVIVED', 'KILLED', 'KILLED', 'KILLED', 'SURVIVED', 'KILLED', 'SURVIVED', 'SURVIVED', 'KILLED', 'KILLED', 'SURVIVED', 'KILLED', 'KILLED', 'KILLED', 'KILLED', 'KILLED', 'SURVIVED', 'SURVIVED', 'SURVIVED', 'KILLED', 'KILLED', 'SURVIVED', 'SURVIVED', 'KILLED', 'KILLED', 'KILLED', 'SURVIVED', 'SURVIVED', 'KILLED', 'KILLED']","[0.16, 0.371, 0.781, 0.84, 0.643, 0.059, 0.483, 0.616, 0.099, 0.634, 0.144, 0.751, 0.544, 0.466, 0.587, 0.735, 0.475, 0.744, 0.983, 0.866, 0.574, 0.205, 0.177, 0.078, 0.496, 0.299, 0.144, 0.29, 0.265, 0.89, 0.646, 0.214, 0.419, 0.108, 0.828, 0.052, 0.192, 0.383, 0.432, 0.688, 0.215, 0.475, 0.149, 0.399, 0.694, 0.17, 0.934, 0.151, 0.035, 0.595, 0.779, 0.236, 0.893, 0.414, 0.136, 0.571, 0.197, 0.958, 0.583, 0.01, 0.465, 0.605, 0.03]"
Csv_5,"['KILLED', 'SURVIVED', 'SURVIVED', 'SURVIVED', 'SURVIVED', 'SURVIVED', 'SURVIVED', 'SURVIVED', 'SURVIVED', 'SURVIVED', 'SURVIVED', 'SURVIVED', 'SURVIVED', 'SURVIVED', 'SURVIVED', 'SURVIVED', 'SURVIVED', 'SURVIVED', 'SURVIVED', 'SURVIVED', 'SURVIVED', 'SURVIVED', 'SURVIVED', 'SURVIVED', 'SURVIVED', 'SURVIVED', 'SURVIVED', 'SURVIVED', 'SURVIVED', 'SURVIVED', 'SURVIVED', 'SURVIVED', 'SURVIVED', 'SURVIVED', 'SURVIVED', 'SURVIVED', 'SURVIVED', 'SURVIVED', 'SURVIVED', 'SURVIVED', 'SURVIVED', 'SURVIVED', 'SURVIVED', 'SURVIVED', 'SURVIVED', 'SURVIVED', 'SURVIVED', 'SURVIVED', 'SURVIVED', 'SURVIVED', 'SURVIVED', 'SURVIVED', 'SURVIVED', 'SURVIVED', 'SURVIVED', 'SURVIVED', 'SURVIVED', 'SURVIVED', 'SURVIVED', 'SURVIVED', 'SURVIVED', 'SURVIVED', 'SURVIVED']","['KILLED', 'SURVIVED', 'KILLED', 'KILLED', 'SURVIVED', 'KILLED', 'KILLED', 'SURVIVED', 'KILLED', 'SURVIVED', 'KILLED', 'KILLED', 'KILLED', 'SURVIVED', 'KILLED', 'KILLED', 'KILLED', 'KILLED', 'KILLED', 'SURVIVED', 'KILLED', 'SURVIVED', 'KILLED', 'SURVIVED', 'SURVIVED', 'KILLED', 'KILLED', 'KILLED', 'KILLED', 'SURVIVED', 'SURVIVED', 'SURVIVED', 'SURVIVED', 'KILLED', 'SURVIVED', 'KILLED', 'KILLED', 'KILLED', 'SURVIVED', 'KILLED', 'SURVIVED', 'SURVIVED', 'SURVIVED', 'KILLED', 'SURVIVED', 'KILLED', 'KILLED', 'KILLED', 'SURVIVED', 'SURVIVED', 'KILLED', 'KILLED', 'SURVIVED', 'KILLED', 'KILLED', 'SURVIVED', 'KILLED', 'KILLED', 'SURVIVED', 'KILLED', 'KILLED', 'SURVIVED', 'KILLED']","[0.142, 0.733, 0.937, 0.73, 0.583, 0.305, 0.823, 0.798, 0.474, 0.18, 0.617, 0.208, 0.183, 0.642, 0.353, 0.094, 0.923, 0.47, 0.079, 0.466, 0.818, 0.72, 0.024, 0.971, 0.134, 0.948, 0.827, 0.359, 0.54, 0.112, 0.037, 0.106, 0.575, 0.11, 0.955, 0.537, 0.922, 0.091, 0.805, 0.54, 0.405, 0.757, 0.286, 0.607, 0.536, 0.414, 0.479, 0.428, 0.879, 0.981, 0.674, 0.127, 0.464, 0.999, 0.908, 0.5, 0.269, 0.456, 0.024, 0.749, 0.438, 0.657, 0.976]"
Csv_5,"['SURVIVED', 'SURVIVED', 'SURVIVED', 'SURVIVED', 'SURVIVED', 'SURVIVED', 'SURVIVED', 'SURVIVED', 'SURVIVED', 'SURVIVED', 'SURVIVED', 'SURVIVED', 'SURVIVED', 'SURVIVED', 'SURVIVED', 'SURVIVED', 'SURVIVED', 'SURVIVED', 'SURVIVED', 'SURVIVED', 'SURVIVED', 'SURVIVED', 'SURVIVED', 'SURVIVED', 'SURVIVED', 'SURVIVED', 'SURVIVED', 'SURVIVED', 'SURVIVED', 'SURVIVED', 'SURVIVED', 'SURVIVED', 'SURVIVED', 'SURVIVED', 'SURVIVED', 'SURVIVED', 'SURVIVED', 'SURVIVED', 'SURVIVED', 'SURVIVED', 'SURVIVED', 'SURVIVED', 'SURVIVED', 'SURVIVED', 'SURVIVED', 'SURVIVED', 'SURVIVED', 'SURVIVED', 'SURVIVED', 'SURVIVED', 'SURVIVED', 'SURVIVED', 'SURVIVED', 'SURVIVED', 'SURVIVED', 'SURVIVED', 'SURVIVED', 'SURVIVED', 'SURVIVED', 'SURVIVED', 'SURVIVED', 'SURVIVED', 'SURVIVED']","['KILLED', 'KILLED', 'SURVIVED', 'SURVIVED', 'KILLED', 'KILLED', 'SURVIVED', 'SURVIVED', 'KILLED', 'KILLED', 'SURVIVED', 'KILLED', 'SURVIVED', 'KILLED', 'KILLED', 'SURVIVED', 'KILLED', 'SURVIVED', 'SURVIVED', 'SURVIVED', 'SURVIVED', 'SURVIVED', 'KILLED', 'KILLED', 'KILLED', 'KILLED', 'SURVIVED', 'SURVIVED', 'SURVIVED', 'SURVIVED', 'KILLED', 'KILLED', 'KILLED', 'KILLED', 'KILLED', 'KILLED', 'KILLED', 'SURVIVED', 'KILLED', 'KILLED', 'SURVIVED', 'SURVIVED', 'KILLED', 'KILLED', 'KILLED', 'KILLED', 'KILLED', 'KILLED', 'KILLED', 'SURVIVED', 'KILLED', 'SURVIVED', 'SURVIVED', 'SURVIVED', 'KILLED', 'KILLED', 'KILLED', 'KILLED', 'KILLED', 'KILLED', 'SURVIVED', 'KILLED', 'SURVIVED']","[0.798, 0.023, 0.955, 0.85, 0.384, 0.753, 0.628, 0.82, 0.139, 0.494, 0.934, 0.742, 0.582, 0.532, 0.773, 0.727, 0.74, 0.618, 0.388, 0.542, 0.733, 0.3, 0.989, 0.951, 0.943, 0.867, 0.548, 0.48, 0.258, 0.245, 0.051, 0.921, 0.816, 0.972, 0.515, 0.684, 0.249, 0.119, 0.097, 0.835, 0.953, 0.082, 0.096, 0.882, 0.318, 0.662, 0.555, 0.369, 0.259, 0.501, 0.759, 0.963, 0.309, 0.973, 0.189, 0.26, 0.848, 0.012, 0.363, 0.324, 0.239, 0.413, 0.03]"
Csv_5,"['KILLED', 'KILLED', 'KILLED', 'KILLED', 'KILLED', 'KILLED', 'KILLED', 'KILLED', 'KILLED', 'KILLED', 'KILLED', 'KILLED', 'KILLED', 'SURVIVED', 'SURVIVED', 'SURVIVED', 'SURVIVED', 'SURVIVED', 'SURVIVED', 'SURVIVED', 'SURVIVED', 'SURVIVED', 'SURVIVED', 'SURVIVED', 'SURVIVED', 'SURVIVED', 'SURVIVED', 'SURVIVED', 'SURVIVED', 'SURVIVED', 'SURVIVED', 'SURVIVED', 'SURVIVED', 'SURVIVED', 'SURVIVED', 'SURVIVED', 'SURVIVED', 'SURVIVED', 'SURVIVED', 'SURVIVED', 'SURVIVED', 'SURVIVED', 'SURVIVED', 'SURVIVED', 'SURVIVED', 'SURVIVED', 'SURVIVED', 'SURVIVED', 'SURVIVED', 'SURVIVED', 'SURVIVED', 'SURVIVED', 'SURVIVED', 'SURVIVED', 'SURVIVED', 'SURVIVED', 'SURVIVED', 'SURVIVED', 'SURVIVED', 'SURVIVED', 'SURVIVED', 'SURVIVED', 'SURVIVED']","['SURVIVED', 'SURVIVED', 'SURVIVED', 'SURVIVED', 'SURVIVED', 'SURVIVED', 'SURVIVED', 'SURVIVED', 'KILLED', 'KILLED', 'KILLED', 'KILLED', 'KILLED', 'SURVIVED', 'KILLED', 'KILLED', 'KILLED', 'KILLED', 'KILLED', 'KILLED', 'SURVIVED', 'SURVIVED', 'KILLED', 'KILLED', 'SURVIVED', 'KILLED', 'KILLED', 'SURVIVED', 'KILLED', 'SURVIVED', 'SURVIVED', 'SURVIVED', 'KILLED', 'SURVIVED', 'KILLED', 'SURVIVED', 'KILLED', 'SURVIVED', 'SURVIVED', 'KILLED', 'KILLED', 'SURVIVED', 'SURVIVED', 'KILLED', 'KILLED', 'SURVIVED', 'KILLED', 'KILLED', 'KILLED', 'KILLED', 'SURVIVED', 'KILLED', 'KILLED', 'SURVIVED', 'KILLED', 'KILLED', 'SURVIVED', 'SURVIVED', 'KILLED', 'SURVIVED', 'SURVIVED', 'KILLED', 'KILLED']","[0.061, 0.602, 0.219, 0.265, 0.408, 0.054, 0.128, 0.242, 0.143, 0.087, 0.09, 0.879, 0.907, 0.201, 0.904, 0.568, 0.99, 0.627, 0.069, 0.09, 0.029, 0.904, 0.947, 0.715, 0.012, 0.735, 0.435, 0.325, 0.956, 0.772, 0.731, 0.974, 0.259, 0.382, 0.046, 0.875, 0.655, 0.894, 0.978, 0.419, 0.219, 0.634, 0.383, 0.966, 0.107, 0.088, 0.237, 0.366, 0.719, 0.799, 0.983, 0.964, 0.309, 0.845, 0.259, 0.35, 0.961, 0.083, 0.999, 0.535, 0.163, 0.318, 0.102]"
Csv_5,"['KILLED', 'KILLED', 'SURVIVED', 'SURVIVED', 'SURVIVED', 'SURVIVED', 'SURVIVED', 'SURVIVED', 'SURVIVED', 'SURVIVED', 'SURVIVED', 'SURVIVED', 'SURVIVED', 'SURVIVED', 'SURVIVED', 'SURVIVED', 'SURVIVED', 'SURVIVED', 'SURVIVED', 'SURVIVED', 'SURVIVED', 'SURVIVED', 'SURVIVED', 'SURVIVED', 'SURVIVED', 'SURVIVED', 'SURVIVED', 'SURVIVED', 'SURVIVED', 'SURVIVED', 'SURVIVED', 'SURVIVED', 'SURVIVED', 'SURVIVED', 'SURVIVED', 'SURVIVED', 'SURVIVED', 'SURVIVED', 'SURVIVED', 'SURVIVED', 'SURVIVED', 'SURVIVED', 'SURVIVED', 'SURVIVED', 'SURVIVED', 'SURVIVED', 'SURVIVED', 'SURVIVED', 'SURVIVED', 'SURVIVED', 'SURVIVED', 'SURVIVED', 'SURVIVED', 'SURVIVED', 'SURVIVED', 'SURVIVED', 'SURVIVED', 'SURVIVED', 'SURVIVED', 'SURVIVED', 'SURVIVED', 'SURVIVED', 'SURVIVED']","['KILLED', 'SURVIVED', 'KILLED', 'SURVIVED', 'SURVIVED', 'KILLED', 'SURVIVED', 'SURVIVED', 'SURVIVED', 'SURVIVED', 'SURVIVED', 'KILLED', 'KILLED', 'SURVIVED', 'KILLED', 'SURVIVED', 'SURVIVED', 'SURVIVED', 'SURVIVED', 'SURVIVED', 'SURVIVED', 'SURVIVED', 'KILLED', 'KILLED', 'KILLED', 'KILLED', 'SURVIVED', 'KILLED', 'KILLED', 'SURVIVED', 'KILLED', 'SURVIVED', 'SURVIVED', 'SURVIVED', 'KILLED', 'KILLED', 'KILLED', 'SURVIVED', 'SURVIVED', 'KILLED', 'SURVIVED', 'KILLED', 'SURVIVED', 'SURVIVED', 'SURVIVED', 'KILLED', 'KILLED', 'KILLED', 'KILLED', 'SURVIVED', 'SURVIVED', 'SURVIVED', 'SURVIVED', 'KILLED', 'SURVIVED', 'SURVIVED', 'KILLED', 'KILLED', 'SURVIVED', 'SURVIVED', 'SURVIVED', 'KILLED', 'KILLED']","[0.101, 0.71, 0.493, 0.196, 0.55, 0.531, 0.464, 0.003, 0.669, 0.234, 0.225, 0.677, 0.789, 0.5, 0.864, 0.806, 0.724, 0.528, 0.277, 0.801, 0.537, 0.993, 0.405, 0.866, 0.018, 0.847, 0.817, 0.993, 0.182, 0.161, 0.878, 0.311, 0.657, 0.279, 0.802, 0.186, 0.863, 0.118, 0.401, 0.311, 0.744, 0.528, 0.004, 0.946, 0.497, 0.1, 0.73, 0.872, 0.385, 0.987, 0.203, 0.062, 0.699, 0.105, 0.447, 0.828, 0.623, 0.912, 0.049, 0.089, 0.276, 0.938, 0.21]"
Csv_5,"['KILLED', 'KILLED', 'KILLED', 'KILLED', 'KILLED', 'KILLED', 'KILLED', 'KILLED', 'KILLED', 'KILLED', 'KILLED', 'KILLED', 'KILLED', 'KILLED', 'KILLED', 'KILLED', 'KILLED', 'KILLED', 'KILLED', 'KILLED', 'KILLED', 'KILLED', 'KILLED', 'KILLED', 'KILLED', 'KILLED', 'KILLED', 'KILLED', 'KILLED', 'KILLED', 'KILLED', 'KILLED', 'KILLED', 'KILLED', 'KILLED', 'KILLED', 'KILLED', 'KILLED', 'KILLED', 'KILLED', 'KILLED', 'KILLED', 'KILLED', 'KILLED', 'KILLED', 'KILLED', 'KILLED', 'KILLED', 'KILLED', 'KILLED', 'KILLED', 'KILLED', 'KILLED', 'KILLED', 'KILLED', 'KILLED', 'KILLED', 'KILLED', 'KILLED', 'KILLED', 'KILLED', 'SURVIVED', 'SURVIVED', 'SURVIVED', 'SURVIVED']","['SURVIVED', 'KILLED', 'KILLED', 'KILLED', 'SURVIVED', 'KILLED', 'SURVIVED', 'SURVIVED', 'KILLED', 'KILLED', 'SURVIVED', 'KILLED', 'SURVIVED', 'KILLED', 'SURVIVED', 'KILLED', 'SURVIVED', 'SURVIVED', 'SURVIVED', 'SURVIVED', 'KILLED', 'KILLED', 'KILLED', 'KILLED', 'SURVIVED', 'SURVIVED', 'KILLED', 'SURVIVED', 'KILLED', 'KILLED', 'KILLED', 'SURVIVED', 'KILLED', 'SURVIVED', 'KILLED', 'SURVIVED', 'KILLED', 'SURVIVED', 'KILLED', 'KILLED', 'SURVIVED', 'KILLED', 'SURVIVED', 'KILLED', 'SURVIVED', 'KILLED', 'KILLED', 'SURVIVED', 'KILLED', 'KILLED', 'KILLED', 'SURVIVED', 'SURVIVED', 'SURVIVED', 'SURVIVED', 'KILLED', 'KILLED', 'SURVIVED', 'SURVIVED', 'KILLED', 'KILLED', 'SURVIVED', 'SURVIVED', 'KILLED', 'KILLED']","[0.182, 0.287, 0.015, 0.723, 0.549, 0.784, 0.466, 0.97, 0.031, 0.17, 0.257, 0.868, 0.194, 0.768, 0.213, 0.395, 0.186, 0.97, 0.122, 0.585, 0.789, 0.384, 0.669, 0.382, 0.352, 0.456, 0.398, 0.472, 0.389, 0.442, 0.683, 0.066, 0.62, 0.118, 0.578, 0.983, 0.932, 0.697, 0.94, 0.943, 0.089, 0.055, 0.115, 0.407, 0.298, 0.145, 0.073, 0.48, 0.01, 0.198, 0.046, 0.941, 0.813, 0.523, 0.258, 0.782, 0.282, 0.212, 0.748, 0.113, 0.538, 0.222, 0.137, 0.542, 0.293]"
Csv_5,"['KILLED', 'KILLED', 'KILLED', 'KILLED', 'KILLED', 'KILLED', 'KILLED', 'KILLED', 'KILLED', 'KILLED', 'KILLED', 'KILLED', 'KILLED', 'KILLED', 'KILLED', 'KILLED', 'KILLED', 'KILLED', 'KILLED', 'KILLED', 'KILLED', 'KILLED', 'KILLED', 'KILLED', 'KILLED', 'KILLED', 'KILLED', 'KILLED', 'KILLED', 'KILLED', 'KILLED', 'KILLED', 'KILLED', 'KILLED', 'KILLED', 'KILLED', 'KILLED', 'KILLED', 'KILLED', 'KILLED', 'KILLED', 'KILLED', 'KILLED', 'KILLED', 'KILLED', 'KILLED', 'KILLED', 'KILLED', 'KILLED', 'KILLED', 'KILLED', 'KILLED', 'KILLED', 'KILLED', 'KILLED', 'KILLED', 'KILLED', 'KILLED', 'KILLED', 'KILLED', 'KILLED', 'KILLED', 'KILLED', 'SURVIVED', 'SURVIVED']","['KILLED', 'KILLED', 'KILLED', 'KILLED', 'SURVIVED', 'KILLED', 'SURVIVED', 'KILLED', 'KILLED', 'SURVIVED', 'KILLED', 'KILLED', 'KILLED', 'KILLED', 'SURVIVED', 'KILLED', 'SURVIVED', 'SURVIVED', 'SURVIVED', 'SURVIVED', 'SURVIVED', 'SURVIVED', 'KILLED', 'KILLED', 'SURVIVED', 'KILLED', 'SURVIVED', 'KILLED', 'KILLED', 'KILLED', 'SURVIVED', 'KILLED', 'KILLED', 'SURVIVED', 'SURVIVED', 'SURVIVED', 'SURVIVED', 'KILLED', 'SURVIVED', 'SURVIVED', 'KILLED', 'SURVIVED', 'SURVIVED', 'KILLED', 'SURVIVED', 'SURVIVED', 'KILLED', 'KILLED', 'KILLED', 'SURVIVED', 'SURVIVED', 'SURVIVED', 'KILLED', 'KILLED', 'KILLED', 'SURVIVED', 'SURVIVED', 'KILLED', 'SURVIVED', 'SURVIVED', 'SURVIVED', 'KILLED', 'SURVIVED', 'KILLED', 'SURVIVED']","[0.161, 0.734, 0.019, 0.296, 0.293, 0.758, 0.843, 0.37, 0.28, 0.773, 0.469, 0.037, 0.065, 0.102, 0.461, 0.061, 0.5, 0.123, 0.384, 0.264, 0.652, 0.532, 0.641, 0.23, 0.665, 0.061, 0.098, 0.318, 0.979, 0.53, 0.776, 0.889, 0.297, 0.073, 0.302, 0.847, 0.706, 0.672, 0.383, 0.162, 0.173, 0.26, 0.752, 0.685, 0.403, 0.148, 0.451, 0.555, 0.834, 0.997, 0.449, 0.429, 0.136, 0.445, 0.892, 0.683, 0.144, 0.946, 0.86, 0.706, 0.943, 0.208, 0.548, 0.921, 0.476]"
Csv_5,"['KILLED', 'KILLED', 'KILLED', 'KILLED', 'KILLED', 'KILLED', 'KILLED', 'KILLED', 'KILLED', 'KILLED', 'KILLED', 'KILLED', 'KILLED', 'KILLED', 'KILLED', 'KILLED', 'KILLED', 'KILLED', 'KILLED', 'KILLED', 'KILLED', 'KILLED', 'KILLED', 'KILLED', 'KILLED', 'KILLED', 'KILLED', 'KILLED', 'KILLED', 'KILLED', 'KILLED', 'KILLED', 'KILLED', 'KILLED', 'KILLED', 'KILLED', 'KILLED', 'KILLED', 'KILLED', 'KILLED', 'KILLED', 'KILLED', 'KILLED', 'KILLED', 'KILLED', 'KILLED', 'KILLED', 'KILLED', 'KILLED', 'KILLED', 'KILLED', 'KILLED', 'KILLED', 'KILLED', 'KILLED', 'KILLED', 'KILLED', 'KILLED', 'KILLED', 'KILLED', 'SURVIVED', 'SURVIVED', 'SURVIVED', 'SURVIVED', 'SURVIVED']","['KILLED', 'SURVIVED', 'KILLED', 'KILLED', 'SURVIVED', 'SURVIVED', 'KILLED', 'SURVIVED', 'KILLED', 'SURVIVED', 'SURVIVED', 'KILLED', 'KILLED', 'KILLED', 'SURVIVED', 'SURVIVED', 'KILLED', 'SURVIVED', 'KILLED', 'SURVIVED', 'KILLED', 'KILLED', 'SURVIVED', 'KILLED', 'SURVIVED', 'KILLED', 'SURVIVED', 'SURVIVED', 'SURVIVED', 'SURVIVED', 'KILLED', 'SURVIVED', 'KILLED', 'SURVIVED', 'SURVIVED', 'SURVIVED', 'KILLED', 'SURVIVED', 'SURVIVED', 'SURVIVED', 'SURVIVED', 'SURVIVED', 'SURVIVED', 'KILLED', 'SURVIVED', 'KILLED', 'KILLED', 'KILLED', 'SURVIVED', 'KILLED', 'KILLED', 'SURVIVED', 'KILLED', 'SURVIVED', 'KILLED', 'SURVIVED', 'KILLED', 'KILLED', 'KILLED', 'KILLED', 'KILLED', 'KILLED', 'SURVIVED', 'KILLED', 'KILLED']","[0.762, 0.836, 0.83, 0.651, 0.49, 0.607, 0.969, 0.107, 0.164, 0.779, 0.158, 0.883, 0.372, 0.289, 0.837, 0.404, 0.553, 0.032, 0.176, 0.104, 0.425, 0.579, 0.207, 0.856, 0.179, 0.03, 0.18, 0.413, 0.961, 0.569, 0.55, 0.096, 0.979, 0.266, 0.679, 0.269, 0.829, 0.061, 0.546, 0.868, 0.451, 0.884, 0.759, 0.922, 0.806, 0.08, 0.924, 0.446, 0.779, 0.888, 0.685, 0.941, 0.291, 0.198, 0.185, 0.835, 0.184, 0.917, 0.377, 0.224, 0.113, 0.808, 0.16, 0.279, 0.444]"
Csv_5,"['KILLED', 'KILLED', 'KILLED', 'KILLED', 'KILLED', 'KILLED', 'KILLED', 'KILLED', 'KILLED', 'KILLED', 'KILLED', 'KILLED', 'KILLED', 'KILLED', 'KILLED', 'KILLED', 'KILLED', 'KILLED', 'KILLED', 'KILLED', 'KILLED', 'KILLED', 'KILLED', 'KILLED', 'KILLED', 'KILLED', 'KILLED', 'KILLED', 'KILLED', 'KILLED', 'KILLED', 'KILLED', 'KILLED', 'KILLED', 'KILLED', 'SURVIVED', 'SURVIVED', 'SURVIVED', 'SURVIVED', 'SURVIVED', 'SURVIVED', 'SURVIVED', 'SURVIVED', 'SURVIVED', 'SURVIVED', 'SURVIVED', 'SURVIVED', 'SURVIVED', 'SURVIVED', 'SURVIVED', 'SURVIVED', 'SURVIVED', 'SURVIVED', 'SURVIVED', 'SURVIVED', 'SURVIVED', 'SURVIVED', 'SURVIVED', 'SURVIVED', 'SURVIVED', 'SURVIVED', 'SURVIVED', 'SURVIVED', 'SURVIVED', 'SURVIVED']","['KILLED', 'KILLED', 'KILLED', 'KILLED', 'SURVIVED', 'SURVIVED', 'SURVIVED', 'KILLED', 'KILLED', 'SURVIVED', 'SURVIVED', 'KILLED', 'KILLED', 'KILLED', 'KILLED', 'SURVIVED', 'KILLED', 'SURVIVED', 'KILLED', 'KILLED', 'KILLED', 'KILLED', 'SURVIVED', 'KILLED', 'SURVIVED', 'KILLED', 'SURVIVED', 'SURVIVED', 'KILLED', 'KILLED', 'SURVIVED', 'SURVIVED', 'SURVIVED', 'SURVIVED', 'SURVIVED', 'KILLED', 'SURVIVED', 'KILLED', 'SURVIVED', 'SURVIVED', 'KILLED', 'SURVIVED', 'SURVIVED', 'SURVIVED', 'KILLED', 'SURVIVED', 'KILLED', 'SURVIVED', 'SURVIVED', 'KILLED', 'SURVIVED', 'SURVIVED', 'SURVIVED', 'SURVIVED', 'KILLED', 'KILLED', 'KILLED', 'KILLED', 'KILLED', 'KILLED', 'KILLED', 'KILLED', 'KILLED', 'KILLED', 'SURVIVED']","[0.777, 0.944, 0.882, 0.238, 0.033, 0.259, 0.572, 0.035, 0.225, 0.899, 0.348, 0.192, 0.206, 0.007, 0.168, 0.358, 0.041, 0.81, 0.906, 0.805, 0.344, 0.973, 0.114, 0.885, 0.226, 0.338, 0.329, 0.718, 0.897, 0.226, 0.405, 0.504, 0.554, 0.56, 0.695, 0.208, 0.194, 0.776, 0.193, 0.162, 0.85, 0.394, 0.163, 0.427, 0.007, 0.537, 0.347, 0.747, 0.538, 0.645, 0.122, 0.832, 0.789, 0.753, 0.09, 0.88, 0.058, 0.78, 0.751, 0.393, 0.908, 0.612, 0.615, 0.951, 0.118]"
Csv_5,"['KILLED', 'KILLED', 'KILLED', 'KILLED', 'KILLED', 'KILLED', 'KILLED', 'KILLED', 'KILLED', 'KILLED', 'KILLED', 'KILLED', 'KILLED', 'KILLED', 'KILLED', 'KILLED', 'KILLED', 'KILLED', 'KILLED', 'KILLED', 'KILLED', 'KILLED', 'KILLED', 'KILLED', 'KILLED', 'KILLED', 'KILLED', 'KILLED', 'KILLED', 'KILLED', 'KILLED', 'KILLED', 'KILLED', 'KILLED', 'KILLED', 'KILLED', 'KILLED', 'KILLED', 'KILLED', 'KILLED', 'KILLED', 'KILLED', 'KILLED', 'KILLED', 'KILLED', 'KILLED', 'KILLED', 'KILLED', 'KILLED', 'SURVIVED', 'SURVIVED', 'SURVIVED', 'SURVIVED', 'SURVIVED', 'SURVIVED', 'SURVIVED', 'SURVIVED', 'SURVIVED', 'SURVIVED', 'SURVIVED', 'SURVIVED', 'SURVIVED', 'SURVIVED', 'SURVIVED', 'SURVIVED']","['KILLED', 'SURVIVED', 'SURVIVED', 'KILLED', 'KILLED', 'SURVIVED', 'SURVIVED', 'SURVIVED', 'SURVIVED', 'SURVIVED', 'KILLED', 'KILLED', 'KILLED', 'SURVIVED', 'KILLED', 'SURVIVED', 'KILLED', 'KILLED', 'SURVIVED', 'SURVIVED', 'KILLED', 'KILLED', 'KILLED', 'SURVIVED', 'SURVIVED', 'KILLED', 'KILLED', 'KILLED', 'SURVIVED', 'SURVIVED', 'KILLED', 'SURVIVED', 'KILLED', 'SURVIVED', 'SURVIVED', 'SURVIVED', 'SURVIVED', 'KILLED', 'SURVIVED', 'SURVIVED', 'SURVIVED', 'KILLED', 'KILLED', 'KILLED', 'SURVIVED', 'KILLED', 'SURVIVED', 'KILLED', 'KILLED', 'KILLED', 'KILLED', 'SURVIVED', 'SURVIVED', 'KILLED', 'SURVIVED', 'KILLED', 'KILLED', 'KILLED', 'KILLED', 'KILLED', 'SURVIVED', 'KILLED', 'SURVIVED', 'SURVIVED', 'KILLED']","[0.318, 0.271, 0.72, 0.14, 0.582, 0.105, 0.238, 0.841, 0.517, 0.442, 0.917, 0.461, 0.14, 0.466, 0.974, 0.374, 0.741, 0.86, 0.153, 0.093, 0.545, 0.708, 0.254, 0.798, 0.321, 0.932, 0.791, 0.591, 0.736, 0.969, 0.303, 0.543, 0.493, 0.431, 0.634, 0.83, 0.198, 0.209, 0.234, 0.17, 0.59, 0.558, 0.354, 0.358, 0.618, 0.057, 0.34, 0.716, 0.666, 0.96, 0.275, 0.883, 0.334, 0.503, 0.784, 0.735, 0.53, 0.83, 0.541, 0.973, 0.321, 0.437, 0.794, 0.135, 0.789]"
Csv_5,"['KILLED', 'KILLED', 'KILLED', 'KILLED', 'KILLED', 'KILLED', 'KILLED', 'KILLED', 'KILLED', 'KILLED', 'KILLED', 'KILLED', 'KILLED', 'KILLED', 'KILLED', 'KILLED', 'KILLED', 'KILLED', 'KILLED', 'KILLED', 'KILLED', 'KILLED', 'KILLED', 'KILLED', 'KILLED', 'KILLED', 'KILLED', 'KILLED', 'KILLED', 'KILLED', 'KILLED', 'KILLED', 'KILLED', 'KILLED', 'KILLED', 'KILLED', 'KILLED', 'SURVIVED', 'SURVIVED', 'SURVIVED', 'SURVIVED', 'SURVIVED', 'SURVIVED', 'SURVIVED', 'SURVIVED', 'SURVIVED', 'SURVIVED', 'SURVIVED', 'SURVIVED', 'SURVIVED', 'SURVIVED', 'SURVIVED', 'SURVIVED', 'SURVIVED', 'SURVIVED', 'SURVIVED', 'SURVIVED', 'SURVIVED', 'SURVIVED', 'SURVIVED', 'SURVIVED', 'SURVIVED', 'SURVIVED', 'SURVIVED', 'SURVIVED']","['KILLED', 'SURVIVED', 'SURVIVED', 'SURVIVED', 'KILLED', 'KILLED', 'SURVIVED', 'SURVIVED', 'KILLED', 'SURVIVED', 'SURVIVED', 'KILLED', 'SURVIVED', 'KILLED', 'KILLED', 'KILLED', 'KILLED', 'SURVIVED', 'KILLED', 'KILLED', 'KILLED', 'SURVIVED', 'SURVIVED', 'KILLED', 'SURVIVED', 'SURVIVED', 'KILLED', 'SURVIVED', 'KILLED', 'SURVIVED', 'KILLED', 'KILLED', 'KILLED', 'KILLED', 'KILLED', 'KILLED', 'SURVIVED', 'KILLED', 'SURVIVED', 'KILLED', 'KILLED', 'KILLED', 'SURVIVED', 'SURVIVED', 'KILLED', 'SURVIVED', 'KILLED', 'KILLED', 'SURVIVED', 'SURVIVED', 'KILLED', 'SURVIVED', 'SURVIVED', 'KILLED', 'SURVIVED', 'SURVIVED', 'KILLED', 'KILLED', 'KILLED', 'SURVIVED', 'SURVIVED', 'KILLED', 'KILLED', 'KILLED', 'KILLED']","[0.05, 0.76, 0.575, 0.246, 0.763, 0.539, 0.178, 0.16, 0.836, 0.094, 0.95, 0.222, 0.852, 0.695, 0.42, 0.021, 0.529, 0.461, 0.659, 0.32, 0.281, 0.111, 0.685, 0.418, 0.841, 0.474, 0.436, 0.13, 0.281, 0.709, 0.713, 0.354, 0.015, 0.326, 0.463, 0.2, 0.424, 0.445, 0.426, 0.147, 0.223, 0.111, 0.983, 0.886, 0.787, 0.115, 0.643, 0.793, 0.259, 0.713, 0.965, 0.3, 0.939, 0.715, 0.389, 0.276, 0.817, 0.116, 0.749, 0.46, 0.464, 0.658, 0.388, 0.362, 0.951]"
Csv_5,"['KILLED', 'KILLED', 'KILLED', 'KILLED', 'KILLED', 'KILLED', 'KILLED', 'KILLED', 'KILLED', 'KILLED', 'KILLED', 'KILLED', 'KILLED', 'KILLED', 'KILLED', 'KILLED', 'KILLED', 'KILLED', 'KILLED', 'KILLED', 'KILLED', 'KILLED', 'KILLED', 'KILLED', 'KILLED', 'KILLED', 'KILLED', 'KILLED', 'KILLED', 'KILLED', 'KILLED', 'KILLED', 'KILLED', 'KILLED', 'KILLED', 'KILLED', 'KILLED', 'KILLED', 'KILLED', 'KILLED', 'KILLED', 'KILLED', 'KILLED', 'KILLED', 'KILLED', 'SURVIVED', 'SURVIVED', 'SURVIVED', 'SURVIVED', 'SURVIVED', 'SURVIVED', 'SURVIVED', 'SURVIVED', 'SURVIVED', 'SURVIVED', 'SURVIVED', 'SURVIVED', 'SURVIVED', 'SURVIVED', 'SURVIVED', 'SURVIVED', 'SURVIVED', 'SURVIVED']","['KILLED', 'SURVIVED', 'KILLED', 'SURVIVED', 'SURVIVED', 'KILLED', 'KILLED', 'SURVIVED', 'SURVIVED', 'KILLED', 'SURVIVED', 'SURVIVED', 'SURVIVED', 'KILLED', 'SURVIVED', 'KILLED', 'KILLED', 'SURVIVED', 'KILLED', 'KILLED', 'SURVIVED', 'KILLED', 'KILLED', 'KILLED', 'SURVIVED', 'KILLED', 'SURVIVED', 'SURVIVED', 'SURVIVED', 'SURVIVED', 'KILLED', 'SURVIVED', 'KILLED', 'KILLED', 'SURVIVED', 'SURVIVED', 'SURVIVED', 'SURVIVED', 'KILLED', 'SURVIVED', 'SURVIVED', 'SURVIVED', 'KILLED', 'KILLED', 'SURVIVED', 'SURVIVED', 'SURVIVED', 'KILLED', 'SURVIVED', 'KILLED', 'SURVIVED', 'KILLED', 'SURVIVED', 'SURVIVED', 'KILLED', 'KILLED', 'SURVIVED', 'SURVIVED', 'KILLED', 'KILLED', 'KILLED', 'SURVIVED', 'KILLED']","[0.501, 0.337, 0.886, 0.482, 0.944, 0.174, 0.391, 0.279, 0.321, 0.59, 0.016, 0.798, 0.582, 0.22, 0.534, 0.262, 0.427, 0.305, 0.846, 0.635, 0.737, 0.294, 0.456, 0.956, 0.523, 0.276, 0.457, 0.396, 0.375, 0.542, 0.451, 0.652, 0.856, 0.878, 0.256, 0.414, 0.467, 0.679, 0.388, 0.234, 0.553, 0.809, 0.965, 0.067, 0.659, 0.882, 0.087, 0.373, 0.518, 0.609, 0.034, 0.06, 0.453, 0.925, 0.167, 0.843, 0.011, 0.517, 0.335, 0.698, 0.65, 0.838, 0.385]"
Csv_5,"['KILLED', 'KILLED', 'KILLED', 'KILLED', 'KILLED', 'KILLED', 'KILLED', 'KILLED', 'KILLED', 'KILLED', 'KILLED', 'KILLED', 'KILLED', 'KILLED', 'KILLED', 'KILLED', 'KILLED', 'SURVIVED', 'SURVIVED', 'SURVIVED', 'SURVIVED', 'SURVIVED', 'SURVIVED', 'SURVIVED', 'SURVIVED', 'SURVIVED', 'SURVIVED', 'SURVIVED', 'SURVIVED', 'SURVIVED', 'SURVIVED', 'SURVIVED', 'SURVIVED', 'SURVIVED', 'SURVIVED', 'SURVIVED', 'SURVIVED', 'SURVIVED', 'SURVIVED', 'SURVIVED', 'SURVIVED', 'SURVIVED', 'SURVIVED', 'SURVIVED', 'SURVIVED', 'SURVIVED', 'SURVIVED', 'SURVIVED', 'SURVIVED', 'SURVIVED', 'SURVIVED', 'SURVIVED', 'SURVIVED', 'SURVIVED', 'SURVIVED', 'SURVIVED', 'SURVIVED', 'SURVIVED', 'SURVIVED', 'SURVIVED', 'SURVIVED', 'SURVIVED', 'SURVIVED']","['SURVIVED', 'KILLED', 'SURVIVED', 'SURVIVED', 'SURVIVED', 'KILLED', 'SURVIVED', 'KILLED', 'KILLED', 'KILLED', 'SURVIVED', 'SURVIVED', 'SURVIVED', 'KILLED', 'KILLED', 'KILLED', 'SURVIVED', 'SURVIVED', 'SURVIVED', 'KILLED', 'KILLED', 'SURVIVED', 'SURVIVED', 'KILLED', 'KILLED', 'KILLED', 'KILLED', 'SURVIVED', 'SURVIVED', 'SURVIVED', 'SURVIVED', 'KILLED', 'KILLED', 'SURVIVED', 'SURVIVED', 'SURVIVED', 'KILLED', 'SURVIVED', 'KILLED', 'SURVIVED', 'SURVIVED', 'KILLED', 'SURVIVED', 'KILLED', 'SURVIVED', 'KILLED', 'SURVIVED', 'SURVIVED', 'KILLED', 'SURVIVED', 'SURVIVED', 'KILLED', 'SURVIVED', 'KILLED', 'KILLED', 'KILLED', 'SURVIVED', 'KILLED', 'SURVIVED', 'SURVIVED', 'KILLED', 'SURVIVED', 'SURVIVED']","[0.03, 0.391, 0.187, 0.061, 0.07, 0.763, 0.578, 0.962, 0.896, 0.015, 0.192, 0.81, 0.581, 0.767, 0.509, 0.616, 0.673, 0.567, 0.537, 0.16, 0.12, 0.154, 0.702, 0.966, 0.769, 0.773, 0.233, 0.09, 0.738, 0.922, 0.534, 0.822, 0.308, 0.262, 0.405, 0.292, 0.03, 0.718, 0.591, 0.687, 0.665, 0.972, 0.087, 0.771, 0.958, 0.302, 0.99, 0.602, 0.019, 0.282, 0.775, 0.61, 0.419, 0.027, 0.38, 0.18, 0.617, 0.82, 0.439, 0.002, 0.258, 0.607, 0.162]"
Csv_5,"['KILLED', 'KILLED', 'KILLED', 'KILLED', 'KILLED', 'KILLED', 'KILLED', 'KILLED', 'KILLED', 'KILLED', 'KILLED', 'KILLED', 'SURVIVED', 'SURVIVED', 'SURVIVED', 'SURVIVED', 'SURVIVED', 'SURVIVED', 'SURVIVED', 'SURVIVED', 'SURVIVED', 'SURVIVED', 'SURVIVED', 'SURVIVED', 'SURVIVED', 'SURVIVED', 'SURVIVED', 'SURVIVED', 'SURVIVED', 'SURVIVED', 'SURVIVED', 'SURVIVED', 'SURVIVED', 'SURVIVED', 'SURVIVED', 'SURVIVED', 'SURVIVED', 'SURVIVED', 'SURVIVED', 'SURVIVED', 'SURVIVED', 'SURVIVED', 'SURVIVED', 'SURVIVED', 'SURVIVED', 'SURVIVED', 'SURVIVED', 'SURVIVED', 'SURVIVED', 'SURVIVED', 'SURVIVED', 'SURVIVED', 'SURVIVED', 'SURVIVED', 'SURVIVED', 'SURVIVED', 'SURVIVED', 'SURVIVED', 'SURVIVED', 'SURVIVED', 'SURVIVED', 'SURVIVED', 'SURVIVED']","['SURVIVED', 'KILLED', 'SURVIVED', 'KILLED', 'KILLED', 'KILLED', 'KILLED', 'SURVIVED', 'KILLED', 'SURVIVED', 'SURVIVED', 'KILLED', 'SURVIVED', 'SURVIVED', 'SURVIVED', 'KILLED', 'KILLED', 'SURVIVED', 'KILLED', 'KILLED', 'SURVIVED', 'SURVIVED', 'KILLED', 'KILLED', 'SURVIVED', 'KILLED', 'KILLED', 'SURVIVED', 'KILLED', 'KILLED', 'SURVIVED', 'KILLED', 'KILLED', 'SURVIVED', 'SURVIVED', 'KILLED', 'SURVIVED', 'KILLED', 'KILLED', 'KILLED', 'KILLED', 'KILLED', 'SURVIVED', 'KILLED', 'SURVIVED', 'KILLED', 'KILLED', 'SURVIVED', 'KILLED', 'SURVIVED', 'SURVIVED', 'SURVIVED', 'KILLED', 'KILLED', 'SURVIVED', 'KILLED', 'SURVIVED', 'KILLED', 'SURVIVED', 'SURVIVED', 'KILLED', 'KILLED', 'SURVIVED']","[0.54, 0.423, 0.592, 0.112, 0.6, 0.894, 0.859, 0.171, 0.472, 0.392, 0.016, 0.033, 0.133, 0.017, 0.625, 0.456, 0.636, 0.804, 0.994, 0.421, 0.673, 0.882, 0.281, 0.218, 0.803, 0.381, 0.651, 0.642, 0.334, 0.522, 0.821, 0.485, 0.006, 0.179, 0.736, 0.295, 0.662, 0.658, 0.298, 0.658, 0.374, 0.408, 0.019, 0.09, 0.926, 0.957, 0.459, 0.249, 0.183, 0.909, 0.57, 0.405, 0.816, 0.704, 0.25, 0.377, 0.761, 0.001, 0.918, 0.294, 0.375, 0.133, 0.765]"
Csv_5,"['KILLED', 'KILLED', 'KILLED', 'KILLED', 'KILLED', 'KILLED', 'KILLED', 'KILLED', 'KILLED', 'KILLED', 'KILLED', 'KILLED', 'KILLED', 'KILLED', 'KILLED', 'KILLED', 'KILLED', 'KILLED', 'KILLED', 'SURVIVED', 'SURVIVED', 'SURVIVED', 'SURVIVED', 'SURVIVED', 'SURVIVED', 'SURVIVED', 'SURVIVED', 'SURVIVED', 'SURVIVED', 'SURVIVED', 'SURVIVED', 'SURVIVED', 'SURVIVED', 'SURVIVED', 'SURVIVED', 'SURVIVED', 'SURVIVED', 'SURVIVED', 'SURVIVED', 'SURVIVED', 'SURVIVED', 'SURVIVED', 'SURVIVED', 'SURVIVED', 'SURVIVED', 'SURVIVED', 'SURVIVED', 'SURVIVED', 'SURVIVED', 'SURVIVED', 'SURVIVED', 'SURVIVED', 'SURVIVED', 'SURVIVED', 'SURVIVED', 'SURVIVED', 'SURVIVED', 'SURVIVED', 'SURVIVED', 'SURVIVED', 'SURVIVED', 'SURVIVED', 'SURVIVED']","['SURVIVED', 'KILLED', 'SURVIVED', 'SURVIVED', 'KILLED', 'SURVIVED', 'SURVIVED', 'KILLED', 'SURVIVED', 'SURVIVED', 'SURVIVED', 'KILLED', 'KILLED', 'SURVIVED', 'SURVIVED', 'KILLED', 'KILLED', 'SURVIVED', 'SURVIVED', 'SURVIVED', 'KILLED', 'SURVIVED', 'SURVIVED', 'SURVIVED', 'SURVIVED', 'KILLED', 'KILLED', 'KILLED', 'KILLED', 'SURVIVED', 'KILLED', 'SURVIVED', 'SURVIVED', 'SURVIVED', 'SURVIVED', 'SURVIVED', 'KILLED', 'KILLED', 'SURVIVED', 'SURVIVED', 'SURVIVED', 'KILLED', 'KILLED', 'KILLED', 'SURVIVED', 'KILLED', 'SURVIVED', 'KILLED', 'KILLED', 'SURVIVED', 'KILLED', 'KILLED', 'SURVIVED', 'SURVIVED', 'SURVIVED', 'KILLED', 'SURVIVED', 'SURVIVED', 'KILLED', 'KILLED', 'SURVIVED', 'SURVIVED', 'KILLED']","[0.588, 0.737, 0.791, 0.734, 0.248, 0.321, 0.553, 0.477, 0.973, 0.556, 0.464, 0.495, 0.611, 0.372, 0.781, 0.012, 0.121, 0.255, 0.173, 0.523, 0.867, 0.251, 0.608, 0.247, 0.327, 0.603, 0.746, 0.976, 0.599, 0.155, 0.126, 0.01, 0.004, 0.066, 0.297, 0.652, 0.658, 0.466, 0.399, 0.84, 0.724, 0.944, 0.957, 0.305, 0.652, 0.227, 0.034, 0.284, 0.936, 0.071, 0.301, 0.017, 0.517, 0.575, 0.321, 0.901, 0.844, 0.47, 0.033, 0.613, 0.435, 0.327, 0.671]"
Csv_5,"['KILLED', 'KILLED', 'KILLED', 'KILLED', 'KILLED', 'KILLED', 'KILLED', 'KILLED', 'KILLED', 'KILLED', 'KILLED', 'KILLED', 'KILLED', 'KILLED', 'KILLED', 'KILLED', 'KILLED', 'KILLED', 'KILLED', 'KILLED', 'KILLED', 'KILLED', 'KILLED', 'KILLED', 'KILLED', 'KILLED', 'KILLED', 'KILLED', 'KILLED', 'KILLED', 'KILLED', 'KILLED', 'KILLED', 'KILLED', 'KILLED', 'KILLED', 'KILLED', 'KILLED', 'KILLED', 'KILLED', 'KILLED', 'KILLED', 'KILLED', 'KILLED', 'KILLED', 'KILLED', 'KILLED', 'KILLED', 'KILLED', 'KILLED', 'KILLED', 'KILLED', 'KILLED', 'KILLED', 'KILLED', 'KILLED', 'KILLED', 'KILLED', 'KILLED', 'KILLED', 'KILLED', 'SURVIVED', 'SURVIVED']","['SURVIVED', 'KILLED', 'KILLED', 'SURVIVED', 'KILLED', 'SURVIVED', 'KILLED', 'KILLED', 'KILLED', 'KILLED', 'SURVIVED', 'KILLED', 'KILLED', 'SURVIVED', 'SURVIVED', 'SURVIVED', 'KILLED', 'SURVIVED', 'SURVIVED', 'KILLED', 'KILLED', 'SURVIVED', 'SURVIVED', 'KILLED', 'KILLED', 'KILLED', 'SURVIVED', 'SURVIVED', 'KILLED', 'KILLED', 'SURVIVED', 'SURVIVED', 'SURVIVED', 'KILLED', 'SURVIVED', 'SURVIVED', 'SURVIVED', 'KILLED', 'SURVIVED', 'KILLED', 'SURVIVED', 'KILLED', 'SURVIVED', 'SURVIVED', 'SURVIVED', 'KILLED', 'KILLED', 'SURVIVED', 'KILLED', 'KILLED', 'KILLED', 'SURVIVED', 'SURVIVED', 'SURVIVED', 'KILLED', 'KILLED', 'KILLED', 'SURVIVED', 'SURVIVED', 'SURVIVED', 'KILLED', 'KILLED', 'KILLED']","[0.496, 0.971, 0.062, 0.419, 0.758, 0.762, 0.179, 0.045, 0.695, 0.833, 0.744, 0.584, 0.722, 0.591, 0.516, 0.193, 0.46, 0.19, 0.732, 0.81, 0.852, 0.311, 0.847, 0.287, 0.609, 0.78, 0.493, 0.026, 0.75, 0.535, 0.866, 0.774, 0.315, 0.066, 0.969, 0.005, 0.837, 0.414, 0.076, 0.757, 0.071, 0.471, 0.034, 0.919, 0.557, 0.781, 0.357, 0.483, 0.239, 0.657, 0.864, 0.593, 0.078, 0.352, 0.193, 0.256, 0.605, 0.073, 0.795, 0.509, 0.344, 0.545, 0.079]"
Csv_5,"['KILLED', 'KILLED', 'KILLED', 'KILLED', 'KILLED', 'KILLED', 'KILLED', 'KILLED', 'KILLED', 'KILLED', 'KILLED', 'KILLED', 'KILLED', 'KILLED', 'SURVIVED', 'SURVIVED', 'SURVIVED', 'SURVIVED', 'SURVIVED', 'SURVIVED', 'SURVIVED', 'SURVIVED', 'SURVIVED', 'SURVIVED', 'SURVIVED', 'SURVIVED', 'SURVIVED', 'SURVIVED', 'SURVIVED', 'SURVIVED', 'SURVIVED', 'SURVIVED', 'SURVIVED', 'SURVIVED', 'SURVIVED', 'SURVIVED', 'SURVIVED', 'SURVIVED', 'SURVIVED', 'SURVIVED', 'SURVIVED', 'SURVIVED', 'SURVIVED', 'SURVIVED', 'SURVIVED', 'SURVIVED', 'SURVIVED', 'SURVIVED', 'SURVIVED', 'SURVIVED', 'SURVIVED', 'SURVIVED', 'SURVIVED', 'SURVIVED', 'SURVIVED', 'SURVIVED', 'SURVIVED', 'SURVIVED', 'SURVIVED', 'SURVIVED', 'SURVIVED', 'SURVIVED', 'SURVIVED']","['KILLED', 'SURVIVED', 'SURVIVED', 'SURVIVED', 'SURVIVED', 'SURVIVED', 'SURVIVED', 'KILLED', 'KILLED', 'SURVIVED', 'KILLED', 'SURVIVED', 'SURVIVED', 'KILLED', 'KILLED', 'SURVIVED', 'KILLED', 'KILLED', 'KILLED', 'SURVIVED', 'SURVIVED', 'SURVIVED', 'KILLED', 'SURVIVED', 'KILLED', 'KILLED', 'KILLED', 'KILLED', 'KILLED', 'KILLED', 'KILLED', 'SURVIVED', 'SURVIVED', 'KILLED', 'KILLED', 'KILLED', 'SURVIVED', 'SURVIVED', 'SURVIVED', 'KILLED', 'SURVIVED', 'KILLED', 'KILLED', 'SURVIVED', 'SURVIVED', 'KILLED', 'SURVIVED', 'KILLED', 'SURVIVED', 'SURVIVED', 'SURVIVED', 'KILLED', 'KILLED', 'KILLED', 'SURVIVED', 'SURVIVED', 'KILLED', 'KILLED', 'KILLED', 'KILLED', 'SURVIVED', 'SURVIVED', 'SURVIVED']","[0.85, 0.503, 0.507, 0.053, 0.769, 0.432, 0.043, 0.72, 0.605, 0.483, 0.969, 0.597, 0.041, 0.679, 0.117, 0.699, 0.093, 0.839, 0.822, 0.629, 0.979, 0.866, 0.079, 0.2, 0.856, 0.145, 0.39, 0.1, 0.335, 0.276, 0.339, 0.047, 0.163, 0.399, 0.186, 0.119, 0.594, 0.403, 0.295, 0.455, 0.684, 0.988, 0.147, 0.314, 0.601, 0.47, 0.007, 0.477, 0.273, 0.711, 0.296, 0.726, 0.959, 0.057, 0.532, 0.892, 0.773, 0.919, 0.895, 0.08, 0.751, 0.289, 0.746]"
Csv_5,"['KILLED', 'KILLED', 'KILLED', 'KILLED', 'KILLED', 'KILLED', 'KILLED', 'KILLED', 'KILLED', 'KILLED', 'KILLED', 'KILLED', 'KILLED', 'KILLED', 'KILLED', 'KILLED', 'KILLED', 'KILLED', 'KILLED', 'KILLED', 'KILLED', 'KILLED', 'KILLED', 'KILLED', 'KILLED', 'KILLED', 'KILLED', 'KILLED', 'KILLED', 'KILLED', 'KILLED', 'KILLED', 'KILLED', 'KILLED', 'KILLED', 'KILLED', 'KILLED', 'KILLED', 'KILLED', 'KILLED', 'KILLED', 'KILLED', 'KILLED', 'KILLED', 'KILLED', 'KILLED', 'KILLED', 'KILLED', 'KILLED', 'KILLED', 'KILLED', 'KILLED', 'KILLED', 'KILLED', 'KILLED', 'KILLED', 'KILLED', 'KILLED', 'KILLED', 'SURVIVED', 'SURVIVED', 'SURVIVED', 'SURVIVED']","['SURVIVED', 'KILLED', 'SURVIVED', 'SURVIVED', 'SURVIVED', 'SURVIVED', 'SURVIVED', 'KILLED', 'SURVIVED', 'KILLED', 'KILLED', 'SURVIVED', 'SURVIVED', 'KILLED', 'SURVIVED', 'KILLED', 'KILLED', 'KILLED', 'SURVIVED', 'KILLED', 'SURVIVED', 'KILLED', 'KILLED', 'SURVIVED', 'SURVIVED', 'SURVIVED', 'KILLED', 'KILLED', 'SURVIVED', 'SURVIVED', 'KILLED', 'SURVIVED', 'KILLED', 'SURVIVED', 'KILLED', 'KILLED', 'SURVIVED', 'SURVIVED', 'KILLED', 'SURVIVED', 'KILLED', 'SURVIVED', 'KILLED', 'KILLED', 'KILLED', 'SURVIVED', 'SURVIVED', 'KILLED', 'KILLED', 'KILLED', 'KILLED', 'KILLED', 'KILLED', 'KILLED', 'KILLED', 'KILLED', 'KILLED', 'KILLED', 'SURVIVED', 'KILLED', 'KILLED', 'SURVIVED', 'SURVIVED']","[0.158, 0.2, 0.943, 0.757, 0.568, 0.696, 0.367, 0.857, 0.574, 0.824, 0.969, 0.042, 0.623, 0.533, 0.043, 0.863, 0.463, 0.917, 0.948, 0.934, 0.662, 0.258, 0.273, 0.63, 0.952, 0.044, 0.286, 0.557, 0.605, 0.693, 0.926, 0.225, 0.091, 0.557, 0.631, 0.121, 0.548, 0.389, 0.629, 0.529, 0.283, 0.839, 0.283, 0.33, 0.98, 0.157, 0.168, 0.794, 0.371, 0.123, 0.617, 0.052, 0.699, 0.38, 0.235, 0.812, 0.103, 0.42, 0.14, 0.542, 0.03, 0.01, 0.449]"
Csv_5,"['KILLED', 'KILLED', 'KILLED', 'KILLED', 'KILLED', 'KILLED', 'SURVIVED', 'SURVIVED', 'SURVIVED', 'SURVIVED', 'SURVIVED', 'SURVIVED', 'SURVIVED', 'SURVIVED', 'SURVIVED', 'SURVIVED', 'SURVIVED', 'SURVIVED', 'SURVIVED', 'SURVIVED', 'SURVIVED', 'SURVIVED', 'SURVIVED', 'SURVIVED', 'SURVIVED', 'SURVIVED', 'SURVIVED', 'SURVIVED', 'SURVIVED', 'SURVIVED', 'SURVIVED', 'SURVIVED', 'SURVIVED', 'SURVIVED', 'SURVIVED', 'SURVIVED', 'SURVIVED', 'SURVIVED', 'SURVIVED', 'SURVIVED', 'SURVIVED', 'SURVIVED', 'SURVIVED', 'SURVIVED', 'SURVIVED', 'SURVIVED', 'SURVIVED', 'SURVIVED', 'SURVIVED', 'SURVIVED', 'SURVIVED', 'SURVIVED', 'SURVIVED', 'SURVIVED', 'SURVIVED', 'SURVIVED', 'SURVIVED', 'SURVIVED', 'SURVIVED', 'SURVIVED', 'SURVIVED', 'SURVIVED', 'SURVIVED']","['KILLED', 'SURVIVED', 'SURVIVED', 'KILLED', 'KILLED', 'KILLED', 'SURVIVED', 'KILLED', 'SURVIVED', 'SURVIVED', 'KILLED', 'KILLED', 'SURVIVED', 'KILLED', 'KILLED', 'KILLED', 'SURVIVED', 'KILLED', 'KILLED', 'SURVIVED', 'SURVIVED', 'KILLED', 'SURVIVED', 'SURVIVED', 'KILLED', 'SURVIVED', 'SURVIVED', 'KILLED', 'SURVIVED', 'KILLED', 'KILLED', 'SURVIVED', 'SURVIVED', 'KILLED', 'KILLED', 'KILLED', 'SURVIVED', 'SURVIVED', 'SURVIVED', 'SURVIVED', 'KILLED', 'SURVIVED', 'SURVIVED', 'SURVIVED', 'KILLED', 'KILLED', 'SURVIVED', 'SURVIVED', 'KILLED', 'SURVIVED', 'SURVIVED', 'KILLED', 'KILLED', 'SURVIVED', 'SURVIVED', 'SURVIVED', 'SURVIVED', 'KILLED', 'SURVIVED', 'SURVIVED', 'SURVIVED', 'KILLED', 'KILLED']","[0.195, 0.322, 0.607, 0.264, 0.671, 0.46, 0.547, 0.007, 0.687, 0.049, 0.186, 0.243, 0.746, 0.478, 0.474, 0.731, 0.542, 0.244, 0.006, 0.642, 0.564, 0.164, 0.603, 0.432, 0.242, 0.19, 0.817, 0.69, 0.604, 0.479, 0.786, 0.133, 0.566, 0.861, 0.289, 0.04, 0.869, 0.922, 0.322, 0.763, 0.815, 0.935, 0.896, 0.46, 0.617, 0.594, 0.187, 0.165, 0.473, 0.237, 0.933, 0.159, 0.721, 0.867, 0.652, 0.047, 0.238, 0.182, 0.575, 0.251, 0.992, 0.065, 0.617]"
Csv_5,"['KILLED', 'KILLED', 'KILLED', 'KILLED', 'SURVIVED', 'SURVIVED', 'SURVIVED', 'SURVIVED', 'SURVIVED', 'SURVIVED', 'SURVIVED', 'SURVIVED', 'SURVIVED', 'SURVIVED', 'SURVIVED', 'SURVIVED', 'SURVIVED', 'SURVIVED', 'SURVIVED', 'SURVIVED', 'SURVIVED', 'SURVIVED', 'SURVIVED', 'SURVIVED', 'SURVIVED', 'SURVIVED', 'SURVIVED', 'SURVIVED', 'SURVIVED', 'SURVIVED', 'SURVIVED', 'SURVIVED', 'SURVIVED', 'SURVIVED', 'SURVIVED', 'SURVIVED', 'SURVIVED', 'SURVIVED', 'SURVIVED', 'SURVIVED', 'SURVIVED', 'SURVIVED', 'SURVIVED', 'SURVIVED', 'SURVIVED', 'SURVIVED', 'SURVIVED', 'SURVIVED', 'SURVIVED', 'SURVIVED', 'SURVIVED', 'SURVIVED', 'SURVIVED', 'SURVIVED', 'SURVIVED', 'SURVIVED', 'SURVIVED', 'SURVIVED', 'SURVIVED', 'SURVIVED', 'SURVIVED', 'SURVIVED', 'SURVIVED']","['KILLED', 'KILLED', 'SURVIVED', 'SURVIVED', 'KILLED', 'KILLED', 'SURVIVED', 'SURVIVED', 'KILLED', 'KILLED', 'KILLED', 'SURVIVED', 'SURVIVED', 'SURVIVED', 'KILLED', 'SURVIVED', 'SURVIVED', 'SURVIVED', 'KILLED', 'SURVIVED', 'KILLED', 'SURVIVED', 'SURVIVED', 'SURVIVED', 'KILLED', 'KILLED', 'KILLED', 'KILLED', 'KILLED', 'KILLED', 'SURVIVED', 'SURVIVED', 'KILLED', 'KILLED', 'KILLED', 'KILLED', 'SURVIVED', 'KILLED', 'KILLED', 'SURVIVED', 'SURVIVED', 'SURVIVED', 'SURVIVED', 'KILLED', 'KILLED', 'KILLED', 'SURVIVED', 'KILLED', 'SURVIVED', 'SURVIVED', 'SURVIVED', 'SURVIVED', 'KILLED', 'SURVIVED', 'KILLED', 'KILLED', 'SURVIVED', 'KILLED', 'KILLED', 'SURVIVED', 'KILLED', 'SURVIVED', 'SURVIVED']","[0.169, 0.503, 0.304, 0.63, 0.085, 0.824, 0.64, 0.791, 0.298, 0.054, 0.898, 0.27, 0.675, 0.869, 0.473, 0.759, 0.506, 0.428, 0.42, 0.371, 0.926, 0.842, 0.43, 0.16, 0.843, 0.245, 0.405, 0.805, 0.662, 0.357, 0.847, 0.81, 0.404, 0.955, 0.262, 0.412, 0.071, 0.574, 0.267, 0.595, 0.646, 0.209, 0.523, 0.218, 0.587, 0.77, 0.679, 0.749, 0.839, 0.708, 0.842, 0.598, 0.077, 0.599, 0.706, 0.427, 0.589, 0.62, 0.315, 0.314, 0.867, 0.597, 0.8]"
Csv_5,"['SURVIVED', 'SURVIVED', 'SURVIVED', 'SURVIVED', 'SURVIVED', 'SURVIVED']","['KILLED', 'KILLED', 'SURVIVED', 'SURVIVED', 'SURVIVED', 'KILLED']","[0.128, 0.745, 0.975, 0.257, 0.381, 0.131]"
Csv_5,"['KILLED', 'KILLED', 'KILLED', 'KILLED', 'SURVIVED', 'SURVIVED']","['KILLED', 'KILLED', 'KILLED', 'SURVIVED', 'SURVIVED', 'SURVIVED']","[0.228, 0.016, 0.7, 0.182, 0.45, 0.741]"
Csv_5,"['KILLED', 'KILLED', 'KILLED', 'SURVIVED', 'SURVIVED', 'SURVIVED']","['KILLED', 'KILLED', 'KILLED', 'SURVIVED', 'SURVIVED', 'SURVIVED']","[0.173, 0.89, 0.637, 0.341, 0.715, 0.747]"
Csv_5,"['SURVIVED', 'SURVIVED', 'SURVIVED', 'SURVIVED', 'SURVIVED', 'SURVIVED']","['SURVIVED', 'KILLED', 'KILLED', 'KILLED', 'KILLED', 'SURVIVED']","[0.526, 0.546, 0.483, 0.33, 0.547, 0.848]"
Csv_5,"['KILLED', 'SURVIVED', 'SURVIVED', 'SURVIVED', 'SURVIVED', 'SURVIVED']","['KILLED', 'SURVIVED', 'KILLED', 'SURVIVED', 'KILLED', 'KILLED']","[0.698, 0.255, 0.642, 0.401, 0.468, 0.98]"
Csv_5,"['SURVIVED', 'SURVIVED', 'SURVIVED', 'SURVIVED', 'SURVIVED', 'SURVIVED']","['SURVIVED', 'SURVIVED', 'KILLED', 'SURVIVED', 'SURVIVED', 'SURVIVED']","[0.624, 0.567, 0.797, 0.193, 0.678, 0.241]"
Csv_5,"['SURVIVED', 'SURVIVED', 'SURVIVED', 'SURVIVED', 'SURVIVED', 'SURVIVED']","['KILLED', 'SURVIVED', 'KILLED', 'KILLED', 'SURVIVED', 'KILLED']","[0.051, 0.543, 0.574, 0.141, 0.084, 0.401]"
Csv_5,"['KILLED', 'SURVIVED', 'SURVIVED', 'SURVIVED', 'SURVIVED', 'SURVIVED']","['KILLED', 'KILLED', 'SURVIVED', 'SURVIVED', 'SURVIVED', 'SURVIVED']","[0.732, 0.684, 0.406, 0.278, 0.499, 0.927]"
Csv_5,"['KILLED', 'KILLED', 'SURVIVED', 'SURVIVED', 'SURVIVED', 'SURVIVED']","['SURVIVED', 'SURVIVED', 'SURVIVED', 'SURVIVED', 'SURVIVED', 'SURVIVED']","[0.1, 0.966, 0.255, 0.431, 0.006, 0.052]"
Csv_5,"['KILLED', 'KILLED', 'KILLED', 'SURVIVED', 'SURVIVED', 'SURVIVED']","['SURVIVED', 'SURVIVED', 'SURVIVED', 'KILLED', 'SURVIVED', 'KILLED']","[0.357, 0.415, 0.353, 0.325, 0.154, 0.892]"
Csv_5,"['KILLED', 'KILLED', 'KILLED', 'SURVIVED', 'SURVIVED', 'SURVIVED']","['SURVIVED', 'SURVIVED', 'KILLED', 'SURVIVED', 'SURVIVED', 'KILLED']","[0.144, 0.848, 0.202, 0.529, 0.912, 0.998]"
Csv_5,"['KILLED', 'KILLED', 'KILLED', 'SURVIVED', 'SURVIVED', 'SURVIVED']","['KILLED', 'KILLED', 'SURVIVED', 'SURVIVED', 'KILLED', 'KILLED']","[0.453, 0.958, 0.408, 0.046, 0.622, 0.81]"
Csv_5,"['KILLED', 'KILLED', 'SURVIVED', 'SURVIVED', 'SURVIVED', 'SURVIVED']","['SURVIVED', 'KILLED', 'KILLED', 'SURVIVED', 'KILLED', 'KILLED']","[0.045, 0.694, 0.731, 0.541, 0.736, 0.223]"
Csv_5,"['KILLED', 'SURVIVED', 'SURVIVED', 'SURVIVED', 'SURVIVED', 'SURVIVED']","['SURVIVED', 'KILLED', 'KILLED', 'SURVIVED', 'KILLED', 'SURVIVED']","[0.638, 0.824, 0.476, 0.485, 0.845, 0.821]"
Csv_5,"['KILLED', 'KILLED', 'KILLED', 'KILLED', 'SURVIVED', 'SURVIVED']","['SURVIVED', 'KILLED', 'SURVIVED', 'SURVIVED', 'KILLED', 'SURVIVED']","[0.11, 0.363, 0.609, 0.527, 0.299, 0.914]"
Csv_5,['KILLED'],['SURVIVED'],[0.205]
Csv_5,"['KILLED', 'KILLED', 'KILLED', 'KILLED', 'KILLED', 'KILLED', 'KILLED', 'KILLED', 'KILLED', 'KILLED', 'KILLED', 'KILLED', 'KILLED', 'KILLED', 'KILLED', 'KILLED', 'KILLED', 'KILLED', 'KILLED', 'KILLED', 'KILLED', 'KILLED', 'KILLED', 'SURVIVED', 'SURVIVED', 'SURVIVED', 'SURVIVED', 'SURVIVED', 'SURVIVED', 'SURVIVED', 'SURVIVED', 'SURVIVED', 'SURVIVED', 'SURVIVED', 'SURVIVED', 'SURVIVED', 'SURVIVED', 'SURVIVED', 'SURVIVED']","['SURVIVED', 'SURVIVED', 'SURVIVED', 'KILLED', 'SURVIVED', 'SURVIVED', 'KILLED', 'SURVIVED', 'KILLED', 'SURVIVED', 'KILLED', 'KILLED', 'SURVIVED', 'KILLED', 'KILLED', 'SURVIVED', 'SURVIVED', 'KILLED', 'KILLED', 'KILLED', 'KILLED', 'SURVIVED', 'KILLED', 'SURVIVED', 'SURVIVED', 'KILLED', 'SURVIVED', 'KILLED', 'SURVIVED', 'KILLED', 'KILLED', 'KILLED', 'KILLED', 'SURVIVED', 'SURVIVED', 'SURVIVED', 'SURVIVED', 'SURVIVED', 'SURVIVED']","[0.363, 0.365, 0.949, 0.656, 0.067, 0.899, 0.738, 0.993, 0.687, 0.722, 0.201, 0.501, 0.755, 0.129, 0.606, 0.787, 0.52, 0.396, 0.514, 0.938, 0.106, 0.42, 0.245, 0.766, 0.168, 0.892, 0.031, 0.643, 0.723, 0.377, 0.623, 0.28, 0.459, 0.839, 0.293, 0.516, 0.099, 0.982, 0.192]"
Csv_5,"['KILLED', 'KILLED', 'KILLED', 'KILLED', 'KILLED', 'KILLED', 'KILLED', 'KILLED', 'KILLED', 'KILLED', 'KILLED', 'KILLED', 'KILLED', 'KILLED', 'KILLED', 'KILLED', 'KILLED', 'KILLED', 'KILLED', 'KILLED', 'KILLED', 'KILLED', 'KILLED', 'KILLED', 'KILLED', 'KILLED', 'KILLED', 'KILLED', 'KILLED', 'KILLED', 'KILLED', 'KILLED', 'KILLED', 'KILLED', 'KILLED', 'KILLED', 'KILLED', 'KILLED', 'KILLED']","['KILLED', 'SURVIVED', 'SURVIVED', 'KILLED', 'KILLED', 'KILLED', 'SURVIVED', 'KILLED', 'KILLED', 'SURVIVED', 'KILLED', 'SURVIVED', 'KILLED', 'SURVIVED', 'SURVIVED', 'SURVIVED', 'SURVIVED', 'SURVIVED', 'KILLED', 'SURVIVED', 'KILLED', 'KILLED', 'KILLED', 'SURVIVED', 'KILLED', 'KILLED', 'SURVIVED', 'KILLED', 'SURVIVED', 'KILLED', 'KILLED', 'KILLED', 'KILLED', 'SURVIVED', 'KILLED', 'KILLED', 'SURVIVED', 'SURVIVED', 'SURVIVED']","[0.873, 0.714, 0.628, 0.448, 0.671, 0.552, 0.81, 0.984, 0.581, 0.703, 0.071, 0.791, 0.421, 0.314, 0.203, 0.525, 0.989, 0.879, 0.545, 0.624, 0.04, 0.452, 0.21, 0.514, 0.353, 0.065, 0.494, 0.058, 0.581, 0.37, 0.988, 0.762, 0.627, 0.168, 0.827, 0.21, 0.264, 0.512, 0.411]"
Csv_5,"['KILLED', 'KILLED', 'KILLED', 'KILLED', 'KILLED', 'KILLED', 'KILLED', 'KILLED', 'KILLED', 'KILLED', 'KILLED', 'KILLED', 'KILLED', 'KILLED', 'KILLED', 'KILLED', 'KILLED', 'KILLED', 'KILLED', 'KILLED', 'KILLED', 'KILLED', 'KILLED', 'SURVIVED', 'SURVIVED', 'SURVIVED', 'SURVIVED', 'SURVIVED', 'SURVIVED', 'SURVIVED', 'SURVIVED', 'SURVIVED', 'SURVIVED', 'SURVIVED', 'SURVIVED', 'SURVIVED', 'SURVIVED', 'SURVIVED', 'SURVIVED']","['KILLED', 'KILLED', 'KILLED', 'SURVIVED', 'SURVIVED', 'KILLED', 'KILLED', 'KILLED', 'SURVIVED', 'KILLED', 'KILLED', 'KILLED', 'KILLED', 'SURVIVED', 'KILLED', 'KILLED', 'KILLED', 'SURVIVED', 'KILLED', 'KILLED', 'KILLED', 'SURVIVED', 'KILLED', 'SURVIVED', 'SURVIVED', 'KILLED', 'KILLED', 'KILLED', 'SURVIVED', 'KILLED', 'KILLED', 'SURVIVED', 'KILLED', 'KILLED', 'SURVIVED', 'KILLED', 'KILLED', 'SURVIVED', 'SURVIVED']","[0.661, 0.607, 0.454, 0.046, 0.714, 0.044, 0.491, 0.46, 0.614, 0.862, 0.783, 0.865, 0.997, 0.191, 0.354, 0.446, 0.8, 0.442, 0.74, 0.766, 0.84, 0.658, 0.88, 0.1, 0.329, 0.632, 0.681, 0.768, 0.44, 0.905, 0.357, 0.644, 0.525, 0.618, 0.676, 0.739, 0.517, 0.711, 0.28]"
Csv_5,"['KILLED', 'KILLED', 'KILLED', 'KILLED', 'KILLED', 'KILLED', 'KILLED', 'KILLED', 'KILLED', 'KILLED', 'KILLED', 'KILLED', 'KILLED', 'KILLED', 'KILLED', 'KILLED', 'KILLED', 'KILLED', 'KILLED', 'KILLED', 'KILLED', 'KILLED', 'KILLED', 'KILLED', 'KILLED', 'KILLED', 'KILLED', 'KILLED', 'KILLED', 'KILLED', 'KILLED', 'KILLED', 'KILLED', 'KILLED', 'KILLED', 'KILLED', 'KILLED', 'SURVIVED', 'SURVIVED']","['KILLED', 'SURVIVED', 'SURVIVED', 'KILLED', 'KILLED', 'KILLED', 'SURVIVED', 'KILLED', 'SURVIVED', 'SURVIVED', 'KILLED', 'KILLED', 'KILLED', 'KILLED', 'SURVIVED', 'KILLED', 'KILLED', 'SURVIVED', 'SURVIVED', 'KILLED', 'SURVIVED', 'SURVIVED', 'KILLED', 'KILLED', 'SURVIVED', 'SURVIVED', 'SURVIVED', 'KILLED', 'KILLED', 'KILLED', 'SURVIVED', 'SURVIVED', 'SURVIVED', 'SURVIVED', 'SURVIVED', 'SURVIVED', 'SURVIVED', 'SURVIVED', 'SURVIVED']","[0.025, 0.761, 0.232, 0.772, 0.726, 0.427, 0.298, 0.022, 0.432, 0.938, 0.613, 0.48, 0.758, 0.506, 0.208, 0.119, 0.582, 0.498, 0.453, 0.917, 0.601, 0.703, 0.147, 0.439, 0.104, 0.394, 0.56, 0.743, 0.711, 0.137, 0.83, 0.331, 0.368, 0.705, 0.304, 0.164, 0.822, 0.227, 0.3]"
Csv_5,"['KILLED', 'KILLED', 'KILLED', 'KILLED', 'KILLED', 'KILLED', 'KILLED', 'KILLED', 'KILLED', 'KILLED', 'KILLED', 'KILLED', 'KILLED', 'KILLED', 'KILLED', 'KILLED', 'KILLED', 'KILLED', 'KILLED', 'KILLED', 'KILLED', 'KILLED', 'KILLED', 'KILLED', 'KILLED', 'KILLED', 'KILLED', 'KILLED', 'KILLED', 'KILLED', 'KILLED', 'KILLED', 'KILLED', 'KILLED', 'KILLED', 'SURVIVED', 'SURVIVED', 'SURVIVED', 'SURVIVED']","['SURVIVED', 'SURVIVED', 'KILLED', 'SURVIVED', 'SURVIVED', 'KILLED', 'SURVIVED', 'SURVIVED', 'KILLED', 'SURVIVED', 'KILLED', 'SURVIVED', 'SURVIVED', 'SURVIVED', 'SURVIVED', 'SURVIVED', 'SURVIVED', 'KILLED', 'KILLED', 'SURVIVED', 'SURVIVED', 'SURVIVED', 'KILLED', 'SURVIVED', 'SURVIVED', 'KILLED', 'SURVIVED', 'KILLED', 'SURVIVED', 'KILLED', 'SURVIVED', 'KILLED', 'KILLED', 'KILLED', 'KILLED', 'KILLED', 'SURVIVED', 'KILLED', 'SURVIVED']","[0.891, 0.099, 0.788, 0.3, 0.273, 0.48, 0.699, 0.059, 0.591, 0.817, 0.203, 0.487, 0.45, 0.026, 0.996, 0.591, 0.719, 0.125, 0.405, 0.664, 0.997, 0.971, 0.771, 0.029, 0.152, 0.962, 0.634, 0.969, 0.749, 0.575, 0.646, 0.384, 0.819, 0.117, 0.891, 0.416, 0.452, 0.123, 0.746]"
Csv_5,"['KILLED', 'KILLED', 'KILLED', 'KILLED', 'KILLED', 'KILLED', 'KILLED', 'KILLED', 'KILLED', 'KILLED', 'KILLED', 'KILLED', 'KILLED', 'KILLED', 'KILLED', 'KILLED', 'KILLED', 'KILLED', 'KILLED', 'KILLED', 'SURVIVED', 'SURVIVED', 'SURVIVED', 'SURVIVED', 'SURVIVED', 'SURVIVED', 'SURVIVED', 'SURVIVED', 'SURVIVED', 'SURVIVED', 'SURVIVED', 'SURVIVED', 'SURVIVED', 'SURVIVED', 'SURVIVED', 'SURVIVED', 'SURVIVED', 'SURVIVED', 'SURVIVED']","['SURVIVED', 'SURVIVED', 'SURVIVED', 'KILLED', 'KILLED', 'KILLED', 'SURVIVED', 'SURVIVED', 'KILLED', 'SURVIVED', 'KILLED', 'KILLED', 'KILLED', 'KILLED', 'KILLED', 'KILLED', 'SURVIVED', 'KILLED', 'KILLED', 'KILLED', 'SURVIVED', 'SURVIVED', 'KILLED', 'SURVIVED', 'SURVIVED', 'SURVIVED', 'KILLED', 'KILLED', 'SURVIVED', 'SURVIVED', 'KILLED', 'SURVIVED', 'KILLED', 'SURVIVED', 'SURVIVED', 'SURVIVED', 'KILLED', 'SURVIVED', 'SURVIVED']","[0.027, 0.164, 0.245, 0.858, 0.063, 0.304, 0.395, 0.36, 0.882, 0.14, 0.809, 0.814, 0.11, 0.384, 0.49, 0.128, 0.218, 0.568, 0.782, 0.357, 0.905, 0.381, 0.612, 0.335, 0.583, 0.158, 0.183, 0.685, 0.376, 0.881, 0.812, 0.299, 0.045, 0.216, 0.858, 0.793, 0.814, 0.323, 0.973]"
