Project,True Label,Predicted Label
Csv_5,"['KILLED', 'KILLED', 'KILLED', 'KILLED', 'KILLED', 'KILLED', 'KILLED', 'KILLED', 'KILLED', 'KILLED', 'KILLED', 'KILLED', 'KILLED', 'SURVIVED', 'SURVIVED', 'SURVIVED', 'SURVIVED', 'SURVIVED', 'SURVIVED', 'SURVIVED', 'SURVIVED', 'SURVIVED', 'SURVIVED', 'SURVIVED', 'SURVIVED', 'SURVIVED', 'SURVIVED', 'SURVIVED', 'SURVIVED', 'SURVIVED', 'SURVIVED', 'SURVIVED', 'SURVIVED', 'SURVIVED', 'SURVIVED', 'SURVIVED', 'SURVIVED', 'SURVIVED', 'SURVIVED', 'SURVIVED', 'SURVIVED', 'SURVIVED', 'SURVIVED', 'SURVIVED', 'SURVIVED', 'SURVIVED', 'SURVIVED', 'SURVIVED', 'SURVIVED', 'SURVIVED', 'SURVIVED', 'SURVIVED', 'SURVIVED', 'SURVIVED', 'SURVIVED', 'SURVIVED', 'SURVIVED', 'SURVIVED', 'SURVIVED', 'SURVIVED', 'SURVIVED', 'SURVIVED', 'SURVIVED', 'SURVIVED', 'SURVIVED', 'SURVIVED', 'SURVIVED', 'SURVIVED', 'SURVIVED', 'SURVIVED', 'SURVIVED', 'SURVIVED', 'SURVIVED', 'SURVIVED', 'SURVIVED', 'SURVIVED', 'SURVIVED', 'SURVIVED', 'SURVIVED', 'SURVIVED', 'SURVIVED', 'SURVIVED', 'SURVIVED', 'SURVIVED', 'SURVIVED', 'SURVIVED', 'SURVIVED', 'SURVIVED']","['KILLED', 'KILLED', 'SURVIVED', 'KILLED', 'KILLED', 'KILLED', 'KILLED', 'KILLED', 'SURVIVED', 'KILLED', 'KILLED', 'KILLED', 'KILLED', 'KILLED', 'KILLED', 'KILLED', 'SURVIVED', 'KILLED', 'SURVIVED', 'SURVIVED', 'KILLED', 'KILLED', 'SURVIVED', 'SURVIVED', 'SURVIVED', 'KILLED', 'KILLED', 'SURVIVED', 'KILLED', 'KILLED', 'SURVIVED', 'KILLED', 'SURVIVED', 'SURVIVED', 'SURVIVED', 'KILLED', 'SURVIVED', 'KILLED', 'SURVIVED', 'KILLED', 'SURVIVED', 'SURVIVED', 'KILLED', 'KILLED', 'KILLED', 'KILLED', 'SURVIVED', 'KILLED', 'KILLED', 'KILLED', 'SURVIVED', 'SURVIVED', 'SURVIVED', 'SURVIVED', 'KILLED', 'SURVIVED', 'SURVIVED', 'KILLED', 'SURVIVED', 'KILLED', 'KILLED', 'KILLED', 'KILLED', 'SURVIVED', 'SURVIVED', 'SURVIVED', 'KILLED', 'SURVIVED', 'KILLED', 'KILLED', 'KILLED', 'SURVIVED', 'SURVIVED', 'SURVIVED', 'KILLED', 'KILLED', 'SURVIVED', 'KILLED', 'SURVIVED', 'SURVIVED', 'SURVIVED', 'KILLED', 'SURVIVED', 'KILLED', 'KILLED', 'SURVIVED', 'SURVIVED', 'SURVIVED']"
Csv_5,"['SURVIVED', 'SURVIVED', 'SURVIVED', 'SURVIVED', 'SURVIVED', 'SURVIVED', 'SURVIVED', 'SURVIVED', 'SURVIVED', 'SURVIVED', 'SURVIVED', 'SURVIVED', 'SURVIVED', 'SURVIVED', 'SURVIVED', 'SURVIVED', 'SURVIVED', 'SURVIVED', 'SURVIVED', 'SURVIVED', 'SURVIVED', 'SURVIVED', 'SURVIVED', 'SURVIVED', 'SURVIVED', 'SURVIVED', 'SURVIVED', 'SURVIVED', 'SURVIVED', 'SURVIVED', 'SURVIVED', 'SURVIVED', 'SURVIVED', 'SURVIVED', 'SURVIVED', 'SURVIVED', 'SURVIVED', 'SURVIVED', 'SURVIVED', 'SURVIVED', 'SURVIVED', 'SURVIVED', 'SURVIVED', 'SURVIVED', 'SURVIVED', 'SURVIVED', 'SURVIVED', 'SURVIVED', 'SURVIVED', 'SURVIVED', 'SURVIVED', 'SURVIVED', 'SURVIVED', 'SURVIVED', 'SURVIVED', 'SURVIVED', 'SURVIVED', 'SURVIVED', 'SURVIVED', 'SURVIVED', 'SURVIVED', 'SURVIVED', 'SURVIVED', 'SURVIVED', 'SURVIVED', 'SURVIVED', 'SURVIVED', 'SURVIVED', 'SURVIVED', 'SURVIVED', 'SURVIVED', 'SURVIVED', 'SURVIVED', 'SURVIVED', 'SURVIVED', 'SURVIVED', 'SURVIVED', 'SURVIVED', 'SURVIVED', 'SURVIVED', 'SURVIVED', 'SURVIVED', 'SURVIVED', 'SURVIVED', 'SURVIVED', 'SURVIVED', 'SURVIVED', 'SURVIVED', 'SURVIVED', 'SURVIVED', 'SURVIVED', 'SURVIVED', 'SURVIVED', 'SURVIVED', 'SURVIVED', 'SURVIVED', 'SURVIVED', 'SURVIVED', 'SURVIVED', 'SURVIVED', 'SURVIVED', 'SURVIVED', 'SURVIVED', 'SURVIVED', 'SURVIVED', 'SURVIVED', 'SURVIVED', 'SURVIVED', 'SURVIVED', 'SURVIVED', 'SURVIVED', 'SURVIVED', 'SURVIVED', 'SURVIVED', 'SURVIVED', 'SURVIVED', 'SURVIVED', 'SURVIVED', 'SURVIVED', 'SURVIVED', 'SURVIVED', 'SURVIVED', 'SURVIVED', 'SURVIVED', 'SURVIVED', 'SURVIVED', 'SURVIVED', 'SURVIVED', 'SURVIVED', 'SURVIVED', 'SURVIVED', 'SURVIVED', 'SURVIVED', 'SURVIVED', 'SURVIVED', 'SURVIVED', 'SURVIVED', 'SURVIVED', 'SURVIVED', 'SURVIVED', 'SURVIVED', 'SURVIVED', 'SURVIVED', 'SURVIVED', 'SURVIVED', 'SURVIVED']","['SURVIVED', 'KILLED', 'KILLED', 'SURVIVED', 'KILLED', 'KILLED', 'KILLED', 'KILLED', 'KILLED', 'SURVIVED', 'KILLED', 'SURVIVED', 'SURVIVED', 'SURVIVED', 'SURVIVED', 'KILLED', 'KILLED', 'SURVIVED', 'SURVIVED', 'KILLED', 'SURVIVED', 'SURVIVED', 'KILLED', 'SURVIVED', 'KILLED', 'SURVIVED', 'KILLED', 'KILLED', 'SURVIVED', 'KILLED', 'KILLED', 'SURVIVED', 'KILLED', 'KILLED', 'SURVIVED', 'SURVIVED', 'KILLED', 'KILLED', 'SURVIVED', 'SURVIVED', 'KILLED', 'KILLED', 'KILLED', 'KILLED', 'KILLED', 'SURVIVED', 'KILLED', 'KILLED', 'KILLED', 'SURVIVED', 'KILLED', 'SURVIVED', 'SURVIVED', 'KILLED', 'KILLED', 'SURVIVED', 'SURVIVED', 'SURVIVED', 'SURVIVED', 'SURVIVED', 'KILLED', 'KILLED', 'KILLED', 'KILLED', 'SURVIVED', 'KILLED', 'KILLED', 'KILLED', 'KILLED', 'KILLED', 'KILLED', 'KILLED', 'KILLED', 'KILLED', 'SURVIVED', 'KILLED', 'KILLED', 'SURVIVED', 'SURVIVED', 'KILLED', 'KILLED', 'SURVIVED', 'KILLED', 'SURVIVED', 'SURVIVED', 'KILLED', 'KILLED', 'KILLED', 'SURVIVED', 'SURVIVED', 'SURVIVED', 'SURVIVED', 'SURVIVED', 'KILLED', 'KILLED', 'KILLED', 'SURVIVED', 'SURVIVED', 'KILLED', 'KILLED', 'KILLED', 'KILLED', 'SURVIVED', 'KILLED', 'SURVIVED', 'KILLED', 'SURVIVED', 'SURVIVED', 'KILLED', 'KILLED', 'SURVIVED', 'KILLED', 'KILLED', 'KILLED', 'KILLED', 'KILLED', 'KILLED', 'SURVIVED', 'SURVIVED', 'SURVIVED', 'KILLED', 'SURVIVED', 'KILLED', 'KILLED', 'SURVIVED', 'KILLED', 'SURVIVED', 'SURVIVED', 'SURVIVED', 'SURVIVED', 'SURVIVED', 'SURVIVED', 'KILLED', 'KILLED', 'SURVIVED', 'KILLED', 'KILLED', 'KILLED', 'SURVIVED', 'KILLED', 'KILLED', 'SURVIVED', 'KILLED', 'KILLED', 'KILLED', 'KILLED']"
Csv_5,"['KILLED', 'KILLED', 'KILLED', 'SURVIVED', 'SURVIVED', 'SURVIVED', 'SURVIVED', 'SURVIVED', 'SURVIVED', 'SURVIVED', 'SURVIVED', 'SURVIVED', 'SURVIVED', 'SURVIVED', 'SURVIVED', 'SURVIVED', 'SURVIVED', 'SURVIVED', 'SURVIVED', 'SURVIVED', 'SURVIVED', 'SURVIVED', 'SURVIVED', 'SURVIVED', 'SURVIVED', 'SURVIVED', 'SURVIVED', 'SURVIVED', 'SURVIVED', 'SURVIVED', 'SURVIVED', 'SURVIVED', 'SURVIVED', 'SURVIVED', 'SURVIVED', 'SURVIVED', 'SURVIVED', 'SURVIVED', 'SURVIVED', 'SURVIVED', 'SURVIVED', 'SURVIVED', 'SURVIVED', 'SURVIVED', 'SURVIVED', 'SURVIVED', 'SURVIVED', 'SURVIVED', 'SURVIVED', 'SURVIVED', 'SURVIVED', 'SURVIVED', 'SURVIVED', 'SURVIVED', 'SURVIVED', 'SURVIVED', 'SURVIVED', 'SURVIVED', 'SURVIVED', 'SURVIVED', 'SURVIVED', 'SURVIVED', 'SURVIVED', 'SURVIVED', 'SURVIVED', 'SURVIVED', 'SURVIVED', 'SURVIVED', 'SURVIVED', 'SURVIVED', 'SURVIVED', 'SURVIVED', 'SURVIVED', 'SURVIVED', 'SURVIVED', 'SURVIVED', 'SURVIVED', 'SURVIVED', 'SURVIVED', 'SURVIVED', 'SURVIVED', 'SURVIVED', 'SURVIVED', 'SURVIVED', 'SURVIVED', 'SURVIVED', 'SURVIVED', 'SURVIVED', 'SURVIVED', 'SURVIVED', 'SURVIVED', 'SURVIVED', 'SURVIVED', 'SURVIVED', 'SURVIVED', 'SURVIVED', 'SURVIVED', 'SURVIVED', 'SURVIVED', 'SURVIVED', 'SURVIVED', 'SURVIVED', 'SURVIVED', 'SURVIVED', 'SURVIVED', 'SURVIVED', 'SURVIVED', 'SURVIVED', 'SURVIVED', 'SURVIVED', 'SURVIVED', 'SURVIVED', 'SURVIVED', 'SURVIVED', 'SURVIVED', 'SURVIVED', 'SURVIVED', 'SURVIVED', 'SURVIVED', 'SURVIVED', 'SURVIVED', 'SURVIVED', 'SURVIVED', 'SURVIVED', 'SURVIVED', 'SURVIVED', 'SURVIVED', 'SURVIVED', 'SURVIVED', 'SURVIVED', 'SURVIVED', 'SURVIVED', 'SURVIVED', 'SURVIVED', 'SURVIVED', 'SURVIVED', 'SURVIVED', 'SURVIVED', 'SURVIVED', 'SURVIVED', 'SURVIVED', 'SURVIVED', 'SURVIVED', 'SURVIVED', 'SURVIVED', 'SURVIVED']","['KILLED', 'KILLED', 'KILLED', 'SURVIVED', 'KILLED', 'KILLED', 'KILLED', 'KILLED', 'SURVIVED', 'SURVIVED', 'SURVIVED', 'KILLED', 'SURVIVED', 'KILLED', 'SURVIVED', 'SURVIVED', 'KILLED', 'SURVIVED', 'SURVIVED', 'SURVIVED', 'KILLED', 'KILLED', 'SURVIVED', 'KILLED', 'KILLED', 'KILLED', 'SURVIVED', 'KILLED', 'SURVIVED', 'KILLED', 'KILLED', 'SURVIVED', 'SURVIVED', 'KILLED', 'SURVIVED', 'SURVIVED', 'KILLED', 'SURVIVED', 'KILLED', 'KILLED', 'SURVIVED', 'KILLED', 'KILLED', 'KILLED', 'SURVIVED', 'SURVIVED', 'KILLED', 'SURVIVED', 'KILLED', 'SURVIVED', 'SURVIVED', 'SURVIVED', 'KILLED', 'KILLED', 'SURVIVED', 'SURVIVED', 'KILLED', 'KILLED', 'SURVIVED', 'KILLED', 'SURVIVED', 'KILLED', 'SURVIVED', 'SURVIVED', 'KILLED', 'KILLED', 'KILLED', 'KILLED', 'KILLED', 'SURVIVED', 'KILLED', 'SURVIVED', 'KILLED', 'KILLED', 'SURVIVED', 'SURVIVED', 'KILLED', 'SURVIVED', 'KILLED', 'KILLED', 'KILLED', 'SURVIVED', 'SURVIVED', 'KILLED', 'KILLED', 'KILLED', 'KILLED', 'SURVIVED', 'KILLED', 'KILLED', 'SURVIVED', 'SURVIVED', 'KILLED', 'SURVIVED', 'KILLED', 'KILLED', 'SURVIVED', 'KILLED', 'SURVIVED', 'KILLED', 'KILLED', 'SURVIVED', 'SURVIVED', 'SURVIVED', 'KILLED', 'KILLED', 'KILLED', 'KILLED', 'SURVIVED', 'SURVIVED', 'SURVIVED', 'KILLED', 'SURVIVED', 'SURVIVED', 'SURVIVED', 'SURVIVED', 'KILLED', 'KILLED', 'SURVIVED', 'KILLED', 'SURVIVED', 'KILLED', 'KILLED', 'SURVIVED', 'SURVIVED', 'SURVIVED', 'SURVIVED', 'KILLED', 'SURVIVED', 'KILLED', 'SURVIVED', 'KILLED', 'SURVIVED', 'KILLED', 'KILLED', 'SURVIVED', 'SURVIVED', 'KILLED', 'SURVIVED', 'SURVIVED', 'KILLED', 'SURVIVED', 'SURVIVED', 'SURVIVED', 'SURVIVED', 'SURVIVED']"
Csv_5,"['KILLED', 'KILLED', 'SURVIVED', 'SURVIVED', 'SURVIVED', 'SURVIVED', 'SURVIVED', 'SURVIVED', 'SURVIVED', 'SURVIVED', 'SURVIVED', 'SURVIVED', 'SURVIVED', 'SURVIVED', 'SURVIVED', 'SURVIVED', 'SURVIVED', 'SURVIVED', 'SURVIVED', 'SURVIVED', 'SURVIVED', 'SURVIVED', 'SURVIVED', 'SURVIVED', 'SURVIVED', 'SURVIVED', 'SURVIVED', 'SURVIVED', 'SURVIVED', 'SURVIVED', 'SURVIVED', 'SURVIVED', 'SURVIVED', 'SURVIVED', 'SURVIVED', 'SURVIVED', 'SURVIVED', 'SURVIVED', 'SURVIVED', 'SURVIVED', 'SURVIVED', 'SURVIVED', 'SURVIVED', 'SURVIVED', 'SURVIVED', 'SURVIVED', 'SURVIVED', 'SURVIVED', 'SURVIVED', 'SURVIVED', 'SURVIVED', 'SURVIVED', 'SURVIVED', 'SURVIVED', 'SURVIVED', 'SURVIVED', 'SURVIVED', 'SURVIVED', 'SURVIVED', 'SURVIVED', 'SURVIVED', 'SURVIVED', 'SURVIVED', 'SURVIVED', 'SURVIVED', 'SURVIVED', 'SURVIVED', 'SURVIVED', 'SURVIVED', 'SURVIVED', 'SURVIVED', 'SURVIVED', 'SURVIVED', 'SURVIVED', 'SURVIVED', 'SURVIVED', 'SURVIVED', 'SURVIVED', 'SURVIVED', 'SURVIVED', 'SURVIVED', 'SURVIVED', 'SURVIVED', 'SURVIVED', 'SURVIVED', 'SURVIVED', 'SURVIVED', 'SURVIVED', 'SURVIVED', 'SURVIVED', 'SURVIVED', 'SURVIVED', 'SURVIVED', 'SURVIVED', 'SURVIVED', 'SURVIVED', 'SURVIVED', 'SURVIVED', 'SURVIVED', 'SURVIVED', 'SURVIVED', 'SURVIVED', 'SURVIVED', 'SURVIVED', 'SURVIVED', 'SURVIVED', 'SURVIVED', 'SURVIVED', 'SURVIVED', 'SURVIVED', 'SURVIVED', 'SURVIVED', 'SURVIVED', 'SURVIVED', 'SURVIVED', 'SURVIVED', 'SURVIVED', 'SURVIVED', 'SURVIVED', 'SURVIVED', 'SURVIVED', 'SURVIVED', 'SURVIVED', 'SURVIVED', 'SURVIVED', 'SURVIVED', 'SURVIVED', 'SURVIVED', 'SURVIVED', 'SURVIVED', 'SURVIVED', 'SURVIVED', 'SURVIVED', 'SURVIVED', 'SURVIVED', 'SURVIVED', 'SURVIVED', 'SURVIVED', 'SURVIVED', 'SURVIVED', 'SURVIVED', 'SURVIVED', 'SURVIVED', 'SURVIVED', 'SURVIVED', 'SURVIVED']","['SURVIVED', 'KILLED', 'KILLED', 'SURVIVED', 'SURVIVED', 'KILLED', 'SURVIVED', 'SURVIVED', 'KILLED', 'SURVIVED', 'SURVIVED', 'KILLED', 'SURVIVED', 'SURVIVED', 'SURVIVED', 'SURVIVED', 'SURVIVED', 'KILLED', 'SURVIVED', 'KILLED', 'KILLED', 'SURVIVED', 'SURVIVED', 'KILLED', 'KILLED', 'SURVIVED', 'KILLED', 'KILLED', 'KILLED', 'KILLED', 'KILLED', 'KILLED', 'SURVIVED', 'KILLED', 'SURVIVED', 'SURVIVED', 'KILLED', 'SURVIVED', 'SURVIVED', 'SURVIVED', 'KILLED', 'KILLED', 'KILLED', 'KILLED', 'SURVIVED', 'KILLED', 'KILLED', 'SURVIVED', 'KILLED', 'KILLED', 'KILLED', 'SURVIVED', 'KILLED', 'SURVIVED', 'SURVIVED', 'SURVIVED', 'SURVIVED', 'SURVIVED', 'KILLED', 'SURVIVED', 'SURVIVED', 'SURVIVED', 'KILLED', 'SURVIVED', 'SURVIVED', 'KILLED', 'SURVIVED', 'SURVIVED', 'KILLED', 'SURVIVED', 'KILLED', 'SURVIVED', 'SURVIVED', 'SURVIVED', 'KILLED', 'KILLED', 'KILLED', 'KILLED', 'SURVIVED', 'KILLED', 'KILLED', 'KILLED', 'SURVIVED', 'SURVIVED', 'SURVIVED', 'SURVIVED', 'SURVIVED', 'KILLED', 'KILLED', 'SURVIVED', 'SURVIVED', 'KILLED', 'SURVIVED', 'SURVIVED', 'KILLED', 'SURVIVED', 'SURVIVED', 'SURVIVED', 'SURVIVED', 'KILLED', 'SURVIVED', 'KILLED', 'SURVIVED', 'SURVIVED', 'SURVIVED', 'KILLED', 'SURVIVED', 'SURVIVED', 'SURVIVED', 'KILLED', 'SURVIVED', 'KILLED', 'KILLED', 'SURVIVED', 'KILLED', 'KILLED', 'SURVIVED', 'KILLED', 'SURVIVED', 'KILLED', 'KILLED', 'SURVIVED', 'SURVIVED', 'SURVIVED', 'KILLED', 'SURVIVED', 'SURVIVED', 'SURVIVED', 'SURVIVED', 'SURVIVED', 'SURVIVED', 'SURVIVED', 'KILLED', 'SURVIVED', 'KILLED', 'KILLED', 'SURVIVED', 'KILLED', 'KILLED', 'KILLED', 'KILLED', 'KILLED', 'KILLED', 'KILLED', 'KILLED', 'KILLED']"
Csv_5,"['KILLED', 'KILLED', 'KILLED', 'KILLED', 'KILLED', 'KILLED', 'KILLED', 'KILLED', 'KILLED', 'KILLED', 'KILLED', 'KILLED', 'KILLED', 'KILLED', 'KILLED', 'KILLED', 'KILLED', 'KILLED', 'KILLED', 'KILLED', 'KILLED', 'KILLED', 'KILLED', 'KILLED', 'KILLED', 'KILLED', 'KILLED', 'KILLED', 'KILLED', 'KILLED', 'KILLED', 'KILLED', 'KILLED', 'KILLED', 'KILLED', 'KILLED', 'KILLED', 'KILLED', 'KILLED', 'KILLED', 'KILLED', 'KILLED', 'KILLED', 'KILLED', 'KILLED', 'KILLED', 'KILLED', 'KILLED', 'KILLED', 'KILLED', 'KILLED', 'KILLED', 'KILLED', 'KILLED', 'KILLED', 'KILLED', 'KILLED', 'KILLED', 'KILLED', 'KILLED', 'KILLED', 'KILLED', 'KILLED', 'KILLED', 'KILLED', 'KILLED', 'KILLED', 'KILLED', 'KILLED', 'KILLED', 'KILLED', 'KILLED', 'KILLED', 'KILLED', 'KILLED', 'KILLED', 'KILLED', 'KILLED', 'KILLED', 'KILLED', 'KILLED', 'KILLED', 'KILLED', 'KILLED', 'KILLED', 'KILLED', 'KILLED', 'KILLED', 'KILLED', 'KILLED', 'KILLED', 'KILLED', 'KILLED', 'KILLED', 'KILLED', 'KILLED', 'KILLED', 'KILLED', 'KILLED', 'KILLED', 'KILLED', 'KILLED', 'KILLED', 'KILLED', 'KILLED', 'KILLED', 'KILLED', 'KILLED', 'KILLED', 'KILLED', 'KILLED', 'KILLED', 'KILLED', 'KILLED', 'KILLED', 'KILLED', 'KILLED', 'KILLED', 'KILLED', 'KILLED', 'KILLED', 'KILLED', 'KILLED', 'KILLED', 'KILLED', 'KILLED', 'KILLED', 'KILLED', 'KILLED', 'KILLED', 'KILLED', 'KILLED', 'KILLED', 'KILLED', 'KILLED', 'KILLED', 'KILLED', 'KILLED', 'KILLED', 'KILLED', 'KILLED', 'KILLED', 'KILLED', 'KILLED', 'KILLED', 'KILLED']","['KILLED', 'SURVIVED', 'KILLED', 'KILLED', 'SURVIVED', 'SURVIVED', 'SURVIVED', 'KILLED', 'KILLED', 'KILLED', 'SURVIVED', 'KILLED', 'KILLED', 'SURVIVED', 'SURVIVED', 'SURVIVED', 'KILLED', 'KILLED', 'KILLED', 'KILLED', 'SURVIVED', 'KILLED', 'KILLED', 'SURVIVED', 'SURVIVED', 'SURVIVED', 'KILLED', 'SURVIVED', 'KILLED', 'SURVIVED', 'SURVIVED', 'KILLED', 'SURVIVED', 'SURVIVED', 'SURVIVED', 'KILLED', 'SURVIVED', 'KILLED', 'SURVIVED', 'SURVIVED', 'SURVIVED', 'SURVIVED', 'SURVIVED', 'SURVIVED', 'KILLED', 'KILLED', 'SURVIVED', 'SURVIVED', 'KILLED', 'SURVIVED', 'SURVIVED', 'SURVIVED', 'KILLED', 'SURVIVED', 'SURVIVED', 'KILLED', 'SURVIVED', 'KILLED', 'SURVIVED', 'SURVIVED', 'SURVIVED', 'SURVIVED', 'SURVIVED', 'KILLED', 'KILLED', 'KILLED', 'KILLED', 'SURVIVED', 'SURVIVED', 'KILLED', 'SURVIVED', 'SURVIVED', 'SURVIVED', 'KILLED', 'KILLED', 'SURVIVED', 'KILLED', 'SURVIVED', 'KILLED', 'SURVIVED', 'SURVIVED', 'SURVIVED', 'SURVIVED', 'SURVIVED', 'SURVIVED', 'SURVIVED', 'SURVIVED', 'SURVIVED', 'SURVIVED', 'SURVIVED', 'KILLED', 'KILLED', 'KILLED', 'SURVIVED', 'KILLED', 'KILLED', 'KILLED', 'KILLED', 'SURVIVED', 'SURVIVED', 'SURVIVED', 'KILLED', 'KILLED', 'SURVIVED', 'KILLED', 'SURVIVED', 'KILLED', 'SURVIVED', 'KILLED', 'KILLED', 'SURVIVED', 'KILLED', 'KILLED', 'SURVIVED', 'KILLED', 'SURVIVED', 'KILLED', 'KILLED', 'SURVIVED', 'SURVIVED', 'SURVIVED', 'SURVIVED', 'SURVIVED', 'KILLED', 'KILLED', 'SURVIVED', 'SURVIVED', 'KILLED', 'KILLED', 'SURVIVED', 'SURVIVED', 'KILLED', 'KILLED', 'KILLED', 'KILLED', 'SURVIVED', 'KILLED', 'KILLED', 'KILLED', 'SURVIVED', 'KILLED', 'SURVIVED', 'SURVIVED', 'SURVIVED', 'SURVIVED', 'SURVIVED']"
Csv_5,"['KILLED', 'KILLED', 'KILLED', 'KILLED', 'KILLED', 'KILLED', 'KILLED', 'KILLED', 'KILLED', 'KILLED', 'KILLED', 'KILLED', 'KILLED', 'KILLED', 'KILLED', 'KILLED', 'KILLED', 'KILLED', 'KILLED', 'KILLED', 'KILLED', 'KILLED', 'KILLED', 'KILLED', 'KILLED', 'KILLED', 'KILLED', 'KILLED', 'KILLED', 'KILLED', 'KILLED', 'KILLED', 'KILLED', 'KILLED', 'KILLED', 'KILLED', 'KILLED', 'KILLED', 'KILLED', 'KILLED', 'KILLED', 'KILLED', 'KILLED', 'KILLED', 'KILLED', 'KILLED', 'KILLED', 'KILLED', 'KILLED', 'KILLED', 'KILLED', 'KILLED', 'KILLED', 'KILLED', 'KILLED', 'KILLED', 'KILLED', 'KILLED', 'KILLED', 'KILLED', 'KILLED', 'KILLED', 'KILLED', 'KILLED', 'KILLED', 'KILLED', 'KILLED', 'KILLED', 'KILLED', 'KILLED', 'KILLED', 'KILLED', 'KILLED', 'KILLED', 'KILLED', 'KILLED', 'KILLED', 'KILLED', 'KILLED', 'KILLED', 'KILLED', 'KILLED', 'KILLED', 'KILLED', 'KILLED', 'KILLED', 'KILLED', 'KILLED', 'KILLED', 'KILLED', 'KILLED', 'KILLED', 'KILLED', 'KILLED', 'KILLED', 'KILLED', 'KILLED', 'KILLED', 'KILLED', 'KILLED', 'KILLED', 'KILLED', 'KILLED', 'KILLED', 'KILLED', 'KILLED', 'KILLED', 'KILLED', 'KILLED', 'KILLED', 'KILLED', 'KILLED', 'KILLED', 'KILLED', 'KILLED', 'KILLED', 'KILLED', 'KILLED', 'KILLED', 'KILLED', 'KILLED', 'KILLED', 'KILLED', 'KILLED', 'KILLED', 'KILLED', 'KILLED', 'KILLED', 'KILLED', 'KILLED', 'KILLED', 'KILLED', 'KILLED', 'KILLED', 'KILLED', 'KILLED', 'KILLED', 'KILLED', 'KILLED', 'KILLED', 'KILLED', 'KILLED', 'KILLED', 'KILLED', 'KILLED', 'KILLED']","['SURVIVED', 'KILLED', 'KILLED', 'KILLED', 'KILLED', 'SURVIVED', 'KILLED', 'KILLED', 'KILLED', 'KILLED', 'KILLED', 'KILLED', 'KILLED', 'SURVIVED', 'SURVIVED', 'SURVIVED', 'SURVIVED', 'KILLED', 'KILLED', 'SURVIVED', 'SURVIVED', 'SURVIVED', 'KILLED', 'KILLED', 'SURVIVED', 'KILLED', 'SURVIVED', 'KILLED', 'KILLED', 'KILLED', 'SURVIVED', 'KILLED', 'KILLED', 'KILLED', 'KILLED', 'SURVIVED', 'SURVIVED', 'SURVIVED', 'KILLED', 'SURVIVED', 'SURVIVED', 'SURVIVED', 'SURVIVED', 'SURVIVED', 'SURVIVED', 'KILLED', 'KILLED', 'SURVIVED', 'SURVIVED', 'SURVIVED', 'KILLED', 'KILLED', 'KILLED', 'KILLED', 'SURVIVED', 'KILLED', 'KILLED', 'SURVIVED', 'SURVIVED', 'SURVIVED', 'KILLED', 'SURVIVED', 'SURVIVED', 'KILLED', 'SURVIVED', 'SURVIVED', 'SURVIVED', 'SURVIVED', 'SURVIVED', 'KILLED', 'KILLED', 'SURVIVED', 'SURVIVED', 'SURVIVED', 'SURVIVED', 'SURVIVED', 'KILLED', 'SURVIVED', 'KILLED', 'SURVIVED', 'SURVIVED', 'SURVIVED', 'KILLED', 'SURVIVED', 'KILLED', 'SURVIVED', 'SURVIVED', 'KILLED', 'KILLED', 'SURVIVED', 'SURVIVED', 'SURVIVED', 'KILLED', 'KILLED', 'SURVIVED', 'KILLED', 'SURVIVED', 'SURVIVED', 'SURVIVED', 'KILLED', 'KILLED', 'KILLED', 'KILLED', 'SURVIVED', 'KILLED', 'SURVIVED', 'KILLED', 'KILLED', 'KILLED', 'SURVIVED', 'KILLED', 'KILLED', 'SURVIVED', 'SURVIVED', 'SURVIVED', 'SURVIVED', 'SURVIVED', 'SURVIVED', 'KILLED', 'SURVIVED', 'KILLED', 'SURVIVED', 'KILLED', 'KILLED', 'KILLED', 'SURVIVED', 'SURVIVED', 'SURVIVED', 'SURVIVED', 'KILLED', 'SURVIVED', 'SURVIVED', 'SURVIVED', 'KILLED', 'SURVIVED', 'SURVIVED', 'SURVIVED', 'SURVIVED', 'SURVIVED', 'SURVIVED', 'SURVIVED', 'KILLED', 'KILLED', 'SURVIVED', 'KILLED', 'SURVIVED']"
Csv_5,"['KILLED', 'KILLED', 'SURVIVED', 'SURVIVED', 'SURVIVED', 'SURVIVED', 'SURVIVED', 'SURVIVED', 'SURVIVED', 'SURVIVED', 'SURVIVED', 'SURVIVED', 'SURVIVED', 'SURVIVED', 'SURVIVED', 'SURVIVED', 'SURVIVED', 'SURVIVED', 'SURVIVED', 'SURVIVED', 'SURVIVED', 'SURVIVED', 'SURVIVED', 'SURVIVED', 'SURVIVED', 'SURVIVED', 'SURVIVED', 'SURVIVED', 'SURVIVED', 'SURVIVED', 'SURVIVED', 'SURVIVED', 'SURVIVED', 'SURVIVED', 'SURVIVED', 'SURVIVED', 'SURVIVED', 'SURVIVED', 'SURVIVED', 'SURVIVED', 'SURVIVED', 'SURVIVED', 'SURVIVED', 'SURVIVED', 'SURVIVED', 'SURVIVED', 'SURVIVED', 'SURVIVED', 'SURVIVED', 'SURVIVED', 'SURVIVED', 'SURVIVED', 'SURVIVED', 'SURVIVED', 'SURVIVED', 'SURVIVED', 'SURVIVED', 'SURVIVED', 'SURVIVED', 'SURVIVED', 'SURVIVED', 'SURVIVED', 'SURVIVED', 'SURVIVED', 'SURVIVED', 'SURVIVED', 'SURVIVED', 'SURVIVED', 'SURVIVED', 'SURVIVED', 'SURVIVED', 'SURVIVED', 'SURVIVED', 'SURVIVED', 'SURVIVED', 'SURVIVED', 'SURVIVED', 'SURVIVED', 'SURVIVED', 'SURVIVED', 'SURVIVED', 'SURVIVED', 'SURVIVED', 'SURVIVED', 'SURVIVED', 'SURVIVED', 'SURVIVED', 'SURVIVED', 'SURVIVED', 'SURVIVED', 'SURVIVED', 'SURVIVED', 'SURVIVED', 'SURVIVED', 'SURVIVED', 'SURVIVED', 'SURVIVED', 'SURVIVED', 'SURVIVED', 'SURVIVED', 'SURVIVED', 'SURVIVED', 'SURVIVED', 'SURVIVED', 'SURVIVED', 'SURVIVED', 'SURVIVED', 'SURVIVED', 'SURVIVED', 'SURVIVED', 'SURVIVED', 'SURVIVED', 'SURVIVED', 'SURVIVED', 'SURVIVED', 'SURVIVED', 'SURVIVED', 'SURVIVED', 'SURVIVED', 'SURVIVED', 'SURVIVED', 'SURVIVED', 'SURVIVED', 'SURVIVED', 'SURVIVED', 'SURVIVED', 'SURVIVED', 'SURVIVED', 'SURVIVED', 'SURVIVED', 'SURVIVED', 'SURVIVED', 'SURVIVED', 'SURVIVED', 'SURVIVED', 'SURVIVED', 'SURVIVED', 'SURVIVED', 'SURVIVED', 'SURVIVED', 'SURVIVED', 'SURVIVED', 'SURVIVED', 'SURVIVED', 'SURVIVED', 'SURVIVED']","['KILLED', 'SURVIVED', 'SURVIVED', 'SURVIVED', 'SURVIVED', 'KILLED', 'SURVIVED', 'KILLED', 'KILLED', 'SURVIVED', 'KILLED', 'SURVIVED', 'KILLED', 'SURVIVED', 'KILLED', 'KILLED', 'SURVIVED', 'KILLED', 'KILLED', 'SURVIVED', 'SURVIVED', 'SURVIVED', 'SURVIVED', 'KILLED', 'SURVIVED', 'SURVIVED', 'SURVIVED', 'SURVIVED', 'KILLED', 'KILLED', 'KILLED', 'SURVIVED', 'KILLED', 'KILLED', 'SURVIVED', 'KILLED', 'KILLED', 'SURVIVED', 'KILLED', 'SURVIVED', 'KILLED', 'KILLED', 'SURVIVED', 'KILLED', 'SURVIVED', 'SURVIVED', 'SURVIVED', 'SURVIVED', 'KILLED', 'KILLED', 'SURVIVED', 'KILLED', 'KILLED', 'KILLED', 'KILLED', 'SURVIVED', 'KILLED', 'SURVIVED', 'KILLED', 'KILLED', 'SURVIVED', 'SURVIVED', 'SURVIVED', 'SURVIVED', 'KILLED', 'SURVIVED', 'SURVIVED', 'KILLED', 'KILLED', 'SURVIVED', 'SURVIVED', 'SURVIVED', 'SURVIVED', 'SURVIVED', 'SURVIVED', 'SURVIVED', 'KILLED', 'SURVIVED', 'SURVIVED', 'KILLED', 'KILLED', 'SURVIVED', 'SURVIVED', 'SURVIVED', 'SURVIVED', 'KILLED', 'SURVIVED', 'SURVIVED', 'KILLED', 'KILLED', 'SURVIVED', 'SURVIVED', 'KILLED', 'SURVIVED', 'KILLED', 'KILLED', 'SURVIVED', 'KILLED', 'KILLED', 'KILLED', 'SURVIVED', 'SURVIVED', 'KILLED', 'SURVIVED', 'KILLED', 'KILLED', 'SURVIVED', 'SURVIVED', 'SURVIVED', 'KILLED', 'KILLED', 'KILLED', 'SURVIVED', 'SURVIVED', 'KILLED', 'SURVIVED', 'SURVIVED', 'SURVIVED', 'SURVIVED', 'KILLED', 'SURVIVED', 'KILLED', 'KILLED', 'KILLED', 'SURVIVED', 'SURVIVED', 'KILLED', 'SURVIVED', 'KILLED', 'SURVIVED', 'KILLED', 'SURVIVED', 'SURVIVED', 'SURVIVED', 'SURVIVED', 'SURVIVED', 'KILLED', 'KILLED', 'SURVIVED', 'KILLED', 'SURVIVED', 'KILLED', 'KILLED', 'SURVIVED', 'SURVIVED', 'SURVIVED']"
Csv_5,"['KILLED', 'KILLED', 'KILLED', 'KILLED', 'KILLED', 'KILLED', 'KILLED', 'KILLED', 'KILLED', 'KILLED', 'KILLED', 'KILLED', 'KILLED', 'KILLED', 'KILLED', 'KILLED', 'KILLED', 'KILLED', 'KILLED', 'KILLED', 'KILLED', 'KILLED', 'KILLED', 'KILLED', 'KILLED', 'KILLED', 'KILLED', 'KILLED', 'KILLED', 'KILLED', 'KILLED', 'KILLED', 'KILLED', 'KILLED', 'KILLED', 'KILLED', 'KILLED', 'KILLED', 'KILLED', 'KILLED', 'KILLED', 'KILLED', 'KILLED', 'KILLED', 'KILLED', 'KILLED', 'KILLED', 'KILLED', 'KILLED', 'KILLED', 'KILLED', 'KILLED', 'KILLED', 'KILLED', 'KILLED', 'KILLED', 'KILLED', 'KILLED', 'KILLED', 'KILLED', 'KILLED', 'KILLED', 'KILLED', 'KILLED', 'KILLED', 'KILLED', 'KILLED', 'KILLED', 'KILLED', 'KILLED', 'KILLED', 'KILLED', 'KILLED', 'KILLED', 'KILLED', 'KILLED', 'KILLED', 'KILLED', 'KILLED', 'KILLED', 'KILLED', 'KILLED', 'KILLED', 'KILLED', 'KILLED', 'KILLED', 'KILLED', 'KILLED', 'KILLED', 'KILLED', 'KILLED', 'KILLED', 'KILLED', 'KILLED', 'KILLED', 'KILLED', 'KILLED', 'KILLED', 'KILLED', 'KILLED', 'KILLED', 'KILLED', 'KILLED', 'KILLED', 'KILLED', 'KILLED', 'KILLED', 'KILLED', 'KILLED', 'KILLED', 'KILLED', 'KILLED', 'KILLED', 'KILLED', 'KILLED', 'KILLED', 'KILLED', 'KILLED', 'KILLED', 'KILLED', 'KILLED', 'KILLED', 'KILLED', 'KILLED', 'KILLED', 'KILLED', 'KILLED', 'KILLED', 'KILLED', 'KILLED', 'KILLED', 'KILLED', 'KILLED', 'KILLED', 'KILLED', 'KILLED', 'KILLED', 'KILLED', 'KILLED', 'KILLED', 'KILLED', 'KILLED', 'KILLED', 'KILLED', 'KILLED', 'KILLED']","['KILLED', 'KILLED', 'KILLED', 'KILLED', 'SURVIVED', 'SURVIVED', 'KILLED', 'KILLED', 'KILLED', 'KILLED', 'SURVIVED', 'SURVIVED', 'SURVIVED', 'SURVIVED', 'KILLED', 'SURVIVED', 'KILLED', 'SURVIVED', 'SURVIVED', 'SURVIVED', 'KILLED', 'SURVIVED', 'KILLED', 'SURVIVED', 'SURVIVED', 'KILLED', 'SURVIVED', 'KILLED', 'SURVIVED', 'SURVIVED', 'KILLED', 'SURVIVED', 'SURVIVED', 'KILLED', 'KILLED', 'SURVIVED', 'KILLED', 'KILLED', 'KILLED', 'KILLED', 'SURVIVED', 'KILLED', 'KILLED', 'KILLED', 'KILLED', 'KILLED', 'KILLED', 'KILLED', 'SURVIVED', 'KILLED', 'KILLED', 'SURVIVED', 'KILLED', 'KILLED', 'SURVIVED', 'KILLED', 'KILLED', 'KILLED', 'KILLED', 'KILLED', 'SURVIVED', 'KILLED', 'SURVIVED', 'KILLED', 'KILLED', 'SURVIVED', 'KILLED', 'KILLED', 'SURVIVED', 'KILLED', 'KILLED', 'SURVIVED', 'SURVIVED', 'SURVIVED', 'KILLED', 'SURVIVED', 'KILLED', 'KILLED', 'SURVIVED', 'SURVIVED', 'KILLED', 'KILLED', 'SURVIVED', 'SURVIVED', 'SURVIVED', 'KILLED', 'SURVIVED', 'SURVIVED', 'KILLED', 'KILLED', 'SURVIVED', 'KILLED', 'KILLED', 'KILLED', 'SURVIVED', 'SURVIVED', 'SURVIVED', 'SURVIVED', 'SURVIVED', 'SURVIVED', 'KILLED', 'KILLED', 'KILLED', 'SURVIVED', 'SURVIVED', 'KILLED', 'SURVIVED', 'SURVIVED', 'SURVIVED', 'SURVIVED', 'SURVIVED', 'KILLED', 'SURVIVED', 'SURVIVED', 'SURVIVED', 'SURVIVED', 'SURVIVED', 'KILLED', 'SURVIVED', 'KILLED', 'KILLED', 'KILLED', 'KILLED', 'SURVIVED', 'KILLED', 'SURVIVED', 'KILLED', 'KILLED', 'SURVIVED', 'KILLED', 'SURVIVED', 'SURVIVED', 'SURVIVED', 'KILLED', 'SURVIVED', 'SURVIVED', 'SURVIVED', 'KILLED', 'KILLED', 'KILLED', 'SURVIVED', 'KILLED', 'KILLED', 'SURVIVED', 'SURVIVED', 'KILLED']"
Csv_5,"['KILLED', 'KILLED', 'KILLED', 'KILLED', 'KILLED', 'KILLED', 'KILLED', 'KILLED', 'KILLED', 'KILLED', 'KILLED', 'KILLED', 'KILLED', 'KILLED', 'KILLED', 'KILLED', 'KILLED', 'KILLED', 'KILLED', 'KILLED', 'KILLED', 'KILLED', 'KILLED', 'KILLED', 'KILLED', 'KILLED', 'KILLED', 'KILLED', 'KILLED', 'KILLED', 'KILLED', 'KILLED', 'KILLED', 'KILLED', 'KILLED', 'KILLED', 'KILLED', 'KILLED', 'KILLED', 'KILLED', 'KILLED', 'KILLED', 'KILLED', 'KILLED', 'KILLED', 'KILLED', 'KILLED', 'KILLED', 'KILLED', 'KILLED', 'KILLED', 'KILLED', 'KILLED', 'KILLED', 'KILLED', 'KILLED', 'KILLED', 'KILLED', 'KILLED', 'KILLED', 'KILLED', 'KILLED', 'KILLED', 'KILLED', 'KILLED', 'KILLED', 'KILLED', 'KILLED', 'KILLED', 'KILLED', 'KILLED', 'KILLED', 'KILLED', 'KILLED', 'KILLED', 'KILLED', 'KILLED', 'KILLED', 'KILLED', 'KILLED', 'KILLED', 'KILLED', 'KILLED', 'KILLED', 'KILLED', 'KILLED', 'KILLED', 'KILLED', 'KILLED', 'KILLED', 'KILLED', 'KILLED', 'KILLED', 'KILLED', 'KILLED', 'KILLED', 'KILLED', 'KILLED', 'KILLED', 'KILLED', 'KILLED', 'KILLED', 'KILLED', 'KILLED', 'KILLED', 'KILLED', 'KILLED', 'KILLED', 'KILLED', 'KILLED', 'KILLED', 'KILLED', 'KILLED', 'KILLED', 'KILLED', 'KILLED', 'KILLED', 'KILLED', 'KILLED', 'KILLED', 'KILLED', 'KILLED', 'KILLED', 'KILLED', 'KILLED', 'KILLED', 'KILLED', 'KILLED', 'KILLED', 'KILLED', 'KILLED', 'KILLED', 'KILLED', 'KILLED', 'KILLED', 'KILLED', 'KILLED', 'KILLED', 'KILLED', 'KILLED', 'KILLED', 'KILLED', 'KILLED', 'KILLED', 'KILLED', 'KILLED']","['SURVIVED', 'KILLED', 'SURVIVED', 'KILLED', 'SURVIVED', 'KILLED', 'KILLED', 'SURVIVED', 'SURVIVED', 'SURVIVED', 'SURVIVED', 'KILLED', 'KILLED', 'KILLED', 'SURVIVED', 'KILLED', 'KILLED', 'KILLED', 'KILLED', 'KILLED', 'SURVIVED', 'SURVIVED', 'SURVIVED', 'SURVIVED', 'KILLED', 'SURVIVED', 'SURVIVED', 'SURVIVED', 'KILLED', 'KILLED', 'KILLED', 'KILLED', 'KILLED', 'KILLED', 'SURVIVED', 'SURVIVED', 'SURVIVED', 'SURVIVED', 'SURVIVED', 'SURVIVED', 'SURVIVED', 'KILLED', 'KILLED', 'SURVIVED', 'SURVIVED', 'KILLED', 'SURVIVED', 'SURVIVED', 'SURVIVED', 'KILLED', 'KILLED', 'SURVIVED', 'KILLED', 'KILLED', 'KILLED', 'SURVIVED', 'KILLED', 'KILLED', 'SURVIVED', 'SURVIVED', 'SURVIVED', 'KILLED', 'KILLED', 'SURVIVED', 'SURVIVED', 'KILLED', 'KILLED', 'SURVIVED', 'KILLED', 'SURVIVED', 'KILLED', 'SURVIVED', 'KILLED', 'SURVIVED', 'KILLED', 'SURVIVED', 'KILLED', 'SURVIVED', 'SURVIVED', 'SURVIVED', 'SURVIVED', 'SURVIVED', 'KILLED', 'SURVIVED', 'KILLED', 'SURVIVED', 'KILLED', 'SURVIVED', 'SURVIVED', 'KILLED', 'SURVIVED', 'KILLED', 'KILLED', 'SURVIVED', 'SURVIVED', 'KILLED', 'SURVIVED', 'SURVIVED', 'SURVIVED', 'KILLED', 'SURVIVED', 'KILLED', 'KILLED', 'KILLED', 'KILLED', 'SURVIVED', 'SURVIVED', 'KILLED', 'KILLED', 'KILLED', 'KILLED', 'SURVIVED', 'KILLED', 'KILLED', 'KILLED', 'KILLED', 'KILLED', 'SURVIVED', 'SURVIVED', 'SURVIVED', 'SURVIVED', 'SURVIVED', 'KILLED', 'SURVIVED', 'KILLED', 'SURVIVED', 'SURVIVED', 'SURVIVED', 'SURVIVED', 'KILLED', 'SURVIVED', 'KILLED', 'SURVIVED', 'SURVIVED', 'SURVIVED', 'KILLED', 'KILLED', 'SURVIVED', 'SURVIVED', 'KILLED', 'KILLED', 'SURVIVED', 'SURVIVED', 'KILLED', 'SURVIVED', 'KILLED']"
Csv_5,"['KILLED', 'KILLED', 'KILLED', 'SURVIVED', 'SURVIVED', 'SURVIVED', 'SURVIVED', 'SURVIVED', 'SURVIVED', 'SURVIVED', 'SURVIVED', 'SURVIVED', 'SURVIVED', 'SURVIVED', 'SURVIVED', 'SURVIVED', 'SURVIVED', 'SURVIVED', 'SURVIVED', 'SURVIVED', 'SURVIVED', 'SURVIVED', 'SURVIVED', 'SURVIVED', 'SURVIVED', 'SURVIVED', 'SURVIVED', 'SURVIVED', 'SURVIVED', 'SURVIVED', 'SURVIVED', 'SURVIVED', 'SURVIVED', 'SURVIVED', 'SURVIVED', 'SURVIVED', 'SURVIVED', 'SURVIVED', 'SURVIVED', 'SURVIVED', 'SURVIVED', 'SURVIVED', 'SURVIVED', 'SURVIVED', 'SURVIVED', 'SURVIVED', 'SURVIVED', 'SURVIVED', 'SURVIVED', 'SURVIVED', 'SURVIVED', 'SURVIVED', 'SURVIVED', 'SURVIVED', 'SURVIVED', 'SURVIVED', 'SURVIVED', 'SURVIVED', 'SURVIVED', 'SURVIVED', 'SURVIVED', 'SURVIVED', 'SURVIVED', 'SURVIVED', 'SURVIVED', 'SURVIVED', 'SURVIVED', 'SURVIVED', 'SURVIVED', 'SURVIVED', 'SURVIVED', 'SURVIVED', 'SURVIVED', 'SURVIVED', 'SURVIVED', 'SURVIVED', 'SURVIVED', 'SURVIVED', 'SURVIVED', 'SURVIVED', 'SURVIVED', 'SURVIVED', 'SURVIVED', 'SURVIVED', 'SURVIVED', 'SURVIVED', 'SURVIVED', 'SURVIVED', 'SURVIVED', 'SURVIVED', 'SURVIVED', 'SURVIVED', 'SURVIVED', 'SURVIVED', 'SURVIVED', 'SURVIVED', 'SURVIVED', 'SURVIVED', 'SURVIVED', 'SURVIVED', 'SURVIVED', 'SURVIVED', 'SURVIVED', 'SURVIVED', 'SURVIVED', 'SURVIVED', 'SURVIVED', 'SURVIVED', 'SURVIVED', 'SURVIVED', 'SURVIVED', 'SURVIVED', 'SURVIVED', 'SURVIVED', 'SURVIVED', 'SURVIVED', 'SURVIVED', 'SURVIVED', 'SURVIVED', 'SURVIVED', 'SURVIVED', 'SURVIVED', 'SURVIVED', 'SURVIVED', 'SURVIVED', 'SURVIVED', 'SURVIVED', 'SURVIVED', 'SURVIVED', 'SURVIVED', 'SURVIVED', 'SURVIVED', 'SURVIVED', 'SURVIVED', 'SURVIVED', 'SURVIVED', 'SURVIVED', 'SURVIVED', 'SURVIVED', 'SURVIVED', 'SURVIVED', 'SURVIVED', 'SURVIVED', 'SURVIVED', 'SURVIVED', 'SURVIVED']","['SURVIVED', 'SURVIVED', 'KILLED', 'KILLED', 'SURVIVED', 'KILLED', 'SURVIVED', 'KILLED', 'KILLED', 'KILLED', 'KILLED', 'SURVIVED', 'SURVIVED', 'KILLED', 'SURVIVED', 'SURVIVED', 'SURVIVED', 'SURVIVED', 'SURVIVED', 'SURVIVED', 'KILLED', 'SURVIVED', 'KILLED', 'SURVIVED', 'KILLED', 'SURVIVED', 'SURVIVED', 'SURVIVED', 'KILLED', 'SURVIVED', 'KILLED', 'KILLED', 'SURVIVED', 'SURVIVED', 'SURVIVED', 'KILLED', 'KILLED', 'SURVIVED', 'SURVIVED', 'SURVIVED', 'KILLED', 'KILLED', 'SURVIVED', 'SURVIVED', 'KILLED', 'SURVIVED', 'SURVIVED', 'KILLED', 'KILLED', 'SURVIVED', 'SURVIVED', 'KILLED', 'KILLED', 'KILLED', 'KILLED', 'KILLED', 'SURVIVED', 'KILLED', 'KILLED', 'SURVIVED', 'KILLED', 'SURVIVED', 'KILLED', 'KILLED', 'KILLED', 'KILLED', 'SURVIVED', 'KILLED', 'SURVIVED', 'SURVIVED', 'KILLED', 'SURVIVED', 'SURVIVED', 'SURVIVED', 'KILLED', 'KILLED', 'SURVIVED', 'SURVIVED', 'KILLED', 'SURVIVED', 'SURVIVED', 'SURVIVED', 'SURVIVED', 'SURVIVED', 'SURVIVED', 'KILLED', 'KILLED', 'KILLED', 'SURVIVED', 'KILLED', 'SURVIVED', 'SURVIVED', 'KILLED', 'KILLED', 'SURVIVED', 'KILLED', 'KILLED', 'SURVIVED', 'SURVIVED', 'KILLED', 'SURVIVED', 'KILLED', 'KILLED', 'SURVIVED', 'SURVIVED', 'KILLED', 'SURVIVED', 'KILLED', 'SURVIVED', 'SURVIVED', 'KILLED', 'SURVIVED', 'KILLED', 'SURVIVED', 'KILLED', 'KILLED', 'SURVIVED', 'KILLED', 'SURVIVED', 'KILLED', 'KILLED', 'KILLED', 'SURVIVED', 'SURVIVED', 'KILLED', 'SURVIVED', 'SURVIVED', 'KILLED', 'KILLED', 'KILLED', 'SURVIVED', 'KILLED', 'KILLED', 'SURVIVED', 'KILLED', 'SURVIVED', 'KILLED', 'SURVIVED', 'KILLED', 'KILLED', 'KILLED', 'SURVIVED', 'SURVIVED', 'KILLED', 'KILLED', 'SURVIVED']"
Csv_5,"['KILLED', 'KILLED', 'KILLED', 'KILLED', 'KILLED', 'KILLED', 'KILLED', 'KILLED', 'KILLED', 'KILLED', 'KILLED', 'KILLED', 'KILLED', 'KILLED', 'KILLED', 'KILLED', 'KILLED', 'KILLED', 'KILLED', 'KILLED', 'KILLED', 'KILLED', 'KILLED', 'KILLED', 'KILLED', 'KILLED', 'KILLED', 'KILLED', 'KILLED', 'KILLED', 'KILLED', 'KILLED', 'KILLED', 'KILLED', 'KILLED', 'KILLED', 'KILLED', 'KILLED', 'KILLED', 'KILLED', 'KILLED', 'KILLED', 'KILLED', 'KILLED', 'KILLED', 'KILLED', 'KILLED', 'KILLED', 'KILLED', 'KILLED', 'KILLED', 'KILLED', 'KILLED', 'KILLED', 'KILLED', 'KILLED', 'KILLED', 'KILLED', 'KILLED', 'KILLED', 'KILLED', 'KILLED', 'KILLED', 'KILLED', 'KILLED', 'KILLED', 'KILLED', 'KILLED', 'KILLED', 'KILLED', 'KILLED', 'KILLED', 'KILLED', 'KILLED', 'KILLED', 'KILLED', 'KILLED', 'KILLED', 'KILLED', 'KILLED', 'KILLED', 'KILLED', 'KILLED', 'KILLED', 'KILLED', 'KILLED', 'KILLED', 'KILLED', 'KILLED', 'KILLED', 'KILLED', 'KILLED', 'KILLED', 'KILLED', 'KILLED', 'KILLED', 'KILLED', 'KILLED', 'KILLED', 'KILLED', 'KILLED', 'KILLED', 'KILLED', 'KILLED', 'KILLED', 'KILLED', 'KILLED', 'KILLED', 'KILLED', 'KILLED', 'KILLED', 'KILLED', 'KILLED', 'KILLED', 'KILLED', 'KILLED', 'KILLED', 'KILLED', 'KILLED', 'KILLED', 'KILLED', 'KILLED', 'KILLED', 'KILLED', 'KILLED', 'KILLED', 'KILLED', 'KILLED', 'KILLED', 'KILLED', 'KILLED', 'KILLED', 'KILLED', 'KILLED', 'KILLED', 'KILLED', 'KILLED', 'KILLED', 'KILLED', 'KILLED', 'KILLED', 'KILLED', 'KILLED', 'KILLED', 'KILLED', 'KILLED']","['KILLED', 'KILLED', 'KILLED', 'SURVIVED', 'SURVIVED', 'KILLED', 'SURVIVED', 'KILLED', 'SURVIVED', 'KILLED', 'KILLED', 'SURVIVED', 'KILLED', 'KILLED', 'SURVIVED', 'SURVIVED', 'KILLED', 'SURVIVED', 'SURVIVED', 'SURVIVED', 'KILLED', 'SURVIVED', 'KILLED', 'SURVIVED', 'KILLED', 'KILLED', 'SURVIVED', 'KILLED', 'KILLED', 'SURVIVED', 'SURVIVED', 'KILLED', 'SURVIVED', 'SURVIVED', 'KILLED', 'KILLED', 'KILLED', 'SURVIVED', 'KILLED', 'SURVIVED', 'KILLED', 'KILLED', 'KILLED', 'KILLED', 'SURVIVED', 'SURVIVED', 'SURVIVED', 'SURVIVED', 'SURVIVED', 'KILLED', 'KILLED', 'SURVIVED', 'SURVIVED', 'KILLED', 'SURVIVED', 'SURVIVED', 'KILLED', 'SURVIVED', 'SURVIVED', 'SURVIVED', 'SURVIVED', 'SURVIVED', 'SURVIVED', 'KILLED', 'SURVIVED', 'SURVIVED', 'SURVIVED', 'SURVIVED', 'KILLED', 'SURVIVED', 'KILLED', 'SURVIVED', 'KILLED', 'SURVIVED', 'SURVIVED', 'KILLED', 'KILLED', 'SURVIVED', 'SURVIVED', 'SURVIVED', 'SURVIVED', 'SURVIVED', 'KILLED', 'SURVIVED', 'SURVIVED', 'SURVIVED', 'KILLED', 'SURVIVED', 'SURVIVED', 'SURVIVED', 'KILLED', 'KILLED', 'SURVIVED', 'SURVIVED', 'KILLED', 'KILLED', 'KILLED', 'SURVIVED', 'KILLED', 'KILLED', 'KILLED', 'KILLED', 'SURVIVED', 'SURVIVED', 'SURVIVED', 'KILLED', 'KILLED', 'SURVIVED', 'SURVIVED', 'SURVIVED', 'SURVIVED', 'KILLED', 'KILLED', 'SURVIVED', 'SURVIVED', 'SURVIVED', 'SURVIVED', 'KILLED', 'KILLED', 'KILLED', 'KILLED', 'SURVIVED', 'SURVIVED', 'KILLED', 'SURVIVED', 'SURVIVED', 'SURVIVED', 'KILLED', 'SURVIVED', 'SURVIVED', 'KILLED', 'KILLED', 'KILLED', 'KILLED', 'SURVIVED', 'KILLED', 'SURVIVED', 'KILLED', 'SURVIVED', 'SURVIVED', 'KILLED', 'SURVIVED', 'SURVIVED', 'KILLED', 'KILLED', 'SURVIVED']"
Csv_5,"['KILLED', 'KILLED', 'KILLED', 'KILLED', 'KILLED', 'KILLED', 'KILLED', 'KILLED', 'KILLED', 'KILLED', 'KILLED', 'KILLED', 'KILLED', 'KILLED', 'KILLED', 'KILLED', 'KILLED', 'KILLED', 'KILLED', 'KILLED', 'KILLED', 'KILLED', 'KILLED', 'KILLED', 'KILLED', 'KILLED', 'KILLED', 'KILLED', 'KILLED', 'KILLED', 'KILLED', 'KILLED', 'KILLED', 'KILLED', 'KILLED', 'KILLED', 'KILLED', 'KILLED', 'KILLED', 'KILLED', 'KILLED', 'KILLED', 'KILLED', 'KILLED', 'KILLED', 'KILLED', 'KILLED', 'KILLED', 'KILLED', 'KILLED', 'KILLED', 'KILLED', 'KILLED', 'KILLED', 'KILLED', 'KILLED', 'KILLED', 'KILLED', 'KILLED', 'KILLED', 'KILLED', 'KILLED', 'KILLED', 'KILLED', 'KILLED', 'KILLED', 'KILLED', 'KILLED', 'KILLED', 'KILLED', 'KILLED', 'KILLED', 'KILLED', 'KILLED', 'KILLED', 'KILLED', 'KILLED', 'KILLED', 'KILLED', 'KILLED', 'KILLED', 'KILLED', 'KILLED', 'KILLED', 'KILLED', 'KILLED', 'KILLED', 'KILLED', 'KILLED', 'KILLED', 'KILLED', 'KILLED', 'KILLED', 'KILLED', 'KILLED', 'KILLED', 'KILLED', 'KILLED', 'KILLED', 'KILLED', 'KILLED', 'KILLED', 'KILLED', 'KILLED', 'KILLED', 'KILLED', 'KILLED', 'KILLED', 'KILLED', 'KILLED', 'KILLED', 'KILLED', 'KILLED', 'KILLED', 'KILLED', 'KILLED', 'KILLED', 'KILLED', 'KILLED', 'KILLED', 'KILLED', 'KILLED', 'KILLED', 'KILLED', 'KILLED', 'KILLED', 'KILLED', 'KILLED', 'KILLED', 'KILLED', 'KILLED', 'KILLED', 'KILLED', 'KILLED', 'KILLED', 'KILLED', 'KILLED', 'KILLED', 'KILLED', 'KILLED', 'KILLED', 'KILLED', 'KILLED', 'KILLED', 'KILLED', 'KILLED']","['KILLED', 'KILLED', 'KILLED', 'KILLED', 'KILLED', 'SURVIVED', 'KILLED', 'SURVIVED', 'SURVIVED', 'SURVIVED', 'KILLED', 'KILLED', 'KILLED', 'SURVIVED', 'SURVIVED', 'SURVIVED', 'SURVIVED', 'SURVIVED', 'KILLED', 'KILLED', 'SURVIVED', 'KILLED', 'SURVIVED', 'SURVIVED', 'SURVIVED', 'KILLED', 'KILLED', 'KILLED', 'SURVIVED', 'KILLED', 'KILLED', 'KILLED', 'SURVIVED', 'KILLED', 'KILLED', 'SURVIVED', 'KILLED', 'SURVIVED', 'SURVIVED', 'KILLED', 'SURVIVED', 'KILLED', 'SURVIVED', 'KILLED', 'SURVIVED', 'KILLED', 'KILLED', 'KILLED', 'KILLED', 'SURVIVED', 'KILLED', 'KILLED', 'KILLED', 'KILLED', 'SURVIVED', 'KILLED', 'SURVIVED', 'KILLED', 'SURVIVED', 'SURVIVED', 'SURVIVED', 'SURVIVED', 'KILLED', 'SURVIVED', 'SURVIVED', 'SURVIVED', 'KILLED', 'KILLED', 'KILLED', 'SURVIVED', 'SURVIVED', 'SURVIVED', 'SURVIVED', 'KILLED', 'SURVIVED', 'KILLED', 'SURVIVED', 'SURVIVED', 'SURVIVED', 'SURVIVED', 'KILLED', 'SURVIVED', 'KILLED', 'SURVIVED', 'KILLED', 'SURVIVED', 'KILLED', 'SURVIVED', 'SURVIVED', 'KILLED', 'KILLED', 'KILLED', 'KILLED', 'SURVIVED', 'SURVIVED', 'SURVIVED', 'KILLED', 'KILLED', 'SURVIVED', 'SURVIVED', 'KILLED', 'KILLED', 'SURVIVED', 'SURVIVED', 'SURVIVED', 'SURVIVED', 'SURVIVED', 'KILLED', 'KILLED', 'SURVIVED', 'SURVIVED', 'KILLED', 'KILLED', 'SURVIVED', 'KILLED', 'KILLED', 'SURVIVED', 'SURVIVED', 'SURVIVED', 'SURVIVED', 'KILLED', 'KILLED', 'SURVIVED', 'KILLED', 'SURVIVED', 'SURVIVED', 'SURVIVED', 'SURVIVED', 'KILLED', 'SURVIVED', 'KILLED', 'KILLED', 'SURVIVED', 'SURVIVED', 'KILLED', 'SURVIVED', 'SURVIVED', 'SURVIVED', 'KILLED', 'KILLED', 'KILLED', 'SURVIVED', 'SURVIVED', 'SURVIVED', 'SURVIVED', 'KILLED']"
Csv_5,"['KILLED', 'KILLED', 'KILLED', 'SURVIVED', 'SURVIVED', 'SURVIVED', 'SURVIVED', 'SURVIVED', 'SURVIVED', 'SURVIVED', 'SURVIVED', 'SURVIVED', 'SURVIVED', 'SURVIVED', 'SURVIVED', 'SURVIVED', 'SURVIVED', 'SURVIVED', 'SURVIVED', 'SURVIVED', 'SURVIVED', 'SURVIVED', 'SURVIVED', 'SURVIVED', 'SURVIVED', 'SURVIVED', 'SURVIVED', 'SURVIVED', 'SURVIVED', 'SURVIVED', 'SURVIVED', 'SURVIVED', 'SURVIVED', 'SURVIVED', 'SURVIVED', 'SURVIVED', 'SURVIVED', 'SURVIVED', 'SURVIVED', 'SURVIVED', 'SURVIVED', 'SURVIVED', 'SURVIVED', 'SURVIVED', 'SURVIVED', 'SURVIVED', 'SURVIVED', 'SURVIVED', 'SURVIVED', 'SURVIVED', 'SURVIVED', 'SURVIVED', 'SURVIVED', 'SURVIVED', 'SURVIVED', 'SURVIVED', 'SURVIVED', 'SURVIVED', 'SURVIVED', 'SURVIVED', 'SURVIVED', 'SURVIVED', 'SURVIVED', 'SURVIVED', 'SURVIVED', 'SURVIVED', 'SURVIVED', 'SURVIVED', 'SURVIVED', 'SURVIVED', 'SURVIVED', 'SURVIVED', 'SURVIVED', 'SURVIVED', 'SURVIVED', 'SURVIVED', 'SURVIVED', 'SURVIVED', 'SURVIVED', 'SURVIVED', 'SURVIVED', 'SURVIVED', 'SURVIVED', 'SURVIVED', 'SURVIVED', 'SURVIVED', 'SURVIVED', 'SURVIVED', 'SURVIVED', 'SURVIVED', 'SURVIVED', 'SURVIVED', 'SURVIVED', 'SURVIVED', 'SURVIVED', 'SURVIVED', 'SURVIVED', 'SURVIVED', 'SURVIVED', 'SURVIVED', 'SURVIVED', 'SURVIVED', 'SURVIVED', 'SURVIVED', 'SURVIVED', 'SURVIVED', 'SURVIVED', 'SURVIVED', 'SURVIVED', 'SURVIVED', 'SURVIVED', 'SURVIVED', 'SURVIVED', 'SURVIVED', 'SURVIVED', 'SURVIVED', 'SURVIVED', 'SURVIVED', 'SURVIVED', 'SURVIVED', 'SURVIVED', 'SURVIVED', 'SURVIVED', 'SURVIVED', 'SURVIVED', 'SURVIVED', 'SURVIVED', 'SURVIVED', 'SURVIVED', 'SURVIVED', 'SURVIVED', 'SURVIVED', 'SURVIVED', 'SURVIVED', 'SURVIVED', 'SURVIVED', 'SURVIVED', 'SURVIVED', 'SURVIVED', 'SURVIVED', 'SURVIVED', 'SURVIVED', 'SURVIVED', 'SURVIVED', 'SURVIVED', 'SURVIVED']","['KILLED', 'SURVIVED', 'KILLED', 'KILLED', 'KILLED', 'KILLED', 'SURVIVED', 'SURVIVED', 'SURVIVED', 'KILLED', 'KILLED', 'SURVIVED', 'SURVIVED', 'KILLED', 'SURVIVED', 'SURVIVED', 'SURVIVED', 'SURVIVED', 'SURVIVED', 'SURVIVED', 'KILLED', 'SURVIVED', 'SURVIVED', 'KILLED', 'SURVIVED', 'SURVIVED', 'KILLED', 'SURVIVED', 'SURVIVED', 'KILLED', 'KILLED', 'SURVIVED', 'KILLED', 'SURVIVED', 'KILLED', 'KILLED', 'KILLED', 'KILLED', 'KILLED', 'KILLED', 'SURVIVED', 'SURVIVED', 'SURVIVED', 'KILLED', 'SURVIVED', 'KILLED', 'SURVIVED', 'SURVIVED', 'KILLED', 'KILLED', 'KILLED', 'SURVIVED', 'SURVIVED', 'SURVIVED', 'SURVIVED', 'KILLED', 'SURVIVED', 'SURVIVED', 'SURVIVED', 'SURVIVED', 'SURVIVED', 'KILLED', 'KILLED', 'SURVIVED', 'SURVIVED', 'KILLED', 'SURVIVED', 'SURVIVED', 'KILLED', 'SURVIVED', 'SURVIVED', 'SURVIVED', 'SURVIVED', 'SURVIVED', 'SURVIVED', 'KILLED', 'SURVIVED', 'SURVIVED', 'SURVIVED', 'KILLED', 'SURVIVED', 'KILLED', 'SURVIVED', 'KILLED', 'SURVIVED', 'SURVIVED', 'SURVIVED', 'SURVIVED', 'KILLED', 'KILLED', 'SURVIVED', 'SURVIVED', 'KILLED', 'KILLED', 'KILLED', 'KILLED', 'KILLED', 'KILLED', 'KILLED', 'KILLED', 'KILLED', 'SURVIVED', 'SURVIVED', 'SURVIVED', 'KILLED', 'KILLED', 'KILLED', 'KILLED', 'SURVIVED', 'SURVIVED', 'SURVIVED', 'KILLED', 'SURVIVED', 'SURVIVED', 'SURVIVED', 'KILLED', 'KILLED', 'KILLED', 'KILLED', 'KILLED', 'SURVIVED', 'KILLED', 'KILLED', 'SURVIVED', 'SURVIVED', 'KILLED', 'SURVIVED', 'KILLED', 'KILLED', 'SURVIVED', 'KILLED', 'SURVIVED', 'SURVIVED', 'SURVIVED', 'SURVIVED', 'KILLED', 'SURVIVED', 'SURVIVED', 'KILLED', 'KILLED', 'SURVIVED', 'KILLED', 'SURVIVED', 'SURVIVED', 'KILLED', 'KILLED']"
Csv_5,"['KILLED', 'KILLED', 'KILLED', 'KILLED', 'KILLED', 'KILLED', 'KILLED', 'KILLED', 'KILLED', 'KILLED', 'KILLED', 'KILLED', 'KILLED', 'KILLED', 'KILLED', 'KILLED', 'KILLED', 'KILLED', 'KILLED', 'KILLED', 'KILLED', 'KILLED', 'KILLED', 'KILLED', 'KILLED', 'KILLED', 'KILLED', 'KILLED', 'KILLED', 'KILLED', 'KILLED', 'KILLED', 'KILLED', 'KILLED', 'KILLED', 'KILLED', 'KILLED', 'KILLED', 'KILLED', 'KILLED', 'KILLED', 'KILLED', 'KILLED', 'KILLED', 'KILLED', 'KILLED', 'KILLED', 'KILLED', 'KILLED', 'KILLED', 'KILLED', 'KILLED', 'KILLED', 'KILLED', 'KILLED', 'KILLED', 'KILLED', 'KILLED', 'KILLED', 'KILLED', 'KILLED', 'KILLED', 'KILLED', 'KILLED', 'KILLED', 'KILLED', 'KILLED', 'KILLED', 'KILLED', 'KILLED', 'KILLED', 'KILLED', 'KILLED', 'KILLED', 'KILLED', 'KILLED', 'KILLED', 'KILLED', 'KILLED', 'KILLED', 'KILLED', 'KILLED', 'KILLED', 'KILLED', 'KILLED', 'KILLED', 'KILLED', 'KILLED', 'KILLED', 'KILLED', 'KILLED', 'KILLED', 'KILLED', 'KILLED', 'KILLED', 'KILLED', 'KILLED', 'KILLED', 'KILLED', 'KILLED', 'KILLED', 'KILLED', 'KILLED', 'KILLED', 'KILLED', 'KILLED', 'KILLED', 'KILLED', 'KILLED', 'KILLED', 'KILLED', 'KILLED', 'KILLED', 'KILLED', 'KILLED', 'KILLED', 'KILLED', 'KILLED', 'KILLED', 'KILLED', 'KILLED', 'KILLED', 'KILLED', 'KILLED', 'KILLED', 'KILLED', 'KILLED', 'KILLED', 'KILLED', 'KILLED', 'KILLED', 'KILLED', 'KILLED', 'KILLED', 'KILLED', 'KILLED', 'KILLED', 'KILLED', 'KILLED', 'KILLED', 'KILLED', 'KILLED', 'KILLED', 'KILLED', 'KILLED', 'KILLED']","['SURVIVED', 'SURVIVED', 'KILLED', 'KILLED', 'SURVIVED', 'SURVIVED', 'SURVIVED', 'KILLED', 'SURVIVED', 'KILLED', 'KILLED', 'KILLED', 'SURVIVED', 'SURVIVED', 'KILLED', 'KILLED', 'SURVIVED', 'SURVIVED', 'KILLED', 'SURVIVED', 'SURVIVED', 'SURVIVED', 'SURVIVED', 'KILLED', 'SURVIVED', 'SURVIVED', 'KILLED', 'KILLED', 'KILLED', 'SURVIVED', 'SURVIVED', 'KILLED', 'SURVIVED', 'SURVIVED', 'KILLED', 'SURVIVED', 'SURVIVED', 'KILLED', 'KILLED', 'KILLED', 'SURVIVED', 'KILLED', 'SURVIVED', 'SURVIVED', 'SURVIVED', 'SURVIVED', 'KILLED', 'KILLED', 'KILLED', 'SURVIVED', 'SURVIVED', 'KILLED', 'KILLED', 'KILLED', 'KILLED', 'KILLED', 'KILLED', 'SURVIVED', 'SURVIVED', 'KILLED', 'KILLED', 'SURVIVED', 'KILLED', 'SURVIVED', 'KILLED', 'SURVIVED', 'KILLED', 'SURVIVED', 'SURVIVED', 'KILLED', 'SURVIVED', 'SURVIVED', 'KILLED', 'SURVIVED', 'SURVIVED', 'KILLED', 'KILLED', 'KILLED', 'KILLED', 'SURVIVED', 'SURVIVED', 'KILLED', 'KILLED', 'KILLED', 'SURVIVED', 'KILLED', 'SURVIVED', 'SURVIVED', 'KILLED', 'KILLED', 'SURVIVED', 'SURVIVED', 'SURVIVED', 'SURVIVED', 'SURVIVED', 'SURVIVED', 'KILLED', 'KILLED', 'SURVIVED', 'KILLED', 'KILLED', 'SURVIVED', 'KILLED', 'KILLED', 'KILLED', 'KILLED', 'SURVIVED', 'SURVIVED', 'SURVIVED', 'SURVIVED', 'KILLED', 'KILLED', 'SURVIVED', 'SURVIVED', 'KILLED', 'SURVIVED', 'KILLED', 'KILLED', 'KILLED', 'SURVIVED', 'KILLED', 'KILLED', 'KILLED', 'KILLED', 'KILLED', 'KILLED', 'SURVIVED', 'KILLED', 'KILLED', 'KILLED', 'SURVIVED', 'SURVIVED', 'KILLED', 'KILLED', 'KILLED', 'KILLED', 'SURVIVED', 'KILLED', 'SURVIVED', 'SURVIVED', 'KILLED', 'SURVIVED', 'KILLED', 'KILLED', 'SURVIVED', 'SURVIVED']"
Csv_5,"['KILLED', 'KILLED', 'KILLED', 'KILLED', 'KILLED', 'KILLED', 'KILLED', 'KILLED', 'KILLED', 'KILLED', 'KILLED', 'KILLED', 'KILLED', 'KILLED', 'KILLED', 'KILLED', 'KILLED', 'KILLED', 'KILLED', 'KILLED', 'KILLED', 'KILLED', 'KILLED', 'KILLED', 'KILLED', 'KILLED', 'KILLED', 'KILLED', 'KILLED', 'KILLED', 'KILLED', 'KILLED', 'KILLED', 'KILLED', 'KILLED', 'KILLED', 'KILLED', 'KILLED', 'KILLED', 'KILLED', 'KILLED', 'KILLED', 'KILLED', 'KILLED', 'KILLED', 'KILLED', 'KILLED', 'KILLED', 'KILLED', 'KILLED', 'KILLED', 'KILLED', 'KILLED', 'KILLED', 'KILLED', 'KILLED', 'KILLED', 'KILLED', 'KILLED', 'KILLED', 'KILLED', 'KILLED', 'KILLED', 'KILLED', 'KILLED', 'KILLED', 'KILLED', 'KILLED', 'KILLED', 'KILLED', 'KILLED', 'KILLED', 'KILLED', 'KILLED', 'KILLED', 'KILLED', 'KILLED', 'KILLED', 'KILLED', 'KILLED', 'KILLED', 'KILLED', 'KILLED', 'KILLED', 'KILLED', 'KILLED', 'KILLED', 'KILLED', 'KILLED', 'KILLED', 'KILLED', 'KILLED', 'KILLED', 'KILLED', 'KILLED', 'KILLED', 'KILLED', 'KILLED', 'KILLED', 'KILLED', 'KILLED', 'KILLED', 'KILLED', 'KILLED', 'KILLED', 'KILLED', 'KILLED', 'KILLED', 'KILLED', 'KILLED', 'KILLED', 'KILLED', 'KILLED', 'KILLED', 'KILLED', 'KILLED', 'KILLED', 'KILLED', 'KILLED', 'KILLED', 'KILLED', 'KILLED', 'KILLED', 'KILLED', 'KILLED', 'KILLED', 'KILLED', 'KILLED', 'KILLED', 'KILLED', 'KILLED', 'KILLED', 'KILLED', 'KILLED', 'KILLED', 'KILLED', 'KILLED', 'KILLED', 'KILLED', 'KILLED', 'KILLED', 'KILLED', 'KILLED', 'KILLED', 'KILLED', 'KILLED']","['SURVIVED', 'KILLED', 'KILLED', 'SURVIVED', 'SURVIVED', 'KILLED', 'SURVIVED', 'SURVIVED', 'SURVIVED', 'SURVIVED', 'SURVIVED', 'KILLED', 'SURVIVED', 'SURVIVED', 'KILLED', 'SURVIVED', 'KILLED', 'KILLED', 'SURVIVED', 'KILLED', 'SURVIVED', 'KILLED', 'SURVIVED', 'SURVIVED', 'KILLED', 'SURVIVED', 'KILLED', 'SURVIVED', 'KILLED', 'SURVIVED', 'KILLED', 'SURVIVED', 'SURVIVED', 'KILLED', 'KILLED', 'KILLED', 'SURVIVED', 'SURVIVED', 'KILLED', 'KILLED', 'KILLED', 'KILLED', 'SURVIVED', 'KILLED', 'SURVIVED', 'SURVIVED', 'KILLED', 'KILLED', 'KILLED', 'KILLED', 'SURVIVED', 'KILLED', 'KILLED', 'SURVIVED', 'KILLED', 'SURVIVED', 'SURVIVED', 'SURVIVED', 'SURVIVED', 'SURVIVED', 'SURVIVED', 'SURVIVED', 'SURVIVED', 'SURVIVED', 'SURVIVED', 'KILLED', 'SURVIVED', 'SURVIVED', 'KILLED', 'SURVIVED', 'SURVIVED', 'SURVIVED', 'KILLED', 'KILLED', 'KILLED', 'KILLED', 'SURVIVED', 'SURVIVED', 'SURVIVED', 'KILLED', 'KILLED', 'SURVIVED', 'KILLED', 'SURVIVED', 'KILLED', 'SURVIVED', 'SURVIVED', 'SURVIVED', 'SURVIVED', 'SURVIVED', 'SURVIVED', 'KILLED', 'SURVIVED', 'KILLED', 'KILLED', 'SURVIVED', 'KILLED', 'KILLED', 'KILLED', 'KILLED', 'KILLED', 'KILLED', 'SURVIVED', 'KILLED', 'KILLED', 'KILLED', 'KILLED', 'KILLED', 'KILLED', 'SURVIVED', 'SURVIVED', 'KILLED', 'SURVIVED', 'SURVIVED', 'KILLED', 'KILLED', 'SURVIVED', 'KILLED', 'KILLED', 'SURVIVED', 'SURVIVED', 'KILLED', 'SURVIVED', 'KILLED', 'KILLED', 'KILLED', 'KILLED', 'KILLED', 'KILLED', 'SURVIVED', 'SURVIVED', 'SURVIVED', 'SURVIVED', 'KILLED', 'SURVIVED', 'SURVIVED', 'SURVIVED', 'KILLED', 'KILLED', 'SURVIVED', 'KILLED', 'KILLED', 'KILLED', 'SURVIVED', 'SURVIVED', 'SURVIVED']"
Csv_5,"['KILLED', 'KILLED', 'KILLED', 'KILLED', 'KILLED', 'KILLED', 'KILLED', 'KILLED', 'KILLED', 'KILLED', 'KILLED', 'KILLED', 'KILLED', 'KILLED', 'KILLED', 'KILLED', 'KILLED', 'KILLED', 'KILLED', 'KILLED', 'KILLED', 'KILLED', 'KILLED', 'KILLED', 'KILLED', 'KILLED', 'KILLED', 'KILLED', 'KILLED', 'KILLED', 'KILLED', 'KILLED', 'KILLED', 'KILLED', 'KILLED', 'KILLED', 'KILLED', 'KILLED', 'KILLED', 'KILLED', 'KILLED', 'KILLED', 'KILLED', 'KILLED', 'KILLED', 'KILLED', 'KILLED', 'KILLED', 'KILLED', 'KILLED', 'KILLED', 'KILLED', 'KILLED', 'KILLED', 'KILLED', 'KILLED', 'KILLED', 'KILLED', 'KILLED', 'KILLED', 'KILLED', 'KILLED', 'KILLED', 'KILLED', 'KILLED', 'KILLED', 'KILLED', 'KILLED', 'KILLED', 'KILLED', 'KILLED', 'KILLED', 'KILLED', 'KILLED', 'KILLED', 'KILLED', 'KILLED', 'KILLED', 'KILLED', 'KILLED', 'KILLED', 'KILLED', 'KILLED', 'KILLED', 'KILLED', 'KILLED', 'KILLED', 'KILLED', 'KILLED', 'KILLED', 'KILLED', 'KILLED', 'KILLED', 'KILLED', 'KILLED', 'KILLED', 'KILLED', 'KILLED', 'KILLED', 'KILLED', 'KILLED', 'KILLED', 'KILLED', 'KILLED', 'KILLED', 'KILLED', 'KILLED', 'KILLED', 'KILLED', 'KILLED', 'KILLED', 'KILLED', 'KILLED', 'KILLED', 'KILLED', 'KILLED', 'KILLED', 'KILLED', 'KILLED', 'KILLED', 'KILLED', 'KILLED', 'KILLED', 'KILLED', 'KILLED', 'KILLED', 'KILLED', 'KILLED', 'KILLED', 'KILLED', 'KILLED', 'KILLED', 'KILLED', 'KILLED', 'KILLED', 'KILLED', 'KILLED', 'KILLED', 'KILLED', 'KILLED', 'KILLED', 'KILLED', 'KILLED', 'KILLED', 'KILLED', 'KILLED']","['SURVIVED', 'KILLED', 'KILLED', 'KILLED', 'KILLED', 'SURVIVED', 'SURVIVED', 'SURVIVED', 'KILLED', 'KILLED', 'KILLED', 'KILLED', 'SURVIVED', 'SURVIVED', 'KILLED', 'KILLED', 'SURVIVED', 'KILLED', 'KILLED', 'SURVIVED', 'KILLED', 'KILLED', 'KILLED', 'SURVIVED', 'KILLED', 'SURVIVED', 'KILLED', 'KILLED', 'SURVIVED', 'SURVIVED', 'SURVIVED', 'KILLED', 'KILLED', 'SURVIVED', 'KILLED', 'KILLED', 'SURVIVED', 'KILLED', 'KILLED', 'SURVIVED', 'SURVIVED', 'SURVIVED', 'KILLED', 'SURVIVED', 'SURVIVED', 'SURVIVED', 'KILLED', 'SURVIVED', 'SURVIVED', 'SURVIVED', 'KILLED', 'SURVIVED', 'KILLED', 'SURVIVED', 'KILLED', 'KILLED', 'KILLED', 'SURVIVED', 'KILLED', 'SURVIVED', 'KILLED', 'SURVIVED', 'SURVIVED', 'SURVIVED', 'KILLED', 'KILLED', 'KILLED', 'SURVIVED', 'SURVIVED', 'SURVIVED', 'SURVIVED', 'KILLED', 'KILLED', 'KILLED', 'KILLED', 'SURVIVED', 'SURVIVED', 'SURVIVED', 'KILLED', 'KILLED', 'KILLED', 'SURVIVED', 'KILLED', 'SURVIVED', 'SURVIVED', 'KILLED', 'SURVIVED', 'SURVIVED', 'SURVIVED', 'KILLED', 'KILLED', 'KILLED', 'SURVIVED', 'KILLED', 'KILLED', 'SURVIVED', 'SURVIVED', 'SURVIVED', 'SURVIVED', 'KILLED', 'KILLED', 'KILLED', 'SURVIVED', 'SURVIVED', 'SURVIVED', 'SURVIVED', 'SURVIVED', 'KILLED', 'SURVIVED', 'SURVIVED', 'KILLED', 'SURVIVED', 'KILLED', 'SURVIVED', 'KILLED', 'KILLED', 'SURVIVED', 'KILLED', 'SURVIVED', 'SURVIVED', 'SURVIVED', 'SURVIVED', 'SURVIVED', 'SURVIVED', 'SURVIVED', 'KILLED', 'SURVIVED', 'SURVIVED', 'KILLED', 'SURVIVED', 'SURVIVED', 'KILLED', 'SURVIVED', 'SURVIVED', 'SURVIVED', 'SURVIVED', 'KILLED', 'SURVIVED', 'SURVIVED', 'SURVIVED', 'SURVIVED', 'SURVIVED', 'KILLED', 'KILLED', 'KILLED', 'KILLED']"
Csv_5,"['KILLED', 'KILLED', 'SURVIVED', 'SURVIVED', 'SURVIVED', 'SURVIVED', 'SURVIVED', 'SURVIVED', 'SURVIVED', 'SURVIVED', 'SURVIVED', 'SURVIVED', 'SURVIVED']","['SURVIVED', 'KILLED', 'SURVIVED', 'SURVIVED', 'KILLED', 'SURVIVED', 'SURVIVED', 'KILLED', 'SURVIVED', 'KILLED', 'SURVIVED', 'KILLED', 'SURVIVED']"
Csv_5,"['SURVIVED', 'SURVIVED', 'SURVIVED', 'SURVIVED', 'SURVIVED', 'SURVIVED', 'SURVIVED', 'SURVIVED', 'SURVIVED', 'SURVIVED', 'SURVIVED', 'SURVIVED', 'SURVIVED']","['SURVIVED', 'KILLED', 'SURVIVED', 'SURVIVED', 'SURVIVED', 'SURVIVED', 'KILLED', 'SURVIVED', 'KILLED', 'KILLED', 'KILLED', 'SURVIVED', 'KILLED']"
Csv_5,"['SURVIVED', 'SURVIVED', 'SURVIVED', 'SURVIVED', 'SURVIVED', 'SURVIVED', 'SURVIVED', 'SURVIVED', 'SURVIVED', 'SURVIVED', 'SURVIVED', 'SURVIVED', 'SURVIVED']","['KILLED', 'SURVIVED', 'SURVIVED', 'SURVIVED', 'KILLED', 'KILLED', 'KILLED', 'SURVIVED', 'KILLED', 'KILLED', 'SURVIVED', 'SURVIVED', 'SURVIVED']"
Csv_5,"['SURVIVED', 'SURVIVED', 'SURVIVED', 'SURVIVED', 'SURVIVED', 'SURVIVED', 'SURVIVED', 'SURVIVED', 'SURVIVED', 'SURVIVED', 'SURVIVED', 'SURVIVED', 'SURVIVED', 'SURVIVED', 'SURVIVED', 'SURVIVED', 'SURVIVED', 'SURVIVED', 'SURVIVED', 'SURVIVED', 'SURVIVED', 'SURVIVED', 'SURVIVED', 'SURVIVED', 'SURVIVED', 'SURVIVED', 'SURVIVED', 'SURVIVED', 'SURVIVED', 'SURVIVED', 'SURVIVED', 'SURVIVED', 'SURVIVED', 'SURVIVED', 'SURVIVED', 'SURVIVED', 'SURVIVED', 'SURVIVED', 'SURVIVED', 'SURVIVED', 'SURVIVED', 'SURVIVED', 'SURVIVED', 'SURVIVED', 'SURVIVED', 'SURVIVED', 'SURVIVED', 'SURVIVED', 'SURVIVED', 'SURVIVED', 'SURVIVED', 'SURVIVED', 'SURVIVED', 'SURVIVED', 'SURVIVED', 'SURVIVED', 'SURVIVED', 'SURVIVED', 'SURVIVED', 'SURVIVED', 'SURVIVED', 'SURVIVED', 'SURVIVED', 'SURVIVED', 'SURVIVED', 'SURVIVED', 'SURVIVED', 'SURVIVED', 'SURVIVED', 'SURVIVED', 'SURVIVED', 'SURVIVED', 'SURVIVED', 'SURVIVED', 'SURVIVED', 'SURVIVED', 'SURVIVED', 'SURVIVED', 'SURVIVED', 'SURVIVED', 'SURVIVED', 'SURVIVED', 'SURVIVED', 'SURVIVED', 'SURVIVED', 'SURVIVED', 'SURVIVED', 'SURVIVED', 'SURVIVED', 'SURVIVED', 'SURVIVED', 'SURVIVED', 'SURVIVED', 'SURVIVED', 'SURVIVED', 'SURVIVED', 'SURVIVED', 'SURVIVED', 'SURVIVED', 'SURVIVED', 'SURVIVED', 'SURVIVED', 'SURVIVED', 'SURVIVED', 'SURVIVED', 'SURVIVED', 'SURVIVED', 'SURVIVED', 'SURVIVED', 'SURVIVED', 'SURVIVED', 'SURVIVED', 'SURVIVED', 'SURVIVED', 'SURVIVED', 'SURVIVED', 'SURVIVED', 'SURVIVED', 'SURVIVED', 'SURVIVED', 'SURVIVED', 'SURVIVED', 'SURVIVED', 'SURVIVED', 'SURVIVED', 'SURVIVED', 'SURVIVED', 'SURVIVED', 'SURVIVED', 'SURVIVED', 'SURVIVED', 'SURVIVED', 'SURVIVED', 'SURVIVED', 'SURVIVED', 'SURVIVED', 'SURVIVED', 'SURVIVED', 'SURVIVED', 'SURVIVED', 'SURVIVED', 'SURVIVED', 'SURVIVED', 'SURVIVED', 'SURVIVED', 'SURVIVED']","['SURVIVED', 'KILLED', 'SURVIVED', 'KILLED', 'SURVIVED', 'KILLED', 'SURVIVED', 'SURVIVED', 'KILLED', 'KILLED', 'KILLED', 'SURVIVED', 'SURVIVED', 'SURVIVED', 'SURVIVED', 'KILLED', 'SURVIVED', 'SURVIVED', 'SURVIVED', 'KILLED', 'SURVIVED', 'SURVIVED', 'SURVIVED', 'KILLED', 'SURVIVED', 'KILLED', 'KILLED', 'KILLED', 'SURVIVED', 'KILLED', 'KILLED', 'KILLED', 'KILLED', 'KILLED', 'SURVIVED', 'SURVIVED', 'SURVIVED', 'KILLED', 'SURVIVED', 'KILLED', 'KILLED', 'SURVIVED', 'SURVIVED', 'KILLED', 'KILLED', 'SURVIVED', 'SURVIVED', 'SURVIVED', 'KILLED', 'KILLED', 'KILLED', 'SURVIVED', 'KILLED', 'KILLED', 'KILLED', 'SURVIVED', 'SURVIVED', 'KILLED', 'SURVIVED', 'KILLED', 'SURVIVED', 'SURVIVED', 'SURVIVED', 'SURVIVED', 'SURVIVED', 'KILLED', 'SURVIVED', 'SURVIVED', 'SURVIVED', 'KILLED', 'SURVIVED', 'KILLED', 'KILLED', 'SURVIVED', 'KILLED', 'KILLED', 'SURVIVED', 'KILLED', 'KILLED', 'SURVIVED', 'KILLED', 'SURVIVED', 'SURVIVED', 'KILLED', 'SURVIVED', 'SURVIVED', 'KILLED', 'SURVIVED', 'KILLED', 'KILLED', 'SURVIVED', 'SURVIVED', 'KILLED', 'KILLED', 'SURVIVED', 'SURVIVED', 'KILLED', 'SURVIVED', 'KILLED', 'SURVIVED', 'KILLED', 'KILLED', 'SURVIVED', 'SURVIVED', 'SURVIVED', 'SURVIVED', 'SURVIVED', 'SURVIVED', 'SURVIVED', 'KILLED', 'KILLED', 'KILLED', 'KILLED', 'SURVIVED', 'KILLED', 'SURVIVED', 'KILLED', 'SURVIVED', 'KILLED', 'SURVIVED', 'SURVIVED', 'KILLED', 'KILLED', 'SURVIVED', 'SURVIVED', 'KILLED', 'SURVIVED', 'KILLED', 'SURVIVED', 'KILLED', 'KILLED', 'SURVIVED', 'KILLED', 'SURVIVED', 'SURVIVED', 'SURVIVED', 'KILLED', 'SURVIVED', 'KILLED', 'KILLED', 'KILLED', 'SURVIVED', 'SURVIVED', 'KILLED', 'KILLED', 'KILLED']"
Csv_5,"['KILLED', 'KILLED', 'KILLED', 'KILLED', 'KILLED', 'KILLED', 'KILLED', 'KILLED', 'KILLED', 'KILLED', 'KILLED', 'KILLED', 'KILLED', 'KILLED', 'KILLED', 'KILLED', 'KILLED', 'KILLED', 'KILLED', 'KILLED', 'KILLED', 'KILLED', 'KILLED', 'KILLED', 'KILLED', 'KILLED', 'KILLED', 'KILLED', 'KILLED', 'KILLED', 'KILLED', 'KILLED', 'KILLED', 'KILLED', 'KILLED', 'KILLED', 'KILLED', 'KILLED', 'KILLED', 'KILLED', 'KILLED', 'KILLED', 'KILLED', 'KILLED', 'KILLED', 'KILLED', 'KILLED', 'KILLED', 'KILLED', 'KILLED', 'KILLED', 'KILLED', 'KILLED', 'KILLED', 'KILLED', 'KILLED', 'KILLED', 'KILLED', 'KILLED', 'KILLED', 'KILLED', 'KILLED', 'KILLED', 'KILLED', 'KILLED', 'KILLED', 'KILLED', 'KILLED', 'KILLED', 'KILLED', 'KILLED', 'KILLED', 'KILLED', 'KILLED', 'KILLED', 'KILLED', 'KILLED', 'KILLED', 'KILLED', 'KILLED', 'KILLED', 'KILLED', 'KILLED', 'KILLED', 'KILLED', 'KILLED', 'KILLED', 'KILLED', 'KILLED', 'KILLED', 'KILLED', 'KILLED', 'KILLED', 'KILLED', 'KILLED', 'KILLED', 'KILLED', 'KILLED', 'KILLED', 'KILLED', 'KILLED', 'KILLED', 'KILLED', 'KILLED', 'KILLED', 'KILLED', 'KILLED', 'KILLED', 'KILLED', 'KILLED', 'KILLED', 'KILLED', 'KILLED', 'KILLED', 'KILLED', 'KILLED', 'KILLED', 'KILLED', 'KILLED', 'KILLED', 'KILLED', 'KILLED', 'KILLED', 'KILLED', 'KILLED', 'KILLED', 'KILLED', 'KILLED', 'KILLED', 'KILLED', 'KILLED', 'KILLED', 'KILLED', 'KILLED', 'KILLED', 'KILLED', 'KILLED', 'KILLED', 'KILLED', 'KILLED', 'KILLED', 'KILLED', 'KILLED', 'KILLED', 'KILLED', 'KILLED']","['KILLED', 'KILLED', 'SURVIVED', 'SURVIVED', 'KILLED', 'SURVIVED', 'SURVIVED', 'SURVIVED', 'SURVIVED', 'KILLED', 'KILLED', 'SURVIVED', 'KILLED', 'SURVIVED', 'KILLED', 'KILLED', 'KILLED', 'KILLED', 'SURVIVED', 'KILLED', 'SURVIVED', 'SURVIVED', 'KILLED', 'SURVIVED', 'SURVIVED', 'SURVIVED', 'SURVIVED', 'KILLED', 'KILLED', 'SURVIVED', 'SURVIVED', 'SURVIVED', 'SURVIVED', 'SURVIVED', 'SURVIVED', 'KILLED', 'KILLED', 'SURVIVED', 'SURVIVED', 'KILLED', 'SURVIVED', 'KILLED', 'SURVIVED', 'KILLED', 'SURVIVED', 'SURVIVED', 'SURVIVED', 'SURVIVED', 'SURVIVED', 'KILLED', 'SURVIVED', 'SURVIVED', 'KILLED', 'KILLED', 'KILLED', 'SURVIVED', 'KILLED', 'KILLED', 'KILLED', 'SURVIVED', 'SURVIVED', 'KILLED', 'SURVIVED', 'KILLED', 'KILLED', 'SURVIVED', 'KILLED', 'SURVIVED', 'KILLED', 'SURVIVED', 'SURVIVED', 'KILLED', 'SURVIVED', 'KILLED', 'KILLED', 'SURVIVED', 'SURVIVED', 'KILLED', 'SURVIVED', 'KILLED', 'KILLED', 'KILLED', 'KILLED', 'SURVIVED', 'KILLED', 'KILLED', 'KILLED', 'SURVIVED', 'KILLED', 'KILLED', 'SURVIVED', 'KILLED', 'SURVIVED', 'KILLED', 'SURVIVED', 'KILLED', 'KILLED', 'SURVIVED', 'KILLED', 'KILLED', 'KILLED', 'SURVIVED', 'SURVIVED', 'SURVIVED', 'KILLED', 'SURVIVED', 'KILLED', 'KILLED', 'KILLED', 'KILLED', 'KILLED', 'SURVIVED', 'SURVIVED', 'KILLED', 'KILLED', 'SURVIVED', 'SURVIVED', 'KILLED', 'KILLED', 'KILLED', 'KILLED', 'KILLED', 'SURVIVED', 'SURVIVED', 'SURVIVED', 'SURVIVED', 'KILLED', 'KILLED', 'SURVIVED', 'KILLED', 'KILLED', 'SURVIVED', 'KILLED', 'SURVIVED', 'KILLED', 'KILLED', 'SURVIVED', 'SURVIVED', 'KILLED', 'KILLED', 'SURVIVED', 'SURVIVED', 'KILLED', 'KILLED', 'SURVIVED', 'KILLED']"
Csv_5,"['SURVIVED', 'SURVIVED', 'SURVIVED', 'SURVIVED', 'SURVIVED', 'SURVIVED', 'SURVIVED', 'SURVIVED', 'SURVIVED', 'SURVIVED']","['KILLED', 'SURVIVED', 'SURVIVED', 'KILLED', 'SURVIVED', 'SURVIVED', 'SURVIVED', 'KILLED', 'SURVIVED', 'KILLED']"
Csv_5,['KILLED'],['KILLED']
Csv_5,"['KILLED', 'SURVIVED', 'SURVIVED', 'SURVIVED', 'SURVIVED', 'SURVIVED', 'SURVIVED', 'SURVIVED', 'SURVIVED', 'SURVIVED']","['KILLED', 'KILLED', 'SURVIVED', 'KILLED', 'KILLED', 'KILLED', 'SURVIVED', 'SURVIVED', 'SURVIVED', 'SURVIVED']"
Csv_5,['KILLED'],['SURVIVED']
Csv_5,"['KILLED', 'SURVIVED', 'SURVIVED', 'SURVIVED', 'SURVIVED', 'SURVIVED', 'SURVIVED', 'SURVIVED', 'SURVIVED', 'SURVIVED']","['KILLED', 'KILLED', 'SURVIVED', 'KILLED', 'SURVIVED', 'KILLED', 'KILLED', 'KILLED', 'SURVIVED', 'SURVIVED']"
Csv_5,['KILLED'],['KILLED']
Csv_5,"['KILLED', 'SURVIVED', 'SURVIVED', 'SURVIVED', 'SURVIVED', 'SURVIVED', 'SURVIVED', 'SURVIVED', 'SURVIVED', 'SURVIVED']","['SURVIVED', 'SURVIVED', 'KILLED', 'KILLED', 'KILLED', 'KILLED', 'SURVIVED', 'KILLED', 'SURVIVED', 'KILLED']"
Csv_5,"['KILLED', 'SURVIVED', 'SURVIVED', 'SURVIVED', 'SURVIVED', 'SURVIVED', 'SURVIVED', 'SURVIVED', 'SURVIVED', 'SURVIVED']","['SURVIVED', 'KILLED', 'KILLED', 'KILLED', 'KILLED', 'KILLED', 'KILLED', 'SURVIVED', 'SURVIVED', 'SURVIVED']"
Csv_5,"['KILLED', 'SURVIVED', 'SURVIVED', 'SURVIVED', 'SURVIVED', 'SURVIVED', 'SURVIVED', 'SURVIVED', 'SURVIVED', 'SURVIVED']","['KILLED', 'SURVIVED', 'KILLED', 'SURVIVED', 'KILLED', 'KILLED', 'SURVIVED', 'SURVIVED', 'SURVIVED', 'KILLED']"
Csv_5,['KILLED'],['SURVIVED']
Csv_5,"['KILLED', 'SURVIVED', 'SURVIVED', 'SURVIVED', 'SURVIVED', 'SURVIVED', 'SURVIVED', 'SURVIVED', 'SURVIVED']","['KILLED', 'SURVIVED', 'SURVIVED', 'SURVIVED', 'KILLED', 'SURVIVED', 'KILLED', 'SURVIVED', 'KILLED']"
Csv_5,"['KILLED', 'SURVIVED']","['SURVIVED', 'KILLED']"
Csv_5,"['KILLED', 'KILLED', 'KILLED', 'KILLED', 'KILLED', 'KILLED', 'KILLED', 'KILLED', 'KILLED', 'KILLED', 'KILLED', 'KILLED', 'KILLED', 'KILLED', 'KILLED', 'KILLED', 'KILLED', 'KILLED', 'KILLED', 'KILLED', 'KILLED', 'KILLED', 'KILLED', 'KILLED', 'KILLED', 'KILLED', 'KILLED', 'KILLED', 'KILLED', 'KILLED', 'KILLED', 'SURVIVED', 'SURVIVED', 'SURVIVED', 'SURVIVED', 'SURVIVED', 'SURVIVED', 'SURVIVED', 'SURVIVED', 'SURVIVED', 'SURVIVED', 'SURVIVED']","['KILLED', 'KILLED', 'KILLED', 'KILLED', 'KILLED', 'KILLED', 'KILLED', 'SURVIVED', 'SURVIVED', 'SURVIVED', 'KILLED', 'KILLED', 'KILLED', 'SURVIVED', 'KILLED', 'SURVIVED', 'KILLED', 'SURVIVED', 'SURVIVED', 'SURVIVED', 'KILLED', 'SURVIVED', 'KILLED', 'KILLED', 'KILLED', 'KILLED', 'KILLED', 'SURVIVED', 'KILLED', 'SURVIVED', 'SURVIVED', 'SURVIVED', 'SURVIVED', 'KILLED', 'SURVIVED', 'KILLED', 'SURVIVED', 'KILLED', 'SURVIVED', 'SURVIVED', 'KILLED', 'SURVIVED']"
Csv_5,['SURVIVED'],['SURVIVED']
Csv_5,['SURVIVED'],['SURVIVED']
Csv_5,['SURVIVED'],['KILLED']
Csv_5,['SURVIVED'],['KILLED']
Csv_5,['SURVIVED'],['KILLED']
Csv_5,['SURVIVED'],['KILLED']
Csv_5,['SURVIVED'],['SURVIVED']
Csv_5,['SURVIVED'],['KILLED']
Csv_5,['SURVIVED'],['KILLED']
Csv_5,['SURVIVED'],['SURVIVED']
Csv_5,['SURVIVED'],['KILLED']
Csv_5,['SURVIVED'],['SURVIVED']
Csv_5,['KILLED'],['KILLED']
Csv_5,['SURVIVED'],['SURVIVED']
Csv_5,['SURVIVED'],['SURVIVED']
Csv_5,['SURVIVED'],['KILLED']
Csv_5,['SURVIVED'],['KILLED']
Csv_5,['KILLED'],['KILLED']
Csv_5,['SURVIVED'],['SURVIVED']
Csv_5,['SURVIVED'],['SURVIVED']
Csv_5,['SURVIVED'],['KILLED']
Csv_5,['KILLED'],['KILLED']
Csv_5,['SURVIVED'],['SURVIVED']
Csv_5,['SURVIVED'],['KILLED']
Csv_5,['SURVIVED'],['KILLED']
Csv_5,['SURVIVED'],['KILLED']
Csv_5,['SURVIVED'],['SURVIVED']
Csv_5,['SURVIVED'],['SURVIVED']
Csv_5,['SURVIVED'],['SURVIVED']
Csv_5,['SURVIVED'],['KILLED']
Csv_5,['SURVIVED'],['KILLED']
Csv_5,['SURVIVED'],['KILLED']
Csv_5,['SURVIVED'],['SURVIVED']
Csv_5,['SURVIVED'],['KILLED']
Csv_5,['SURVIVED'],['KILLED']
Csv_5,['SURVIVED'],['SURVIVED']
Csv_5,['SURVIVED'],['KILLED']
Csv_5,['KILLED'],['KILLED']
Csv_5,['SURVIVED'],['SURVIVED']
Csv_5,['SURVIVED'],['SURVIVED']
Csv_5,['KILLED'],['SURVIVED']
Csv_5,['SURVIVED'],['SURVIVED']
Csv_5,['SURVIVED'],['SURVIVED']
Csv_5,['KILLED'],['SURVIVED']
Csv_5,['SURVIVED'],['SURVIVED']
Csv_5,['SURVIVED'],['SURVIVED']
Csv_5,['SURVIVED'],['KILLED']
Csv_5,['SURVIVED'],['KILLED']
Csv_5,['SURVIVED'],['KILLED']
Csv_5,['KILLED'],['KILLED']
Csv_5,['SURVIVED'],['KILLED']
Csv_5,['SURVIVED'],['KILLED']
Csv_5,['KILLED'],['KILLED']
Csv_5,['SURVIVED'],['KILLED']
Csv_5,['SURVIVED'],['SURVIVED']
Csv_5,['KILLED'],['SURVIVED']
Csv_5,['SURVIVED'],['SURVIVED']
Csv_5,['SURVIVED'],['SURVIVED']
Csv_5,['SURVIVED'],['KILLED']
Csv_5,['SURVIVED'],['SURVIVED']
Csv_5,['SURVIVED'],['KILLED']
Csv_5,['SURVIVED'],['SURVIVED']
Csv_5,['SURVIVED'],['SURVIVED']
Csv_5,['SURVIVED'],['SURVIVED']
Csv_5,['SURVIVED'],['SURVIVED']
Csv_5,['SURVIVED'],['KILLED']
Csv_5,['SURVIVED'],['KILLED']
Csv_5,['SURVIVED'],['KILLED']
Csv_5,['SURVIVED'],['SURVIVED']
Csv_5,['SURVIVED'],['KILLED']
Csv_5,['SURVIVED'],['KILLED']
Csv_5,['SURVIVED'],['SURVIVED']
Csv_5,['SURVIVED'],['KILLED']
Csv_5,['SURVIVED'],['KILLED']
Csv_5,['SURVIVED'],['KILLED']
Csv_5,['SURVIVED'],['SURVIVED']
Csv_5,['SURVIVED'],['SURVIVED']
Csv_5,['SURVIVED'],['KILLED']
Csv_5,['SURVIVED'],['SURVIVED']
Csv_5,['SURVIVED'],['SURVIVED']
Csv_5,['SURVIVED'],['KILLED']
Csv_5,['SURVIVED'],['KILLED']
Csv_5,['SURVIVED'],['SURVIVED']
Csv_5,['SURVIVED'],['SURVIVED']
Csv_5,['SURVIVED'],['KILLED']
Csv_5,['SURVIVED'],['KILLED']
Csv_5,['SURVIVED'],['SURVIVED']
Csv_5,['SURVIVED'],['KILLED']
Csv_5,['SURVIVED'],['KILLED']
Csv_5,['SURVIVED'],['KILLED']
Csv_5,['SURVIVED'],['KILLED']
Csv_5,['SURVIVED'],['KILLED']
Csv_5,['SURVIVED'],['KILLED']
Csv_5,['SURVIVED'],['KILLED']
Csv_5,['SURVIVED'],['KILLED']
Csv_5,['SURVIVED'],['SURVIVED']
Csv_5,['SURVIVED'],['SURVIVED']
Csv_5,['KILLED'],['KILLED']
Csv_5,['SURVIVED'],['SURVIVED']
Csv_5,['SURVIVED'],['KILLED']
Csv_5,['KILLED'],['KILLED']
Csv_5,['SURVIVED'],['KILLED']
Csv_5,"['KILLED', 'KILLED', 'SURVIVED', 'SURVIVED']","['KILLED', 'SURVIVED', 'KILLED', 'KILLED']"
Csv_5,"['KILLED', 'KILLED', 'KILLED', 'KILLED', 'KILLED', 'SURVIVED', 'SURVIVED', 'SURVIVED', 'SURVIVED', 'SURVIVED']","['SURVIVED', 'KILLED', 'KILLED', 'SURVIVED', 'KILLED', 'KILLED', 'SURVIVED', 'SURVIVED', 'SURVIVED', 'KILLED']"
Csv_5,"['KILLED', 'KILLED', 'KILLED', 'KILLED', 'KILLED', 'KILLED', 'KILLED', 'KILLED', 'SURVIVED', 'SURVIVED', 'SURVIVED', 'SURVIVED', 'SURVIVED', 'SURVIVED', 'SURVIVED', 'SURVIVED', 'SURVIVED', 'SURVIVED', 'SURVIVED', 'SURVIVED', 'SURVIVED', 'SURVIVED', 'SURVIVED', 'SURVIVED', 'SURVIVED', 'SURVIVED', 'SURVIVED', 'SURVIVED', 'SURVIVED', 'SURVIVED', 'SURVIVED', 'SURVIVED', 'SURVIVED', 'SURVIVED', 'SURVIVED']","['SURVIVED', 'SURVIVED', 'KILLED', 'SURVIVED', 'KILLED', 'KILLED', 'SURVIVED', 'SURVIVED', 'SURVIVED', 'KILLED', 'KILLED', 'KILLED', 'SURVIVED', 'SURVIVED', 'SURVIVED', 'SURVIVED', 'KILLED', 'KILLED', 'SURVIVED', 'SURVIVED', 'KILLED', 'SURVIVED', 'KILLED', 'KILLED', 'KILLED', 'SURVIVED', 'SURVIVED', 'SURVIVED', 'SURVIVED', 'SURVIVED', 'SURVIVED', 'SURVIVED', 'SURVIVED', 'KILLED', 'KILLED']"
Csv_5,"['KILLED', 'KILLED', 'KILLED', 'KILLED', 'KILLED', 'KILLED', 'KILLED', 'KILLED', 'KILLED', 'KILLED', 'SURVIVED', 'SURVIVED', 'SURVIVED', 'SURVIVED', 'SURVIVED', 'SURVIVED', 'SURVIVED', 'SURVIVED', 'SURVIVED', 'SURVIVED', 'SURVIVED', 'SURVIVED', 'SURVIVED', 'SURVIVED', 'SURVIVED', 'SURVIVED', 'SURVIVED', 'SURVIVED', 'SURVIVED', 'SURVIVED', 'SURVIVED', 'SURVIVED', 'SURVIVED', 'SURVIVED', 'SURVIVED', 'SURVIVED', 'SURVIVED', 'SURVIVED', 'SURVIVED', 'SURVIVED', 'SURVIVED', 'SURVIVED', 'SURVIVED', 'SURVIVED', 'SURVIVED', 'SURVIVED', 'SURVIVED', 'SURVIVED', 'SURVIVED', 'SURVIVED', 'SURVIVED', 'SURVIVED', 'SURVIVED', 'SURVIVED', 'SURVIVED', 'SURVIVED', 'SURVIVED', 'SURVIVED', 'SURVIVED', 'SURVIVED', 'SURVIVED', 'SURVIVED', 'SURVIVED', 'SURVIVED', 'SURVIVED', 'SURVIVED', 'SURVIVED', 'SURVIVED', 'SURVIVED', 'SURVIVED', 'SURVIVED', 'SURVIVED', 'SURVIVED', 'SURVIVED', 'SURVIVED', 'SURVIVED', 'SURVIVED', 'SURVIVED', 'SURVIVED', 'SURVIVED', 'SURVIVED', 'SURVIVED', 'SURVIVED', 'SURVIVED']","['SURVIVED', 'KILLED', 'KILLED', 'SURVIVED', 'KILLED', 'SURVIVED', 'SURVIVED', 'KILLED', 'KILLED', 'KILLED', 'KILLED', 'KILLED', 'SURVIVED', 'KILLED', 'KILLED', 'SURVIVED', 'SURVIVED', 'KILLED', 'KILLED', 'KILLED', 'SURVIVED', 'SURVIVED', 'KILLED', 'SURVIVED', 'KILLED', 'KILLED', 'SURVIVED', 'SURVIVED', 'KILLED', 'SURVIVED', 'KILLED', 'KILLED', 'KILLED', 'KILLED', 'KILLED', 'KILLED', 'SURVIVED', 'KILLED', 'SURVIVED', 'KILLED', 'KILLED', 'SURVIVED', 'KILLED', 'SURVIVED', 'KILLED', 'KILLED', 'KILLED', 'KILLED', 'KILLED', 'SURVIVED', 'KILLED', 'SURVIVED', 'SURVIVED', 'KILLED', 'SURVIVED', 'SURVIVED', 'SURVIVED', 'KILLED', 'KILLED', 'SURVIVED', 'SURVIVED', 'SURVIVED', 'KILLED', 'SURVIVED', 'KILLED', 'KILLED', 'SURVIVED', 'SURVIVED', 'SURVIVED', 'KILLED', 'KILLED', 'KILLED', 'SURVIVED', 'KILLED', 'KILLED', 'SURVIVED', 'KILLED', 'KILLED', 'SURVIVED', 'KILLED', 'SURVIVED', 'KILLED', 'KILLED', 'SURVIVED']"
Csv_5,"['KILLED', 'SURVIVED', 'SURVIVED', 'SURVIVED', 'SURVIVED', 'SURVIVED', 'SURVIVED', 'SURVIVED', 'SURVIVED', 'SURVIVED', 'SURVIVED', 'SURVIVED', 'SURVIVED', 'SURVIVED', 'SURVIVED', 'SURVIVED', 'SURVIVED', 'SURVIVED', 'SURVIVED', 'SURVIVED', 'SURVIVED', 'SURVIVED', 'SURVIVED', 'SURVIVED', 'SURVIVED', 'SURVIVED', 'SURVIVED', 'SURVIVED', 'SURVIVED', 'SURVIVED', 'SURVIVED', 'SURVIVED', 'SURVIVED', 'SURVIVED', 'SURVIVED', 'SURVIVED', 'SURVIVED', 'SURVIVED', 'SURVIVED', 'SURVIVED', 'SURVIVED', 'SURVIVED', 'SURVIVED', 'SURVIVED', 'SURVIVED', 'SURVIVED', 'SURVIVED', 'SURVIVED', 'SURVIVED', 'SURVIVED', 'SURVIVED', 'SURVIVED', 'SURVIVED', 'SURVIVED', 'SURVIVED', 'SURVIVED', 'SURVIVED', 'SURVIVED', 'SURVIVED', 'SURVIVED', 'SURVIVED', 'SURVIVED', 'SURVIVED', 'SURVIVED', 'SURVIVED', 'SURVIVED', 'SURVIVED', 'SURVIVED', 'SURVIVED', 'SURVIVED', 'SURVIVED', 'SURVIVED', 'SURVIVED', 'SURVIVED', 'SURVIVED', 'SURVIVED', 'SURVIVED', 'SURVIVED', 'SURVIVED', 'SURVIVED', 'SURVIVED', 'SURVIVED', 'SURVIVED', 'SURVIVED']","['SURVIVED', 'KILLED', 'KILLED', 'SURVIVED', 'SURVIVED', 'KILLED', 'SURVIVED', 'KILLED', 'KILLED', 'KILLED', 'SURVIVED', 'SURVIVED', 'KILLED', 'KILLED', 'KILLED', 'SURVIVED', 'SURVIVED', 'SURVIVED', 'KILLED', 'SURVIVED', 'SURVIVED', 'SURVIVED', 'SURVIVED', 'SURVIVED', 'KILLED', 'SURVIVED', 'KILLED', 'KILLED', 'SURVIVED', 'KILLED', 'KILLED', 'SURVIVED', 'KILLED', 'SURVIVED', 'SURVIVED', 'KILLED', 'KILLED', 'SURVIVED', 'KILLED', 'SURVIVED', 'KILLED', 'KILLED', 'KILLED', 'SURVIVED', 'SURVIVED', 'KILLED', 'SURVIVED', 'KILLED', 'SURVIVED', 'KILLED', 'KILLED', 'KILLED', 'SURVIVED', 'KILLED', 'KILLED', 'SURVIVED', 'SURVIVED', 'SURVIVED', 'SURVIVED', 'KILLED', 'KILLED', 'KILLED', 'SURVIVED', 'SURVIVED', 'KILLED', 'KILLED', 'SURVIVED', 'KILLED', 'SURVIVED', 'KILLED', 'SURVIVED', 'SURVIVED', 'KILLED', 'KILLED', 'KILLED', 'KILLED', 'KILLED', 'SURVIVED', 'KILLED', 'SURVIVED', 'KILLED', 'SURVIVED', 'SURVIVED', 'SURVIVED']"
Csv_5,"['KILLED', 'KILLED', 'KILLED', 'KILLED', 'KILLED', 'KILLED', 'KILLED', 'KILLED', 'KILLED', 'KILLED', 'KILLED', 'KILLED', 'KILLED', 'KILLED', 'KILLED', 'KILLED', 'KILLED', 'KILLED', 'KILLED', 'KILLED', 'KILLED', 'KILLED', 'KILLED', 'KILLED', 'KILLED', 'KILLED', 'KILLED', 'KILLED', 'KILLED', 'KILLED', 'KILLED', 'KILLED', 'KILLED', 'KILLED', 'KILLED', 'KILLED', 'KILLED', 'KILLED', 'KILLED', 'KILLED', 'KILLED', 'KILLED', 'KILLED', 'KILLED', 'KILLED', 'KILLED', 'KILLED', 'KILLED', 'KILLED', 'KILLED', 'KILLED', 'KILLED', 'KILLED', 'KILLED', 'KILLED', 'KILLED', 'KILLED', 'KILLED', 'KILLED', 'KILLED', 'KILLED', 'KILLED', 'KILLED', 'KILLED', 'KILLED', 'KILLED', 'KILLED', 'SURVIVED', 'SURVIVED', 'SURVIVED', 'SURVIVED', 'SURVIVED', 'SURVIVED', 'SURVIVED', 'SURVIVED', 'SURVIVED', 'SURVIVED', 'SURVIVED', 'SURVIVED', 'SURVIVED', 'SURVIVED', 'SURVIVED', 'SURVIVED', 'SURVIVED']","['SURVIVED', 'SURVIVED', 'KILLED', 'SURVIVED', 'KILLED', 'SURVIVED', 'SURVIVED', 'SURVIVED', 'KILLED', 'SURVIVED', 'KILLED', 'SURVIVED', 'SURVIVED', 'SURVIVED', 'SURVIVED', 'KILLED', 'SURVIVED', 'KILLED', 'KILLED', 'KILLED', 'KILLED', 'SURVIVED', 'SURVIVED', 'KILLED', 'KILLED', 'SURVIVED', 'SURVIVED', 'SURVIVED', 'KILLED', 'SURVIVED', 'SURVIVED', 'KILLED', 'SURVIVED', 'KILLED', 'KILLED', 'KILLED', 'SURVIVED', 'KILLED', 'KILLED', 'KILLED', 'KILLED', 'KILLED', 'KILLED', 'SURVIVED', 'KILLED', 'SURVIVED', 'KILLED', 'KILLED', 'SURVIVED', 'SURVIVED', 'KILLED', 'KILLED', 'SURVIVED', 'SURVIVED', 'SURVIVED', 'SURVIVED', 'SURVIVED', 'KILLED', 'SURVIVED', 'KILLED', 'SURVIVED', 'KILLED', 'KILLED', 'KILLED', 'KILLED', 'KILLED', 'SURVIVED', 'SURVIVED', 'SURVIVED', 'SURVIVED', 'SURVIVED', 'SURVIVED', 'SURVIVED', 'KILLED', 'KILLED', 'SURVIVED', 'SURVIVED', 'KILLED', 'SURVIVED', 'KILLED', 'SURVIVED', 'SURVIVED', 'KILLED', 'KILLED']"
Csv_5,"['KILLED', 'KILLED', 'KILLED', 'KILLED', 'KILLED', 'KILLED', 'KILLED', 'KILLED', 'KILLED', 'KILLED', 'SURVIVED', 'SURVIVED', 'SURVIVED', 'SURVIVED', 'SURVIVED', 'SURVIVED', 'SURVIVED', 'SURVIVED', 'SURVIVED', 'SURVIVED', 'SURVIVED', 'SURVIVED', 'SURVIVED', 'SURVIVED', 'SURVIVED', 'SURVIVED', 'SURVIVED', 'SURVIVED', 'SURVIVED', 'SURVIVED', 'SURVIVED', 'SURVIVED', 'SURVIVED', 'SURVIVED', 'SURVIVED', 'SURVIVED', 'SURVIVED', 'SURVIVED', 'SURVIVED', 'SURVIVED', 'SURVIVED', 'SURVIVED', 'SURVIVED', 'SURVIVED', 'SURVIVED', 'SURVIVED', 'SURVIVED', 'SURVIVED', 'SURVIVED', 'SURVIVED', 'SURVIVED', 'SURVIVED', 'SURVIVED', 'SURVIVED', 'SURVIVED', 'SURVIVED', 'SURVIVED', 'SURVIVED', 'SURVIVED', 'SURVIVED', 'SURVIVED', 'SURVIVED', 'SURVIVED', 'SURVIVED', 'SURVIVED', 'SURVIVED', 'SURVIVED', 'SURVIVED', 'SURVIVED', 'SURVIVED', 'SURVIVED', 'SURVIVED', 'SURVIVED', 'SURVIVED', 'SURVIVED', 'SURVIVED', 'SURVIVED', 'SURVIVED', 'SURVIVED', 'SURVIVED', 'SURVIVED', 'SURVIVED', 'SURVIVED', 'SURVIVED']","['SURVIVED', 'SURVIVED', 'SURVIVED', 'KILLED', 'SURVIVED', 'SURVIVED', 'SURVIVED', 'SURVIVED', 'SURVIVED', 'KILLED', 'KILLED', 'KILLED', 'SURVIVED', 'SURVIVED', 'SURVIVED', 'SURVIVED', 'SURVIVED', 'KILLED', 'KILLED', 'SURVIVED', 'KILLED', 'SURVIVED', 'SURVIVED', 'SURVIVED', 'KILLED', 'KILLED', 'KILLED', 'SURVIVED', 'SURVIVED', 'KILLED', 'KILLED', 'KILLED', 'KILLED', 'KILLED', 'KILLED', 'KILLED', 'KILLED', 'SURVIVED', 'KILLED', 'SURVIVED', 'KILLED', 'SURVIVED', 'SURVIVED', 'SURVIVED', 'SURVIVED', 'KILLED', 'KILLED', 'KILLED', 'SURVIVED', 'SURVIVED', 'SURVIVED', 'KILLED', 'SURVIVED', 'SURVIVED', 'SURVIVED', 'KILLED', 'SURVIVED', 'KILLED', 'SURVIVED', 'KILLED', 'SURVIVED', 'KILLED', 'KILLED', 'KILLED', 'KILLED', 'KILLED', 'KILLED', 'SURVIVED', 'SURVIVED', 'KILLED', 'KILLED', 'SURVIVED', 'KILLED', 'KILLED', 'KILLED', 'KILLED', 'SURVIVED', 'SURVIVED', 'SURVIVED', 'SURVIVED', 'SURVIVED', 'SURVIVED', 'SURVIVED', 'SURVIVED']"
Csv_5,"['KILLED', 'KILLED', 'KILLED', 'KILLED', 'KILLED', 'KILLED', 'KILLED', 'KILLED', 'KILLED', 'KILLED', 'SURVIVED', 'SURVIVED', 'SURVIVED', 'SURVIVED', 'SURVIVED', 'SURVIVED', 'SURVIVED', 'SURVIVED', 'SURVIVED', 'SURVIVED', 'SURVIVED', 'SURVIVED', 'SURVIVED', 'SURVIVED', 'SURVIVED', 'SURVIVED', 'SURVIVED', 'SURVIVED', 'SURVIVED', 'SURVIVED', 'SURVIVED', 'SURVIVED', 'SURVIVED', 'SURVIVED', 'SURVIVED', 'SURVIVED', 'SURVIVED', 'SURVIVED', 'SURVIVED', 'SURVIVED', 'SURVIVED', 'SURVIVED', 'SURVIVED', 'SURVIVED', 'SURVIVED', 'SURVIVED', 'SURVIVED', 'SURVIVED', 'SURVIVED', 'SURVIVED', 'SURVIVED', 'SURVIVED', 'SURVIVED', 'SURVIVED', 'SURVIVED', 'SURVIVED', 'SURVIVED', 'SURVIVED', 'SURVIVED', 'SURVIVED', 'SURVIVED', 'SURVIVED', 'SURVIVED', 'SURVIVED', 'SURVIVED', 'SURVIVED', 'SURVIVED', 'SURVIVED', 'SURVIVED', 'SURVIVED', 'SURVIVED', 'SURVIVED', 'SURVIVED', 'SURVIVED', 'SURVIVED', 'SURVIVED', 'SURVIVED', 'SURVIVED', 'SURVIVED', 'SURVIVED', 'SURVIVED', 'SURVIVED', 'SURVIVED', 'SURVIVED']","['KILLED', 'SURVIVED', 'SURVIVED', 'SURVIVED', 'KILLED', 'KILLED', 'SURVIVED', 'SURVIVED', 'SURVIVED', 'KILLED', 'SURVIVED', 'KILLED', 'SURVIVED', 'SURVIVED', 'SURVIVED', 'SURVIVED', 'SURVIVED', 'SURVIVED', 'KILLED', 'KILLED', 'KILLED', 'KILLED', 'SURVIVED', 'SURVIVED', 'KILLED', 'KILLED', 'SURVIVED', 'SURVIVED', 'SURVIVED', 'SURVIVED', 'SURVIVED', 'SURVIVED', 'KILLED', 'KILLED', 'SURVIVED', 'KILLED', 'SURVIVED', 'SURVIVED', 'SURVIVED', 'KILLED', 'KILLED', 'SURVIVED', 'KILLED', 'SURVIVED', 'KILLED', 'SURVIVED', 'KILLED', 'SURVIVED', 'KILLED', 'KILLED', 'SURVIVED', 'KILLED', 'SURVIVED', 'SURVIVED', 'SURVIVED', 'SURVIVED', 'SURVIVED', 'SURVIVED', 'SURVIVED', 'KILLED', 'SURVIVED', 'KILLED', 'KILLED', 'SURVIVED', 'KILLED', 'KILLED', 'SURVIVED', 'SURVIVED', 'SURVIVED', 'KILLED', 'KILLED', 'KILLED', 'KILLED', 'SURVIVED', 'SURVIVED', 'SURVIVED', 'KILLED', 'SURVIVED', 'KILLED', 'KILLED', 'SURVIVED', 'SURVIVED', 'KILLED', 'SURVIVED']"
Csv_5,"['SURVIVED', 'SURVIVED', 'SURVIVED', 'SURVIVED', 'SURVIVED', 'SURVIVED', 'SURVIVED', 'SURVIVED', 'SURVIVED', 'SURVIVED', 'SURVIVED', 'SURVIVED', 'SURVIVED', 'SURVIVED', 'SURVIVED', 'SURVIVED', 'SURVIVED', 'SURVIVED', 'SURVIVED', 'SURVIVED', 'SURVIVED', 'SURVIVED', 'SURVIVED', 'SURVIVED', 'SURVIVED', 'SURVIVED', 'SURVIVED', 'SURVIVED', 'SURVIVED', 'SURVIVED', 'SURVIVED', 'SURVIVED', 'SURVIVED', 'SURVIVED', 'SURVIVED', 'SURVIVED', 'SURVIVED', 'SURVIVED', 'SURVIVED', 'SURVIVED', 'SURVIVED', 'SURVIVED', 'SURVIVED', 'SURVIVED', 'SURVIVED', 'SURVIVED', 'SURVIVED', 'SURVIVED', 'SURVIVED', 'SURVIVED', 'SURVIVED', 'SURVIVED', 'SURVIVED', 'SURVIVED', 'SURVIVED', 'SURVIVED', 'SURVIVED', 'SURVIVED', 'SURVIVED', 'SURVIVED', 'SURVIVED', 'SURVIVED', 'SURVIVED', 'SURVIVED', 'SURVIVED', 'SURVIVED', 'SURVIVED', 'SURVIVED', 'SURVIVED', 'SURVIVED', 'SURVIVED', 'SURVIVED', 'SURVIVED', 'SURVIVED', 'SURVIVED']","['KILLED', 'KILLED', 'SURVIVED', 'SURVIVED', 'KILLED', 'KILLED', 'KILLED', 'SURVIVED', 'KILLED', 'KILLED', 'SURVIVED', 'SURVIVED', 'SURVIVED', 'SURVIVED', 'SURVIVED', 'SURVIVED', 'KILLED', 'KILLED', 'KILLED', 'SURVIVED', 'KILLED', 'SURVIVED', 'KILLED', 'KILLED', 'KILLED', 'KILLED', 'KILLED', 'SURVIVED', 'SURVIVED', 'KILLED', 'KILLED', 'SURVIVED', 'SURVIVED', 'KILLED', 'KILLED', 'KILLED', 'SURVIVED', 'SURVIVED', 'SURVIVED', 'SURVIVED', 'SURVIVED', 'KILLED', 'SURVIVED', 'SURVIVED', 'SURVIVED', 'KILLED', 'KILLED', 'SURVIVED', 'KILLED', 'KILLED', 'KILLED', 'KILLED', 'KILLED', 'KILLED', 'KILLED', 'KILLED', 'SURVIVED', 'KILLED', 'SURVIVED', 'SURVIVED', 'KILLED', 'KILLED', 'KILLED', 'KILLED', 'KILLED', 'KILLED', 'SURVIVED', 'SURVIVED', 'SURVIVED', 'KILLED', 'SURVIVED', 'SURVIVED', 'KILLED', 'KILLED', 'KILLED']"
Csv_5,"['KILLED', 'KILLED', 'KILLED', 'KILLED', 'KILLED', 'KILLED', 'KILLED', 'KILLED', 'KILLED', 'KILLED', 'KILLED', 'KILLED', 'KILLED', 'KILLED', 'KILLED', 'KILLED', 'KILLED', 'KILLED', 'KILLED', 'KILLED', 'KILLED', 'KILLED', 'KILLED', 'KILLED', 'KILLED', 'KILLED', 'KILLED', 'KILLED', 'KILLED', 'KILLED', 'KILLED', 'KILLED', 'KILLED', 'KILLED', 'KILLED', 'KILLED', 'KILLED', 'KILLED', 'KILLED', 'KILLED', 'KILLED', 'KILLED', 'KILLED', 'KILLED', 'KILLED', 'KILLED', 'KILLED', 'KILLED', 'KILLED', 'KILLED', 'KILLED', 'KILLED', 'KILLED', 'KILLED', 'KILLED', 'KILLED', 'KILLED', 'KILLED', 'KILLED', 'KILLED', 'KILLED', 'KILLED', 'KILLED', 'KILLED', 'KILLED', 'KILLED', 'KILLED', 'SURVIVED', 'SURVIVED', 'SURVIVED', 'SURVIVED', 'SURVIVED', 'SURVIVED', 'SURVIVED', 'SURVIVED']","['SURVIVED', 'SURVIVED', 'KILLED', 'SURVIVED', 'KILLED', 'SURVIVED', 'KILLED', 'KILLED', 'SURVIVED', 'KILLED', 'KILLED', 'SURVIVED', 'KILLED', 'KILLED', 'SURVIVED', 'KILLED', 'SURVIVED', 'SURVIVED', 'SURVIVED', 'KILLED', 'KILLED', 'SURVIVED', 'KILLED', 'SURVIVED', 'SURVIVED', 'KILLED', 'KILLED', 'KILLED', 'KILLED', 'KILLED', 'SURVIVED', 'KILLED', 'KILLED', 'KILLED', 'KILLED', 'SURVIVED', 'KILLED', 'SURVIVED', 'SURVIVED', 'SURVIVED', 'SURVIVED', 'KILLED', 'KILLED', 'KILLED', 'KILLED', 'SURVIVED', 'SURVIVED', 'SURVIVED', 'SURVIVED', 'KILLED', 'KILLED', 'KILLED', 'KILLED', 'KILLED', 'KILLED', 'SURVIVED', 'SURVIVED', 'SURVIVED', 'SURVIVED', 'KILLED', 'SURVIVED', 'SURVIVED', 'KILLED', 'KILLED', 'SURVIVED', 'SURVIVED', 'SURVIVED', 'SURVIVED', 'SURVIVED', 'SURVIVED', 'SURVIVED', 'KILLED', 'KILLED', 'KILLED', 'KILLED']"
Csv_5,"['KILLED', 'SURVIVED', 'SURVIVED', 'SURVIVED', 'SURVIVED', 'SURVIVED', 'SURVIVED', 'SURVIVED', 'SURVIVED', 'SURVIVED', 'SURVIVED', 'SURVIVED', 'SURVIVED', 'SURVIVED', 'SURVIVED', 'SURVIVED', 'SURVIVED', 'SURVIVED', 'SURVIVED', 'SURVIVED', 'SURVIVED', 'SURVIVED', 'SURVIVED', 'SURVIVED', 'SURVIVED', 'SURVIVED', 'SURVIVED', 'SURVIVED', 'SURVIVED', 'SURVIVED', 'SURVIVED', 'SURVIVED', 'SURVIVED', 'SURVIVED', 'SURVIVED', 'SURVIVED', 'SURVIVED', 'SURVIVED', 'SURVIVED', 'SURVIVED', 'SURVIVED', 'SURVIVED', 'SURVIVED', 'SURVIVED', 'SURVIVED', 'SURVIVED', 'SURVIVED', 'SURVIVED', 'SURVIVED', 'SURVIVED', 'SURVIVED', 'SURVIVED', 'SURVIVED', 'SURVIVED', 'SURVIVED', 'SURVIVED', 'SURVIVED', 'SURVIVED', 'SURVIVED', 'SURVIVED', 'SURVIVED', 'SURVIVED', 'SURVIVED', 'SURVIVED', 'SURVIVED', 'SURVIVED', 'SURVIVED', 'SURVIVED', 'SURVIVED', 'SURVIVED', 'SURVIVED', 'SURVIVED', 'SURVIVED', 'SURVIVED', 'SURVIVED']","['KILLED', 'KILLED', 'SURVIVED', 'SURVIVED', 'SURVIVED', 'KILLED', 'SURVIVED', 'SURVIVED', 'KILLED', 'KILLED', 'SURVIVED', 'SURVIVED', 'KILLED', 'SURVIVED', 'SURVIVED', 'KILLED', 'KILLED', 'SURVIVED', 'SURVIVED', 'KILLED', 'KILLED', 'SURVIVED', 'KILLED', 'SURVIVED', 'KILLED', 'SURVIVED', 'SURVIVED', 'SURVIVED', 'KILLED', 'KILLED', 'KILLED', 'KILLED', 'SURVIVED', 'SURVIVED', 'KILLED', 'KILLED', 'SURVIVED', 'SURVIVED', 'KILLED', 'SURVIVED', 'SURVIVED', 'KILLED', 'KILLED', 'SURVIVED', 'SURVIVED', 'KILLED', 'KILLED', 'SURVIVED', 'SURVIVED', 'SURVIVED', 'KILLED', 'SURVIVED', 'SURVIVED', 'SURVIVED', 'KILLED', 'SURVIVED', 'KILLED', 'KILLED', 'SURVIVED', 'SURVIVED', 'KILLED', 'KILLED', 'KILLED', 'SURVIVED', 'KILLED', 'SURVIVED', 'SURVIVED', 'SURVIVED', 'KILLED', 'KILLED', 'SURVIVED', 'SURVIVED', 'SURVIVED', 'SURVIVED', 'SURVIVED']"
Csv_5,"['KILLED', 'KILLED', 'KILLED', 'KILLED', 'KILLED', 'KILLED', 'KILLED', 'KILLED', 'KILLED', 'KILLED', 'KILLED', 'KILLED', 'KILLED', 'KILLED', 'KILLED', 'KILLED', 'KILLED', 'KILLED', 'KILLED', 'KILLED', 'KILLED', 'KILLED', 'KILLED', 'KILLED', 'KILLED', 'KILLED', 'KILLED', 'KILLED', 'KILLED', 'KILLED', 'KILLED', 'KILLED', 'KILLED', 'KILLED', 'KILLED', 'KILLED', 'KILLED', 'KILLED', 'KILLED', 'KILLED', 'KILLED', 'KILLED', 'KILLED', 'KILLED', 'KILLED', 'KILLED', 'KILLED', 'KILLED', 'KILLED', 'KILLED', 'KILLED', 'KILLED', 'KILLED', 'KILLED', 'KILLED', 'KILLED', 'KILLED', 'KILLED', 'KILLED', 'KILLED', 'KILLED', 'KILLED', 'KILLED', 'KILLED', 'KILLED', 'KILLED', 'KILLED', 'KILLED', 'KILLED', 'KILLED', 'KILLED', 'KILLED', 'KILLED', 'KILLED', 'SURVIVED', 'SURVIVED', 'SURVIVED', 'SURVIVED', 'SURVIVED', 'SURVIVED', 'SURVIVED', 'SURVIVED', 'SURVIVED']","['KILLED', 'KILLED', 'KILLED', 'KILLED', 'SURVIVED', 'SURVIVED', 'SURVIVED', 'SURVIVED', 'KILLED', 'KILLED', 'KILLED', 'SURVIVED', 'KILLED', 'SURVIVED', 'KILLED', 'SURVIVED', 'KILLED', 'KILLED', 'KILLED', 'SURVIVED', 'KILLED', 'SURVIVED', 'KILLED', 'SURVIVED', 'KILLED', 'SURVIVED', 'KILLED', 'KILLED', 'SURVIVED', 'SURVIVED', 'KILLED', 'SURVIVED', 'KILLED', 'KILLED', 'SURVIVED', 'SURVIVED', 'KILLED', 'KILLED', 'KILLED', 'KILLED', 'SURVIVED', 'SURVIVED', 'SURVIVED', 'SURVIVED', 'KILLED', 'SURVIVED', 'SURVIVED', 'SURVIVED', 'SURVIVED', 'SURVIVED', 'KILLED', 'KILLED', 'SURVIVED', 'SURVIVED', 'SURVIVED', 'KILLED', 'KILLED', 'KILLED', 'SURVIVED', 'SURVIVED', 'KILLED', 'KILLED', 'SURVIVED', 'KILLED', 'SURVIVED', 'SURVIVED', 'SURVIVED', 'SURVIVED', 'SURVIVED', 'KILLED', 'KILLED', 'KILLED', 'SURVIVED', 'KILLED', 'KILLED', 'KILLED', 'KILLED', 'SURVIVED', 'KILLED', 'SURVIVED', 'SURVIVED', 'KILLED', 'KILLED']"
Csv_5,"['KILLED', 'SURVIVED', 'SURVIVED', 'SURVIVED', 'SURVIVED', 'SURVIVED', 'SURVIVED', 'SURVIVED', 'SURVIVED', 'SURVIVED', 'SURVIVED', 'SURVIVED', 'SURVIVED', 'SURVIVED', 'SURVIVED', 'SURVIVED', 'SURVIVED', 'SURVIVED', 'SURVIVED', 'SURVIVED', 'SURVIVED', 'SURVIVED', 'SURVIVED', 'SURVIVED', 'SURVIVED', 'SURVIVED', 'SURVIVED', 'SURVIVED', 'SURVIVED', 'SURVIVED', 'SURVIVED', 'SURVIVED', 'SURVIVED', 'SURVIVED', 'SURVIVED', 'SURVIVED', 'SURVIVED', 'SURVIVED', 'SURVIVED', 'SURVIVED', 'SURVIVED', 'SURVIVED', 'SURVIVED', 'SURVIVED', 'SURVIVED', 'SURVIVED', 'SURVIVED', 'SURVIVED', 'SURVIVED', 'SURVIVED', 'SURVIVED', 'SURVIVED', 'SURVIVED', 'SURVIVED', 'SURVIVED', 'SURVIVED', 'SURVIVED', 'SURVIVED', 'SURVIVED', 'SURVIVED', 'SURVIVED', 'SURVIVED', 'SURVIVED', 'SURVIVED', 'SURVIVED', 'SURVIVED', 'SURVIVED', 'SURVIVED', 'SURVIVED', 'SURVIVED', 'SURVIVED', 'SURVIVED', 'SURVIVED', 'SURVIVED', 'SURVIVED', 'SURVIVED', 'SURVIVED', 'SURVIVED', 'SURVIVED', 'SURVIVED', 'SURVIVED', 'SURVIVED', 'SURVIVED']","['SURVIVED', 'KILLED', 'KILLED', 'SURVIVED', 'SURVIVED', 'KILLED', 'KILLED', 'SURVIVED', 'KILLED', 'SURVIVED', 'KILLED', 'SURVIVED', 'SURVIVED', 'SURVIVED', 'SURVIVED', 'KILLED', 'KILLED', 'SURVIVED', 'KILLED', 'SURVIVED', 'KILLED', 'SURVIVED', 'KILLED', 'KILLED', 'SURVIVED', 'SURVIVED', 'KILLED', 'KILLED', 'KILLED', 'KILLED', 'KILLED', 'SURVIVED', 'KILLED', 'SURVIVED', 'SURVIVED', 'SURVIVED', 'KILLED', 'KILLED', 'SURVIVED', 'KILLED', 'SURVIVED', 'SURVIVED', 'KILLED', 'KILLED', 'KILLED', 'SURVIVED', 'KILLED', 'SURVIVED', 'SURVIVED', 'SURVIVED', 'KILLED', 'SURVIVED', 'KILLED', 'KILLED', 'KILLED', 'KILLED', 'SURVIVED', 'SURVIVED', 'KILLED', 'SURVIVED', 'KILLED', 'KILLED', 'SURVIVED', 'SURVIVED', 'SURVIVED', 'SURVIVED', 'KILLED', 'SURVIVED', 'KILLED', 'KILLED', 'SURVIVED', 'SURVIVED', 'KILLED', 'KILLED', 'KILLED', 'SURVIVED', 'SURVIVED', 'KILLED', 'SURVIVED', 'SURVIVED', 'SURVIVED', 'KILLED', 'SURVIVED']"
Csv_5,"['KILLED', 'KILLED', 'KILLED', 'KILLED', 'KILLED', 'KILLED', 'KILLED', 'SURVIVED', 'SURVIVED', 'SURVIVED', 'SURVIVED', 'SURVIVED', 'SURVIVED', 'SURVIVED', 'SURVIVED', 'SURVIVED', 'SURVIVED', 'SURVIVED', 'SURVIVED', 'SURVIVED', 'SURVIVED', 'SURVIVED', 'SURVIVED', 'SURVIVED', 'SURVIVED', 'SURVIVED', 'SURVIVED', 'SURVIVED', 'SURVIVED', 'SURVIVED', 'SURVIVED', 'SURVIVED', 'SURVIVED', 'SURVIVED', 'SURVIVED', 'SURVIVED', 'SURVIVED', 'SURVIVED', 'SURVIVED', 'SURVIVED', 'SURVIVED', 'SURVIVED', 'SURVIVED', 'SURVIVED', 'SURVIVED', 'SURVIVED', 'SURVIVED', 'SURVIVED', 'SURVIVED', 'SURVIVED', 'SURVIVED', 'SURVIVED', 'SURVIVED', 'SURVIVED', 'SURVIVED', 'SURVIVED', 'SURVIVED', 'SURVIVED', 'SURVIVED', 'SURVIVED', 'SURVIVED', 'SURVIVED', 'SURVIVED', 'SURVIVED', 'SURVIVED', 'SURVIVED', 'SURVIVED', 'SURVIVED', 'SURVIVED', 'SURVIVED', 'SURVIVED', 'SURVIVED', 'SURVIVED', 'SURVIVED', 'SURVIVED', 'SURVIVED', 'SURVIVED', 'SURVIVED', 'SURVIVED', 'SURVIVED', 'SURVIVED', 'SURVIVED', 'SURVIVED']","['SURVIVED', 'SURVIVED', 'KILLED', 'SURVIVED', 'KILLED', 'SURVIVED', 'KILLED', 'KILLED', 'KILLED', 'KILLED', 'KILLED', 'KILLED', 'KILLED', 'SURVIVED', 'KILLED', 'KILLED', 'SURVIVED', 'KILLED', 'KILLED', 'KILLED', 'SURVIVED', 'SURVIVED', 'KILLED', 'KILLED', 'KILLED', 'KILLED', 'KILLED', 'SURVIVED', 'KILLED', 'KILLED', 'SURVIVED', 'SURVIVED', 'SURVIVED', 'SURVIVED', 'SURVIVED', 'SURVIVED', 'SURVIVED', 'KILLED', 'SURVIVED', 'KILLED', 'KILLED', 'KILLED', 'KILLED', 'KILLED', 'SURVIVED', 'KILLED', 'SURVIVED', 'SURVIVED', 'KILLED', 'SURVIVED', 'SURVIVED', 'SURVIVED', 'SURVIVED', 'KILLED', 'SURVIVED', 'KILLED', 'KILLED', 'KILLED', 'SURVIVED', 'SURVIVED', 'KILLED', 'SURVIVED', 'SURVIVED', 'KILLED', 'KILLED', 'KILLED', 'KILLED', 'KILLED', 'SURVIVED', 'KILLED', 'SURVIVED', 'KILLED', 'SURVIVED', 'KILLED', 'SURVIVED', 'KILLED', 'KILLED', 'KILLED', 'KILLED', 'SURVIVED', 'KILLED', 'KILLED', 'KILLED']"
Csv_5,"['KILLED', 'KILLED', 'KILLED', 'KILLED', 'KILLED', 'KILLED', 'KILLED', 'KILLED', 'KILLED', 'KILLED', 'KILLED', 'KILLED', 'KILLED', 'KILLED', 'KILLED', 'KILLED', 'KILLED', 'KILLED', 'KILLED', 'KILLED', 'KILLED', 'KILLED', 'KILLED', 'KILLED', 'KILLED', 'KILLED', 'KILLED', 'KILLED', 'KILLED', 'KILLED', 'KILLED', 'KILLED', 'KILLED', 'KILLED', 'KILLED', 'KILLED', 'KILLED', 'KILLED', 'KILLED', 'KILLED', 'KILLED', 'KILLED', 'KILLED', 'KILLED', 'KILLED', 'KILLED', 'KILLED', 'KILLED', 'KILLED', 'KILLED', 'KILLED', 'KILLED', 'KILLED', 'KILLED', 'KILLED', 'KILLED', 'KILLED', 'KILLED', 'KILLED', 'KILLED', 'KILLED', 'KILLED', 'KILLED', 'KILLED', 'KILLED', 'KILLED', 'KILLED', 'KILLED', 'KILLED', 'KILLED', 'KILLED', 'KILLED', 'KILLED', 'KILLED', 'SURVIVED', 'SURVIVED', 'SURVIVED', 'SURVIVED', 'SURVIVED', 'SURVIVED', 'SURVIVED', 'SURVIVED', 'SURVIVED']","['KILLED', 'SURVIVED', 'KILLED', 'SURVIVED', 'KILLED', 'SURVIVED', 'KILLED', 'KILLED', 'SURVIVED', 'SURVIVED', 'SURVIVED', 'KILLED', 'KILLED', 'KILLED', 'SURVIVED', 'KILLED', 'KILLED', 'SURVIVED', 'SURVIVED', 'SURVIVED', 'SURVIVED', 'SURVIVED', 'KILLED', 'SURVIVED', 'SURVIVED', 'SURVIVED', 'KILLED', 'KILLED', 'SURVIVED', 'KILLED', 'KILLED', 'SURVIVED', 'SURVIVED', 'SURVIVED', 'KILLED', 'SURVIVED', 'SURVIVED', 'SURVIVED', 'SURVIVED', 'SURVIVED', 'SURVIVED', 'SURVIVED', 'KILLED', 'KILLED', 'KILLED', 'SURVIVED', 'KILLED', 'KILLED', 'SURVIVED', 'KILLED', 'KILLED', 'KILLED', 'KILLED', 'SURVIVED', 'KILLED', 'KILLED', 'SURVIVED', 'SURVIVED', 'KILLED', 'SURVIVED', 'SURVIVED', 'KILLED', 'SURVIVED', 'KILLED', 'SURVIVED', 'KILLED', 'SURVIVED', 'SURVIVED', 'KILLED', 'KILLED', 'KILLED', 'KILLED', 'SURVIVED', 'KILLED', 'KILLED', 'KILLED', 'SURVIVED', 'SURVIVED', 'KILLED', 'KILLED', 'SURVIVED', 'KILLED', 'KILLED']"
Csv_5,"['KILLED', 'KILLED', 'KILLED', 'KILLED', 'KILLED', 'KILLED', 'KILLED', 'KILLED', 'KILLED', 'KILLED', 'KILLED', 'KILLED', 'KILLED', 'KILLED', 'KILLED', 'KILLED', 'KILLED', 'KILLED', 'KILLED', 'KILLED', 'KILLED', 'KILLED', 'KILLED', 'KILLED', 'KILLED', 'KILLED', 'KILLED', 'KILLED', 'KILLED', 'KILLED', 'KILLED', 'KILLED', 'KILLED', 'KILLED', 'KILLED', 'KILLED', 'KILLED', 'KILLED', 'KILLED', 'KILLED', 'KILLED', 'KILLED', 'KILLED', 'KILLED', 'KILLED', 'KILLED', 'KILLED', 'KILLED', 'KILLED', 'KILLED', 'KILLED', 'KILLED', 'KILLED', 'KILLED', 'KILLED', 'KILLED', 'KILLED', 'KILLED', 'KILLED', 'KILLED', 'KILLED', 'KILLED', 'KILLED', 'KILLED', 'KILLED', 'KILLED', 'KILLED', 'KILLED', 'KILLED', 'KILLED', 'KILLED', 'KILLED', 'KILLED', 'KILLED', 'SURVIVED', 'SURVIVED', 'SURVIVED', 'SURVIVED', 'SURVIVED', 'SURVIVED', 'SURVIVED', 'SURVIVED', 'SURVIVED']","['SURVIVED', 'SURVIVED', 'KILLED', 'KILLED', 'KILLED', 'SURVIVED', 'SURVIVED', 'SURVIVED', 'SURVIVED', 'KILLED', 'KILLED', 'SURVIVED', 'KILLED', 'SURVIVED', 'SURVIVED', 'KILLED', 'SURVIVED', 'SURVIVED', 'SURVIVED', 'KILLED', 'SURVIVED', 'SURVIVED', 'KILLED', 'SURVIVED', 'SURVIVED', 'SURVIVED', 'SURVIVED', 'SURVIVED', 'KILLED', 'KILLED', 'SURVIVED', 'KILLED', 'KILLED', 'KILLED', 'SURVIVED', 'KILLED', 'KILLED', 'KILLED', 'KILLED', 'SURVIVED', 'KILLED', 'KILLED', 'SURVIVED', 'SURVIVED', 'KILLED', 'SURVIVED', 'SURVIVED', 'SURVIVED', 'KILLED', 'KILLED', 'SURVIVED', 'KILLED', 'KILLED', 'KILLED', 'KILLED', 'KILLED', 'KILLED', 'KILLED', 'KILLED', 'KILLED', 'KILLED', 'SURVIVED', 'KILLED', 'SURVIVED', 'KILLED', 'SURVIVED', 'KILLED', 'KILLED', 'SURVIVED', 'SURVIVED', 'SURVIVED', 'KILLED', 'KILLED', 'SURVIVED', 'KILLED', 'KILLED', 'SURVIVED', 'KILLED', 'SURVIVED', 'SURVIVED', 'KILLED', 'KILLED', 'SURVIVED']"
Csv_5,"['KILLED', 'KILLED', 'KILLED', 'SURVIVED', 'SURVIVED', 'SURVIVED', 'SURVIVED', 'SURVIVED', 'SURVIVED', 'SURVIVED']","['SURVIVED', 'KILLED', 'KILLED', 'KILLED', 'KILLED', 'SURVIVED', 'KILLED', 'KILLED', 'KILLED', 'SURVIVED']"
Csv_5,"['KILLED', 'KILLED', 'KILLED', 'KILLED', 'SURVIVED', 'SURVIVED', 'SURVIVED', 'SURVIVED', 'SURVIVED', 'SURVIVED']","['KILLED', 'KILLED', 'KILLED', 'SURVIVED', 'KILLED', 'KILLED', 'SURVIVED', 'SURVIVED', 'SURVIVED', 'KILLED']"
Csv_5,"['KILLED', 'SURVIVED', 'SURVIVED', 'SURVIVED', 'SURVIVED', 'SURVIVED', 'SURVIVED', 'SURVIVED', 'SURVIVED', 'SURVIVED']","['SURVIVED', 'KILLED', 'SURVIVED', 'SURVIVED', 'SURVIVED', 'KILLED', 'SURVIVED', 'KILLED', 'SURVIVED', 'SURVIVED']"
Csv_5,"['KILLED', 'SURVIVED', 'SURVIVED', 'SURVIVED', 'SURVIVED', 'SURVIVED', 'SURVIVED', 'SURVIVED', 'SURVIVED', 'SURVIVED', 'SURVIVED', 'SURVIVED', 'SURVIVED', 'SURVIVED', 'SURVIVED', 'SURVIVED', 'SURVIVED', 'SURVIVED', 'SURVIVED', 'SURVIVED', 'SURVIVED']","['KILLED', 'KILLED', 'SURVIVED', 'SURVIVED', 'SURVIVED', 'KILLED', 'KILLED', 'KILLED', 'KILLED', 'KILLED', 'SURVIVED', 'KILLED', 'SURVIVED', 'SURVIVED', 'SURVIVED', 'KILLED', 'KILLED', 'SURVIVED', 'SURVIVED', 'SURVIVED', 'SURVIVED']"
Csv_5,"['KILLED', 'KILLED', 'KILLED', 'KILLED', 'KILLED', 'KILLED', 'KILLED', 'KILLED', 'KILLED', 'KILLED', 'KILLED', 'KILLED', 'KILLED', 'KILLED', 'KILLED', 'KILLED', 'KILLED', 'KILLED', 'KILLED', 'KILLED', 'SURVIVED']","['SURVIVED', 'SURVIVED', 'SURVIVED', 'KILLED', 'SURVIVED', 'SURVIVED', 'KILLED', 'SURVIVED', 'SURVIVED', 'SURVIVED', 'SURVIVED', 'SURVIVED', 'SURVIVED', 'KILLED', 'KILLED', 'KILLED', 'SURVIVED', 'KILLED', 'KILLED', 'KILLED', 'SURVIVED']"
Csv_5,"['SURVIVED', 'SURVIVED', 'SURVIVED', 'SURVIVED', 'SURVIVED', 'SURVIVED', 'SURVIVED', 'SURVIVED', 'SURVIVED', 'SURVIVED', 'SURVIVED', 'SURVIVED', 'SURVIVED', 'SURVIVED', 'SURVIVED', 'SURVIVED', 'SURVIVED', 'SURVIVED', 'SURVIVED', 'SURVIVED', 'SURVIVED', 'SURVIVED', 'SURVIVED', 'SURVIVED', 'SURVIVED', 'SURVIVED', 'SURVIVED', 'SURVIVED', 'SURVIVED', 'SURVIVED', 'SURVIVED', 'SURVIVED', 'SURVIVED', 'SURVIVED', 'SURVIVED', 'SURVIVED', 'SURVIVED', 'SURVIVED', 'SURVIVED', 'SURVIVED', 'SURVIVED', 'SURVIVED', 'SURVIVED', 'SURVIVED', 'SURVIVED', 'SURVIVED', 'SURVIVED', 'SURVIVED', 'SURVIVED', 'SURVIVED', 'SURVIVED', 'SURVIVED', 'SURVIVED', 'SURVIVED', 'SURVIVED', 'SURVIVED', 'SURVIVED', 'SURVIVED', 'SURVIVED', 'SURVIVED', 'SURVIVED', 'SURVIVED', 'SURVIVED', 'SURVIVED', 'SURVIVED', 'SURVIVED', 'SURVIVED', 'SURVIVED', 'SURVIVED', 'SURVIVED', 'SURVIVED', 'SURVIVED', 'SURVIVED', 'SURVIVED', 'SURVIVED', 'SURVIVED', 'SURVIVED', 'SURVIVED', 'SURVIVED', 'SURVIVED', 'SURVIVED', 'SURVIVED', 'SURVIVED', 'SURVIVED', 'SURVIVED', 'SURVIVED', 'SURVIVED', 'SURVIVED', 'SURVIVED', 'SURVIVED', 'SURVIVED', 'SURVIVED', 'SURVIVED', 'SURVIVED', 'SURVIVED', 'SURVIVED', 'SURVIVED', 'SURVIVED', 'SURVIVED', 'SURVIVED', 'SURVIVED', 'SURVIVED', 'SURVIVED', 'SURVIVED', 'SURVIVED', 'SURVIVED', 'SURVIVED', 'SURVIVED', 'SURVIVED', 'SURVIVED', 'SURVIVED', 'SURVIVED', 'SURVIVED', 'SURVIVED', 'SURVIVED', 'SURVIVED', 'SURVIVED', 'SURVIVED', 'SURVIVED', 'SURVIVED', 'SURVIVED', 'SURVIVED', 'SURVIVED', 'SURVIVED', 'SURVIVED', 'SURVIVED', 'SURVIVED', 'SURVIVED', 'SURVIVED', 'SURVIVED', 'SURVIVED', 'SURVIVED', 'SURVIVED', 'SURVIVED', 'SURVIVED', 'SURVIVED', 'SURVIVED', 'SURVIVED', 'SURVIVED', 'SURVIVED', 'SURVIVED', 'SURVIVED', 'SURVIVED', 'SURVIVED', 'SURVIVED', 'SURVIVED']","['SURVIVED', 'KILLED', 'KILLED', 'SURVIVED', 'KILLED', 'KILLED', 'KILLED', 'SURVIVED', 'SURVIVED', 'KILLED', 'KILLED', 'SURVIVED', 'KILLED', 'SURVIVED', 'KILLED', 'KILLED', 'SURVIVED', 'SURVIVED', 'SURVIVED', 'KILLED', 'KILLED', 'SURVIVED', 'SURVIVED', 'KILLED', 'KILLED', 'SURVIVED', 'KILLED', 'KILLED', 'KILLED', 'KILLED', 'KILLED', 'SURVIVED', 'KILLED', 'KILLED', 'KILLED', 'KILLED', 'SURVIVED', 'SURVIVED', 'SURVIVED', 'SURVIVED', 'SURVIVED', 'KILLED', 'KILLED', 'KILLED', 'KILLED', 'SURVIVED', 'SURVIVED', 'SURVIVED', 'SURVIVED', 'KILLED', 'KILLED', 'SURVIVED', 'SURVIVED', 'KILLED', 'SURVIVED', 'KILLED', 'SURVIVED', 'KILLED', 'KILLED', 'SURVIVED', 'SURVIVED', 'KILLED', 'SURVIVED', 'SURVIVED', 'SURVIVED', 'SURVIVED', 'SURVIVED', 'KILLED', 'SURVIVED', 'SURVIVED', 'SURVIVED', 'KILLED', 'SURVIVED', 'KILLED', 'SURVIVED', 'KILLED', 'SURVIVED', 'KILLED', 'KILLED', 'SURVIVED', 'SURVIVED', 'SURVIVED', 'KILLED', 'SURVIVED', 'KILLED', 'SURVIVED', 'KILLED', 'SURVIVED', 'SURVIVED', 'KILLED', 'KILLED', 'SURVIVED', 'SURVIVED', 'SURVIVED', 'KILLED', 'SURVIVED', 'KILLED', 'KILLED', 'SURVIVED', 'KILLED', 'KILLED', 'KILLED', 'SURVIVED', 'KILLED', 'KILLED', 'KILLED', 'KILLED', 'SURVIVED', 'KILLED', 'KILLED', 'KILLED', 'KILLED', 'SURVIVED', 'KILLED', 'KILLED', 'SURVIVED', 'SURVIVED', 'SURVIVED', 'SURVIVED', 'SURVIVED', 'SURVIVED', 'KILLED', 'SURVIVED', 'SURVIVED', 'KILLED', 'KILLED', 'KILLED', 'SURVIVED', 'SURVIVED', 'KILLED', 'SURVIVED', 'SURVIVED', 'KILLED', 'SURVIVED', 'KILLED', 'SURVIVED', 'SURVIVED', 'KILLED', 'KILLED', 'KILLED', 'SURVIVED', 'KILLED', 'SURVIVED', 'SURVIVED', 'SURVIVED', 'KILLED']"
Csv_5,"['KILLED', 'KILLED', 'KILLED', 'KILLED', 'KILLED', 'KILLED', 'KILLED', 'KILLED', 'KILLED', 'KILLED', 'KILLED', 'KILLED', 'KILLED', 'KILLED', 'KILLED', 'KILLED', 'KILLED', 'KILLED', 'KILLED', 'KILLED', 'KILLED', 'KILLED', 'KILLED', 'KILLED', 'KILLED', 'KILLED', 'KILLED', 'KILLED', 'KILLED', 'KILLED', 'KILLED', 'KILLED', 'KILLED', 'KILLED', 'KILLED', 'KILLED', 'KILLED', 'KILLED', 'KILLED', 'KILLED', 'KILLED', 'KILLED', 'KILLED', 'KILLED', 'KILLED', 'KILLED', 'KILLED', 'KILLED', 'KILLED', 'KILLED', 'KILLED', 'KILLED', 'KILLED', 'KILLED', 'KILLED', 'KILLED', 'KILLED', 'KILLED', 'KILLED', 'KILLED', 'KILLED', 'KILLED', 'KILLED', 'KILLED', 'KILLED', 'KILLED', 'KILLED', 'KILLED', 'KILLED', 'KILLED', 'KILLED', 'KILLED', 'KILLED', 'KILLED', 'KILLED', 'KILLED', 'KILLED', 'KILLED', 'KILLED', 'KILLED', 'KILLED', 'KILLED', 'KILLED', 'KILLED', 'KILLED', 'KILLED', 'KILLED', 'KILLED', 'KILLED', 'KILLED', 'KILLED', 'KILLED', 'KILLED', 'KILLED', 'KILLED', 'KILLED', 'KILLED', 'KILLED', 'KILLED', 'KILLED', 'KILLED', 'KILLED', 'KILLED', 'KILLED', 'KILLED', 'KILLED', 'KILLED', 'KILLED', 'KILLED', 'KILLED', 'KILLED', 'KILLED', 'KILLED', 'KILLED', 'KILLED', 'KILLED', 'KILLED', 'KILLED', 'KILLED', 'KILLED', 'KILLED', 'KILLED', 'KILLED', 'KILLED', 'KILLED', 'KILLED', 'KILLED', 'KILLED', 'KILLED', 'KILLED', 'KILLED', 'KILLED', 'KILLED', 'KILLED', 'KILLED', 'KILLED', 'KILLED', 'KILLED', 'KILLED', 'KILLED', 'KILLED', 'KILLED', 'KILLED', 'KILLED', 'KILLED', 'KILLED']","['SURVIVED', 'KILLED', 'SURVIVED', 'SURVIVED', 'SURVIVED', 'SURVIVED', 'KILLED', 'SURVIVED', 'SURVIVED', 'KILLED', 'SURVIVED', 'SURVIVED', 'SURVIVED', 'SURVIVED', 'SURVIVED', 'SURVIVED', 'KILLED', 'KILLED', 'KILLED', 'KILLED', 'SURVIVED', 'KILLED', 'SURVIVED', 'SURVIVED', 'KILLED', 'KILLED', 'KILLED', 'SURVIVED', 'KILLED', 'KILLED', 'SURVIVED', 'SURVIVED', 'KILLED', 'SURVIVED', 'SURVIVED', 'SURVIVED', 'SURVIVED', 'KILLED', 'SURVIVED', 'KILLED', 'KILLED', 'KILLED', 'KILLED', 'SURVIVED', 'SURVIVED', 'KILLED', 'SURVIVED', 'SURVIVED', 'SURVIVED', 'SURVIVED', 'SURVIVED', 'SURVIVED', 'SURVIVED', 'KILLED', 'SURVIVED', 'KILLED', 'SURVIVED', 'KILLED', 'KILLED', 'SURVIVED', 'SURVIVED', 'SURVIVED', 'SURVIVED', 'SURVIVED', 'KILLED', 'SURVIVED', 'SURVIVED', 'SURVIVED', 'KILLED', 'KILLED', 'SURVIVED', 'SURVIVED', 'SURVIVED', 'KILLED', 'KILLED', 'KILLED', 'SURVIVED', 'KILLED', 'SURVIVED', 'SURVIVED', 'SURVIVED', 'SURVIVED', 'SURVIVED', 'SURVIVED', 'SURVIVED', 'SURVIVED', 'SURVIVED', 'SURVIVED', 'KILLED', 'KILLED', 'KILLED', 'KILLED', 'KILLED', 'SURVIVED', 'KILLED', 'KILLED', 'KILLED', 'SURVIVED', 'KILLED', 'KILLED', 'KILLED', 'SURVIVED', 'KILLED', 'KILLED', 'SURVIVED', 'KILLED', 'KILLED', 'SURVIVED', 'KILLED', 'KILLED', 'SURVIVED', 'SURVIVED', 'KILLED', 'KILLED', 'SURVIVED', 'SURVIVED', 'KILLED', 'KILLED', 'KILLED', 'KILLED', 'KILLED', 'SURVIVED', 'SURVIVED', 'SURVIVED', 'SURVIVED', 'SURVIVED', 'SURVIVED', 'KILLED', 'KILLED', 'SURVIVED', 'SURVIVED', 'SURVIVED', 'SURVIVED', 'SURVIVED', 'KILLED', 'KILLED', 'SURVIVED', 'SURVIVED', 'SURVIVED', 'SURVIVED', 'SURVIVED', 'KILLED', 'SURVIVED', 'KILLED', 'KILLED', 'KILLED']"
Csv_5,"['KILLED', 'SURVIVED', 'SURVIVED', 'SURVIVED', 'SURVIVED', 'SURVIVED', 'SURVIVED', 'SURVIVED', 'SURVIVED', 'SURVIVED', 'SURVIVED', 'SURVIVED', 'SURVIVED', 'SURVIVED', 'SURVIVED', 'SURVIVED', 'SURVIVED', 'SURVIVED', 'SURVIVED', 'SURVIVED', 'SURVIVED', 'SURVIVED', 'SURVIVED', 'SURVIVED', 'SURVIVED', 'SURVIVED', 'SURVIVED', 'SURVIVED', 'SURVIVED', 'SURVIVED', 'SURVIVED', 'SURVIVED', 'SURVIVED', 'SURVIVED', 'SURVIVED', 'SURVIVED', 'SURVIVED', 'SURVIVED', 'SURVIVED', 'SURVIVED', 'SURVIVED', 'SURVIVED', 'SURVIVED', 'SURVIVED', 'SURVIVED', 'SURVIVED', 'SURVIVED', 'SURVIVED', 'SURVIVED', 'SURVIVED', 'SURVIVED', 'SURVIVED', 'SURVIVED', 'SURVIVED', 'SURVIVED', 'SURVIVED', 'SURVIVED', 'SURVIVED', 'SURVIVED', 'SURVIVED', 'SURVIVED', 'SURVIVED', 'SURVIVED', 'SURVIVED', 'SURVIVED', 'SURVIVED', 'SURVIVED', 'SURVIVED', 'SURVIVED', 'SURVIVED', 'SURVIVED', 'SURVIVED', 'SURVIVED', 'SURVIVED', 'SURVIVED', 'SURVIVED', 'SURVIVED', 'SURVIVED', 'SURVIVED', 'SURVIVED', 'SURVIVED', 'SURVIVED', 'SURVIVED', 'SURVIVED', 'SURVIVED', 'SURVIVED', 'SURVIVED', 'SURVIVED', 'SURVIVED', 'SURVIVED', 'SURVIVED', 'SURVIVED', 'SURVIVED', 'SURVIVED', 'SURVIVED', 'SURVIVED', 'SURVIVED', 'SURVIVED', 'SURVIVED', 'SURVIVED', 'SURVIVED', 'SURVIVED', 'SURVIVED', 'SURVIVED', 'SURVIVED', 'SURVIVED', 'SURVIVED', 'SURVIVED', 'SURVIVED', 'SURVIVED', 'SURVIVED', 'SURVIVED', 'SURVIVED', 'SURVIVED', 'SURVIVED', 'SURVIVED', 'SURVIVED', 'SURVIVED', 'SURVIVED', 'SURVIVED', 'SURVIVED', 'SURVIVED', 'SURVIVED', 'SURVIVED', 'SURVIVED', 'SURVIVED', 'SURVIVED', 'SURVIVED', 'SURVIVED', 'SURVIVED', 'SURVIVED', 'SURVIVED', 'SURVIVED', 'SURVIVED', 'SURVIVED', 'SURVIVED', 'SURVIVED', 'SURVIVED', 'SURVIVED', 'SURVIVED', 'SURVIVED', 'SURVIVED', 'SURVIVED', 'SURVIVED', 'SURVIVED', 'SURVIVED']","['SURVIVED', 'SURVIVED', 'SURVIVED', 'KILLED', 'SURVIVED', 'SURVIVED', 'SURVIVED', 'KILLED', 'SURVIVED', 'SURVIVED', 'KILLED', 'KILLED', 'SURVIVED', 'KILLED', 'SURVIVED', 'SURVIVED', 'SURVIVED', 'KILLED', 'KILLED', 'SURVIVED', 'SURVIVED', 'KILLED', 'SURVIVED', 'KILLED', 'SURVIVED', 'KILLED', 'SURVIVED', 'SURVIVED', 'SURVIVED', 'SURVIVED', 'KILLED', 'KILLED', 'KILLED', 'KILLED', 'SURVIVED', 'KILLED', 'SURVIVED', 'SURVIVED', 'SURVIVED', 'SURVIVED', 'KILLED', 'SURVIVED', 'KILLED', 'KILLED', 'KILLED', 'KILLED', 'KILLED', 'KILLED', 'SURVIVED', 'SURVIVED', 'KILLED', 'SURVIVED', 'KILLED', 'KILLED', 'KILLED', 'KILLED', 'KILLED', 'SURVIVED', 'KILLED', 'SURVIVED', 'SURVIVED', 'SURVIVED', 'SURVIVED', 'SURVIVED', 'SURVIVED', 'KILLED', 'SURVIVED', 'KILLED', 'KILLED', 'KILLED', 'SURVIVED', 'SURVIVED', 'KILLED', 'SURVIVED', 'KILLED', 'KILLED', 'SURVIVED', 'SURVIVED', 'KILLED', 'KILLED', 'KILLED', 'SURVIVED', 'SURVIVED', 'KILLED', 'KILLED', 'KILLED', 'SURVIVED', 'KILLED', 'KILLED', 'SURVIVED', 'SURVIVED', 'SURVIVED', 'SURVIVED', 'KILLED', 'KILLED', 'KILLED', 'SURVIVED', 'SURVIVED', 'SURVIVED', 'KILLED', 'SURVIVED', 'KILLED', 'KILLED', 'KILLED', 'KILLED', 'SURVIVED', 'SURVIVED', 'KILLED', 'KILLED', 'SURVIVED', 'KILLED', 'SURVIVED', 'KILLED', 'KILLED', 'KILLED', 'SURVIVED', 'KILLED', 'SURVIVED', 'KILLED', 'KILLED', 'KILLED', 'SURVIVED', 'KILLED', 'SURVIVED', 'KILLED', 'KILLED', 'SURVIVED', 'KILLED', 'KILLED', 'KILLED', 'SURVIVED', 'KILLED', 'SURVIVED', 'SURVIVED', 'SURVIVED', 'KILLED', 'KILLED', 'SURVIVED', 'SURVIVED', 'KILLED', 'SURVIVED', 'KILLED', 'SURVIVED', 'SURVIVED', 'SURVIVED', 'SURVIVED']"
Csv_5,"['KILLED', 'KILLED', 'KILLED', 'KILLED', 'KILLED', 'KILLED', 'KILLED', 'KILLED', 'KILLED', 'KILLED', 'KILLED', 'KILLED', 'KILLED', 'KILLED', 'KILLED', 'KILLED', 'KILLED', 'KILLED', 'KILLED', 'KILLED', 'KILLED', 'KILLED', 'KILLED', 'KILLED', 'KILLED', 'KILLED', 'KILLED', 'KILLED', 'KILLED', 'KILLED', 'KILLED', 'KILLED', 'KILLED', 'KILLED', 'KILLED', 'KILLED', 'KILLED', 'KILLED', 'KILLED', 'KILLED', 'KILLED', 'KILLED', 'KILLED', 'KILLED', 'KILLED', 'KILLED', 'KILLED', 'KILLED', 'KILLED', 'KILLED', 'KILLED', 'KILLED', 'KILLED', 'KILLED', 'KILLED', 'KILLED', 'KILLED', 'KILLED', 'KILLED', 'KILLED', 'KILLED', 'KILLED', 'KILLED', 'KILLED', 'KILLED', 'KILLED', 'KILLED', 'KILLED', 'KILLED', 'KILLED', 'KILLED', 'KILLED', 'KILLED', 'KILLED', 'KILLED', 'KILLED', 'KILLED', 'KILLED', 'KILLED', 'KILLED', 'KILLED', 'KILLED', 'KILLED', 'KILLED', 'KILLED', 'KILLED', 'KILLED', 'KILLED', 'KILLED', 'KILLED', 'KILLED', 'KILLED', 'KILLED', 'KILLED', 'KILLED', 'KILLED', 'KILLED', 'KILLED', 'KILLED', 'KILLED', 'KILLED', 'KILLED', 'KILLED', 'KILLED', 'KILLED', 'KILLED', 'KILLED', 'KILLED', 'KILLED', 'KILLED', 'KILLED', 'KILLED', 'KILLED', 'KILLED', 'KILLED', 'KILLED', 'KILLED', 'KILLED', 'KILLED', 'KILLED', 'KILLED', 'KILLED', 'KILLED', 'KILLED', 'KILLED', 'KILLED', 'KILLED', 'KILLED', 'KILLED', 'KILLED', 'KILLED', 'KILLED', 'KILLED', 'KILLED', 'KILLED', 'KILLED', 'KILLED', 'KILLED', 'KILLED', 'KILLED', 'KILLED', 'KILLED', 'KILLED', 'KILLED', 'KILLED', 'KILLED']","['KILLED', 'KILLED', 'SURVIVED', 'SURVIVED', 'SURVIVED', 'SURVIVED', 'KILLED', 'KILLED', 'KILLED', 'SURVIVED', 'SURVIVED', 'SURVIVED', 'SURVIVED', 'SURVIVED', 'KILLED', 'SURVIVED', 'KILLED', 'KILLED', 'SURVIVED', 'KILLED', 'SURVIVED', 'KILLED', 'SURVIVED', 'KILLED', 'SURVIVED', 'KILLED', 'SURVIVED', 'SURVIVED', 'SURVIVED', 'SURVIVED', 'KILLED', 'KILLED', 'KILLED', 'KILLED', 'KILLED', 'KILLED', 'KILLED', 'KILLED', 'KILLED', 'SURVIVED', 'KILLED', 'KILLED', 'KILLED', 'SURVIVED', 'SURVIVED', 'SURVIVED', 'KILLED', 'SURVIVED', 'KILLED', 'KILLED', 'KILLED', 'KILLED', 'SURVIVED', 'KILLED', 'SURVIVED', 'KILLED', 'SURVIVED', 'SURVIVED', 'SURVIVED', 'KILLED', 'SURVIVED', 'KILLED', 'KILLED', 'SURVIVED', 'KILLED', 'KILLED', 'KILLED', 'KILLED', 'KILLED', 'SURVIVED', 'KILLED', 'KILLED', 'KILLED', 'KILLED', 'SURVIVED', 'KILLED', 'SURVIVED', 'SURVIVED', 'SURVIVED', 'KILLED', 'KILLED', 'KILLED', 'SURVIVED', 'SURVIVED', 'KILLED', 'SURVIVED', 'SURVIVED', 'SURVIVED', 'SURVIVED', 'SURVIVED', 'SURVIVED', 'SURVIVED', 'SURVIVED', 'KILLED', 'KILLED', 'SURVIVED', 'SURVIVED', 'SURVIVED', 'SURVIVED', 'SURVIVED', 'SURVIVED', 'KILLED', 'KILLED', 'SURVIVED', 'KILLED', 'KILLED', 'SURVIVED', 'KILLED', 'SURVIVED', 'KILLED', 'KILLED', 'SURVIVED', 'KILLED', 'SURVIVED', 'KILLED', 'KILLED', 'KILLED', 'SURVIVED', 'SURVIVED', 'KILLED', 'KILLED', 'SURVIVED', 'SURVIVED', 'KILLED', 'KILLED', 'SURVIVED', 'SURVIVED', 'KILLED', 'SURVIVED', 'KILLED', 'KILLED', 'SURVIVED', 'SURVIVED', 'KILLED', 'SURVIVED', 'KILLED', 'SURVIVED', 'KILLED', 'SURVIVED', 'KILLED', 'KILLED', 'SURVIVED', 'SURVIVED', 'SURVIVED', 'SURVIVED', 'KILLED']"
Csv_5,"['KILLED', 'SURVIVED', 'SURVIVED', 'SURVIVED', 'SURVIVED', 'SURVIVED', 'SURVIVED', 'SURVIVED', 'SURVIVED', 'SURVIVED', 'SURVIVED', 'SURVIVED', 'SURVIVED', 'SURVIVED', 'SURVIVED', 'SURVIVED', 'SURVIVED', 'SURVIVED', 'SURVIVED', 'SURVIVED', 'SURVIVED', 'SURVIVED', 'SURVIVED', 'SURVIVED', 'SURVIVED', 'SURVIVED', 'SURVIVED', 'SURVIVED', 'SURVIVED', 'SURVIVED', 'SURVIVED', 'SURVIVED', 'SURVIVED', 'SURVIVED', 'SURVIVED', 'SURVIVED', 'SURVIVED', 'SURVIVED', 'SURVIVED', 'SURVIVED', 'SURVIVED', 'SURVIVED', 'SURVIVED', 'SURVIVED', 'SURVIVED', 'SURVIVED', 'SURVIVED', 'SURVIVED', 'SURVIVED', 'SURVIVED', 'SURVIVED', 'SURVIVED', 'SURVIVED', 'SURVIVED', 'SURVIVED', 'SURVIVED', 'SURVIVED', 'SURVIVED', 'SURVIVED', 'SURVIVED', 'SURVIVED', 'SURVIVED', 'SURVIVED', 'SURVIVED', 'SURVIVED', 'SURVIVED', 'SURVIVED', 'SURVIVED', 'SURVIVED', 'SURVIVED', 'SURVIVED', 'SURVIVED', 'SURVIVED', 'SURVIVED', 'SURVIVED', 'SURVIVED', 'SURVIVED', 'SURVIVED', 'SURVIVED', 'SURVIVED', 'SURVIVED', 'SURVIVED', 'SURVIVED', 'SURVIVED', 'SURVIVED', 'SURVIVED', 'SURVIVED', 'SURVIVED', 'SURVIVED', 'SURVIVED', 'SURVIVED', 'SURVIVED', 'SURVIVED', 'SURVIVED', 'SURVIVED', 'SURVIVED', 'SURVIVED', 'SURVIVED', 'SURVIVED', 'SURVIVED', 'SURVIVED', 'SURVIVED', 'SURVIVED', 'SURVIVED', 'SURVIVED', 'SURVIVED', 'SURVIVED', 'SURVIVED', 'SURVIVED', 'SURVIVED', 'SURVIVED', 'SURVIVED', 'SURVIVED', 'SURVIVED', 'SURVIVED', 'SURVIVED', 'SURVIVED', 'SURVIVED', 'SURVIVED', 'SURVIVED', 'SURVIVED', 'SURVIVED', 'SURVIVED', 'SURVIVED', 'SURVIVED', 'SURVIVED', 'SURVIVED', 'SURVIVED', 'SURVIVED', 'SURVIVED', 'SURVIVED', 'SURVIVED', 'SURVIVED', 'SURVIVED', 'SURVIVED', 'SURVIVED', 'SURVIVED', 'SURVIVED', 'SURVIVED', 'SURVIVED', 'SURVIVED', 'SURVIVED', 'SURVIVED', 'SURVIVED', 'SURVIVED', 'SURVIVED']","['KILLED', 'KILLED', 'SURVIVED', 'KILLED', 'SURVIVED', 'KILLED', 'SURVIVED', 'KILLED', 'SURVIVED', 'KILLED', 'KILLED', 'KILLED', 'SURVIVED', 'SURVIVED', 'KILLED', 'KILLED', 'SURVIVED', 'SURVIVED', 'SURVIVED', 'KILLED', 'KILLED', 'SURVIVED', 'KILLED', 'SURVIVED', 'KILLED', 'SURVIVED', 'SURVIVED', 'KILLED', 'SURVIVED', 'SURVIVED', 'KILLED', 'KILLED', 'SURVIVED', 'KILLED', 'SURVIVED', 'SURVIVED', 'KILLED', 'KILLED', 'KILLED', 'KILLED', 'SURVIVED', 'SURVIVED', 'SURVIVED', 'KILLED', 'KILLED', 'SURVIVED', 'SURVIVED', 'SURVIVED', 'SURVIVED', 'KILLED', 'SURVIVED', 'SURVIVED', 'KILLED', 'SURVIVED', 'KILLED', 'SURVIVED', 'SURVIVED', 'KILLED', 'SURVIVED', 'KILLED', 'KILLED', 'KILLED', 'SURVIVED', 'KILLED', 'KILLED', 'KILLED', 'KILLED', 'KILLED', 'KILLED', 'SURVIVED', 'KILLED', 'SURVIVED', 'KILLED', 'SURVIVED', 'SURVIVED', 'SURVIVED', 'KILLED', 'SURVIVED', 'KILLED', 'KILLED', 'KILLED', 'SURVIVED', 'SURVIVED', 'KILLED', 'KILLED', 'SURVIVED', 'KILLED', 'SURVIVED', 'KILLED', 'KILLED', 'SURVIVED', 'KILLED', 'SURVIVED', 'KILLED', 'SURVIVED', 'KILLED', 'KILLED', 'SURVIVED', 'SURVIVED', 'SURVIVED', 'KILLED', 'KILLED', 'SURVIVED', 'SURVIVED', 'KILLED', 'SURVIVED', 'KILLED', 'SURVIVED', 'SURVIVED', 'KILLED', 'KILLED', 'KILLED', 'SURVIVED', 'KILLED', 'KILLED', 'KILLED', 'SURVIVED', 'SURVIVED', 'SURVIVED', 'SURVIVED', 'KILLED', 'KILLED', 'SURVIVED', 'SURVIVED', 'SURVIVED', 'SURVIVED', 'KILLED', 'SURVIVED', 'KILLED', 'SURVIVED', 'SURVIVED', 'KILLED', 'SURVIVED', 'KILLED', 'KILLED', 'SURVIVED', 'SURVIVED', 'KILLED', 'KILLED', 'SURVIVED', 'KILLED', 'SURVIVED', 'KILLED', 'KILLED', 'SURVIVED', 'SURVIVED']"
Csv_5,"['KILLED', 'KILLED', 'KILLED', 'KILLED', 'KILLED', 'KILLED', 'KILLED', 'KILLED', 'KILLED', 'KILLED', 'KILLED', 'KILLED', 'KILLED', 'KILLED', 'KILLED', 'KILLED', 'KILLED', 'KILLED', 'KILLED', 'KILLED', 'KILLED', 'KILLED', 'KILLED', 'KILLED', 'KILLED', 'KILLED', 'KILLED', 'KILLED', 'KILLED', 'KILLED', 'KILLED', 'KILLED', 'KILLED', 'KILLED', 'KILLED', 'KILLED', 'KILLED', 'KILLED', 'KILLED', 'KILLED', 'KILLED', 'KILLED', 'KILLED', 'KILLED', 'KILLED', 'KILLED', 'KILLED', 'KILLED', 'KILLED', 'KILLED', 'KILLED', 'KILLED', 'KILLED', 'KILLED', 'KILLED', 'KILLED', 'KILLED', 'KILLED', 'KILLED', 'KILLED', 'KILLED', 'KILLED', 'KILLED', 'KILLED', 'KILLED', 'KILLED', 'KILLED', 'KILLED', 'KILLED', 'KILLED', 'KILLED', 'KILLED', 'KILLED', 'KILLED', 'KILLED', 'KILLED', 'KILLED', 'KILLED', 'KILLED', 'KILLED', 'KILLED', 'KILLED', 'KILLED', 'KILLED', 'KILLED', 'KILLED', 'KILLED', 'KILLED', 'KILLED', 'KILLED', 'KILLED', 'KILLED', 'KILLED', 'KILLED', 'KILLED', 'KILLED', 'KILLED', 'KILLED', 'KILLED', 'KILLED', 'KILLED', 'KILLED', 'KILLED', 'KILLED', 'KILLED', 'KILLED', 'KILLED', 'KILLED', 'KILLED', 'KILLED', 'KILLED', 'KILLED', 'KILLED', 'KILLED', 'KILLED', 'KILLED', 'KILLED', 'KILLED', 'KILLED', 'KILLED', 'KILLED', 'KILLED', 'KILLED', 'KILLED', 'KILLED', 'KILLED', 'KILLED', 'KILLED', 'KILLED', 'KILLED', 'KILLED', 'KILLED', 'KILLED', 'KILLED', 'KILLED', 'KILLED', 'KILLED', 'KILLED', 'KILLED', 'KILLED', 'KILLED', 'KILLED', 'KILLED', 'KILLED', 'KILLED', 'KILLED']","['SURVIVED', 'SURVIVED', 'KILLED', 'KILLED', 'KILLED', 'KILLED', 'KILLED', 'SURVIVED', 'KILLED', 'SURVIVED', 'KILLED', 'KILLED', 'SURVIVED', 'KILLED', 'KILLED', 'KILLED', 'SURVIVED', 'KILLED', 'KILLED', 'SURVIVED', 'SURVIVED', 'SURVIVED', 'SURVIVED', 'SURVIVED', 'SURVIVED', 'KILLED', 'KILLED', 'KILLED', 'KILLED', 'KILLED', 'KILLED', 'SURVIVED', 'KILLED', 'KILLED', 'KILLED', 'KILLED', 'SURVIVED', 'KILLED', 'SURVIVED', 'KILLED', 'SURVIVED', 'SURVIVED', 'KILLED', 'SURVIVED', 'SURVIVED', 'SURVIVED', 'KILLED', 'KILLED', 'KILLED', 'KILLED', 'KILLED', 'SURVIVED', 'KILLED', 'SURVIVED', 'SURVIVED', 'KILLED', 'KILLED', 'KILLED', 'KILLED', 'KILLED', 'SURVIVED', 'SURVIVED', 'SURVIVED', 'SURVIVED', 'KILLED', 'SURVIVED', 'SURVIVED', 'KILLED', 'SURVIVED', 'SURVIVED', 'SURVIVED', 'KILLED', 'KILLED', 'SURVIVED', 'SURVIVED', 'KILLED', 'KILLED', 'SURVIVED', 'KILLED', 'SURVIVED', 'KILLED', 'KILLED', 'SURVIVED', 'SURVIVED', 'SURVIVED', 'SURVIVED', 'SURVIVED', 'SURVIVED', 'KILLED', 'SURVIVED', 'SURVIVED', 'KILLED', 'KILLED', 'SURVIVED', 'SURVIVED', 'KILLED', 'KILLED', 'KILLED', 'KILLED', 'SURVIVED', 'SURVIVED', 'SURVIVED', 'SURVIVED', 'KILLED', 'KILLED', 'SURVIVED', 'KILLED', 'SURVIVED', 'KILLED', 'SURVIVED', 'SURVIVED', 'KILLED', 'KILLED', 'KILLED', 'KILLED', 'SURVIVED', 'SURVIVED', 'KILLED', 'SURVIVED', 'KILLED', 'SURVIVED', 'SURVIVED', 'KILLED', 'KILLED', 'SURVIVED', 'KILLED', 'KILLED', 'KILLED', 'KILLED', 'KILLED', 'SURVIVED', 'SURVIVED', 'SURVIVED', 'SURVIVED', 'SURVIVED', 'KILLED', 'KILLED', 'KILLED', 'KILLED', 'KILLED', 'SURVIVED', 'KILLED', 'SURVIVED', 'SURVIVED', 'SURVIVED', 'KILLED']"
Csv_5,"['KILLED', 'SURVIVED']","['SURVIVED', 'KILLED']"
Csv_5,['KILLED'],['KILLED']
Csv_5,"['KILLED', 'SURVIVED', 'SURVIVED', 'SURVIVED', 'SURVIVED', 'SURVIVED', 'SURVIVED', 'SURVIVED', 'SURVIVED', 'SURVIVED', 'SURVIVED', 'SURVIVED', 'SURVIVED', 'SURVIVED', 'SURVIVED', 'SURVIVED', 'SURVIVED', 'SURVIVED', 'SURVIVED', 'SURVIVED', 'SURVIVED', 'SURVIVED', 'SURVIVED', 'SURVIVED', 'SURVIVED', 'SURVIVED', 'SURVIVED', 'SURVIVED', 'SURVIVED', 'SURVIVED', 'SURVIVED']","['SURVIVED', 'SURVIVED', 'SURVIVED', 'SURVIVED', 'KILLED', 'KILLED', 'KILLED', 'SURVIVED', 'KILLED', 'KILLED', 'KILLED', 'KILLED', 'KILLED', 'SURVIVED', 'KILLED', 'KILLED', 'KILLED', 'SURVIVED', 'SURVIVED', 'KILLED', 'KILLED', 'KILLED', 'SURVIVED', 'KILLED', 'KILLED', 'SURVIVED', 'KILLED', 'SURVIVED', 'SURVIVED', 'KILLED', 'KILLED']"
Csv_5,"['SURVIVED', 'SURVIVED', 'SURVIVED', 'SURVIVED', 'SURVIVED', 'SURVIVED', 'SURVIVED', 'SURVIVED', 'SURVIVED', 'SURVIVED', 'SURVIVED', 'SURVIVED', 'SURVIVED', 'SURVIVED', 'SURVIVED', 'SURVIVED', 'SURVIVED', 'SURVIVED', 'SURVIVED', 'SURVIVED', 'SURVIVED', 'SURVIVED', 'SURVIVED', 'SURVIVED', 'SURVIVED', 'SURVIVED', 'SURVIVED', 'SURVIVED', 'SURVIVED', 'SURVIVED']","['SURVIVED', 'SURVIVED', 'SURVIVED', 'SURVIVED', 'KILLED', 'SURVIVED', 'KILLED', 'SURVIVED', 'SURVIVED', 'KILLED', 'KILLED', 'SURVIVED', 'SURVIVED', 'SURVIVED', 'KILLED', 'KILLED', 'KILLED', 'KILLED', 'KILLED', 'SURVIVED', 'SURVIVED', 'SURVIVED', 'SURVIVED', 'SURVIVED', 'SURVIVED', 'KILLED', 'SURVIVED', 'SURVIVED', 'SURVIVED', 'KILLED']"
Csv_5,"['KILLED', 'SURVIVED', 'SURVIVED']","['KILLED', 'SURVIVED', 'KILLED']"
Csv_5,"['KILLED', 'SURVIVED']","['KILLED', 'KILLED']"
Csv_5,['KILLED'],['KILLED']
Csv_5,"['KILLED', 'SURVIVED', 'SURVIVED', 'SURVIVED', 'SURVIVED', 'SURVIVED', 'SURVIVED', 'SURVIVED', 'SURVIVED', 'SURVIVED', 'SURVIVED', 'SURVIVED', 'SURVIVED', 'SURVIVED', 'SURVIVED', 'SURVIVED', 'SURVIVED', 'SURVIVED', 'SURVIVED', 'SURVIVED', 'SURVIVED', 'SURVIVED', 'SURVIVED', 'SURVIVED', 'SURVIVED', 'SURVIVED', 'SURVIVED', 'SURVIVED', 'SURVIVED', 'SURVIVED', 'SURVIVED', 'SURVIVED', 'SURVIVED', 'SURVIVED', 'SURVIVED', 'SURVIVED', 'SURVIVED', 'SURVIVED', 'SURVIVED', 'SURVIVED', 'SURVIVED', 'SURVIVED']","['SURVIVED', 'KILLED', 'KILLED', 'SURVIVED', 'SURVIVED', 'KILLED', 'SURVIVED', 'SURVIVED', 'KILLED', 'KILLED', 'KILLED', 'SURVIVED', 'SURVIVED', 'KILLED', 'SURVIVED', 'SURVIVED', 'SURVIVED', 'KILLED', 'KILLED', 'SURVIVED', 'SURVIVED', 'SURVIVED', 'KILLED', 'KILLED', 'KILLED', 'SURVIVED', 'SURVIVED', 'SURVIVED', 'SURVIVED', 'KILLED', 'KILLED', 'SURVIVED', 'KILLED', 'SURVIVED', 'SURVIVED', 'SURVIVED', 'SURVIVED', 'KILLED', 'SURVIVED', 'SURVIVED', 'KILLED', 'KILLED']"
Csv_5,"['KILLED', 'SURVIVED', 'SURVIVED', 'SURVIVED', 'SURVIVED', 'SURVIVED', 'SURVIVED', 'SURVIVED', 'SURVIVED', 'SURVIVED', 'SURVIVED', 'SURVIVED', 'SURVIVED', 'SURVIVED', 'SURVIVED', 'SURVIVED', 'SURVIVED', 'SURVIVED', 'SURVIVED', 'SURVIVED', 'SURVIVED', 'SURVIVED', 'SURVIVED', 'SURVIVED', 'SURVIVED', 'SURVIVED', 'SURVIVED', 'SURVIVED', 'SURVIVED', 'SURVIVED', 'SURVIVED', 'SURVIVED', 'SURVIVED', 'SURVIVED', 'SURVIVED', 'SURVIVED', 'SURVIVED', 'SURVIVED', 'SURVIVED', 'SURVIVED', 'SURVIVED']","['SURVIVED', 'SURVIVED', 'KILLED', 'KILLED', 'SURVIVED', 'KILLED', 'SURVIVED', 'SURVIVED', 'KILLED', 'SURVIVED', 'KILLED', 'KILLED', 'SURVIVED', 'SURVIVED', 'KILLED', 'SURVIVED', 'SURVIVED', 'KILLED', 'SURVIVED', 'KILLED', 'SURVIVED', 'SURVIVED', 'SURVIVED', 'KILLED', 'SURVIVED', 'KILLED', 'KILLED', 'SURVIVED', 'KILLED', 'KILLED', 'KILLED', 'SURVIVED', 'KILLED', 'SURVIVED', 'KILLED', 'KILLED', 'SURVIVED', 'SURVIVED', 'SURVIVED', 'SURVIVED', 'KILLED']"
Csv_5,"['SURVIVED', 'SURVIVED', 'SURVIVED', 'SURVIVED', 'SURVIVED', 'SURVIVED', 'SURVIVED', 'SURVIVED', 'SURVIVED', 'SURVIVED', 'SURVIVED', 'SURVIVED', 'SURVIVED', 'SURVIVED', 'SURVIVED', 'SURVIVED', 'SURVIVED', 'SURVIVED', 'SURVIVED', 'SURVIVED', 'SURVIVED', 'SURVIVED', 'SURVIVED', 'SURVIVED', 'SURVIVED', 'SURVIVED', 'SURVIVED', 'SURVIVED', 'SURVIVED', 'SURVIVED', 'SURVIVED', 'SURVIVED', 'SURVIVED', 'SURVIVED', 'SURVIVED', 'SURVIVED', 'SURVIVED', 'SURVIVED', 'SURVIVED', 'SURVIVED']","['KILLED', 'KILLED', 'KILLED', 'KILLED', 'SURVIVED', 'SURVIVED', 'KILLED', 'KILLED', 'SURVIVED', 'KILLED', 'KILLED', 'SURVIVED', 'SURVIVED', 'KILLED', 'KILLED', 'SURVIVED', 'KILLED', 'SURVIVED', 'KILLED', 'SURVIVED', 'KILLED', 'KILLED', 'SURVIVED', 'SURVIVED', 'SURVIVED', 'SURVIVED', 'KILLED', 'SURVIVED', 'KILLED', 'KILLED', 'SURVIVED', 'KILLED', 'KILLED', 'KILLED', 'KILLED', 'SURVIVED', 'SURVIVED', 'SURVIVED', 'KILLED', 'SURVIVED']"
Csv_5,"['SURVIVED', 'SURVIVED', 'SURVIVED', 'SURVIVED', 'SURVIVED', 'SURVIVED', 'SURVIVED', 'SURVIVED', 'SURVIVED', 'SURVIVED', 'SURVIVED', 'SURVIVED', 'SURVIVED', 'SURVIVED', 'SURVIVED', 'SURVIVED', 'SURVIVED', 'SURVIVED', 'SURVIVED', 'SURVIVED', 'SURVIVED', 'SURVIVED', 'SURVIVED', 'SURVIVED', 'SURVIVED', 'SURVIVED', 'SURVIVED', 'SURVIVED', 'SURVIVED', 'SURVIVED', 'SURVIVED', 'SURVIVED', 'SURVIVED', 'SURVIVED', 'SURVIVED', 'SURVIVED', 'SURVIVED']","['KILLED', 'KILLED', 'KILLED', 'SURVIVED', 'SURVIVED', 'SURVIVED', 'KILLED', 'KILLED', 'KILLED', 'SURVIVED', 'KILLED', 'KILLED', 'SURVIVED', 'KILLED', 'KILLED', 'SURVIVED', 'SURVIVED', 'KILLED', 'SURVIVED', 'SURVIVED', 'SURVIVED', 'SURVIVED', 'KILLED', 'KILLED', 'SURVIVED', 'KILLED', 'KILLED', 'SURVIVED', 'KILLED', 'SURVIVED', 'SURVIVED', 'SURVIVED', 'SURVIVED', 'KILLED', 'KILLED', 'KILLED', 'SURVIVED']"
Csv_5,"['KILLED', 'KILLED', 'KILLED', 'KILLED', 'KILLED', 'KILLED', 'KILLED', 'KILLED', 'KILLED', 'KILLED', 'KILLED', 'KILLED', 'KILLED', 'KILLED', 'KILLED', 'KILLED', 'KILLED', 'KILLED', 'KILLED', 'KILLED', 'KILLED', 'KILLED', 'KILLED', 'KILLED', 'KILLED', 'KILLED', 'KILLED', 'KILLED', 'KILLED', 'KILLED', 'KILLED', 'KILLED', 'KILLED', 'KILLED', 'KILLED', 'KILLED']","['SURVIVED', 'SURVIVED', 'KILLED', 'SURVIVED', 'SURVIVED', 'SURVIVED', 'SURVIVED', 'KILLED', 'KILLED', 'SURVIVED', 'KILLED', 'SURVIVED', 'SURVIVED', 'SURVIVED', 'KILLED', 'SURVIVED', 'SURVIVED', 'KILLED', 'KILLED', 'SURVIVED', 'KILLED', 'SURVIVED', 'KILLED', 'SURVIVED', 'SURVIVED', 'SURVIVED', 'SURVIVED', 'KILLED', 'KILLED', 'KILLED', 'SURVIVED', 'SURVIVED', 'KILLED', 'SURVIVED', 'KILLED', 'SURVIVED']"
Csv_5,['SURVIVED'],['SURVIVED']
Csv_5,['KILLED'],['SURVIVED']
Csv_5,"['KILLED', 'SURVIVED']","['KILLED', 'KILLED']"
Csv_5,"['KILLED', 'KILLED', 'KILLED', 'KILLED', 'KILLED', 'KILLED', 'KILLED', 'KILLED', 'KILLED', 'KILLED', 'KILLED', 'KILLED', 'KILLED', 'KILLED', 'KILLED']","['KILLED', 'SURVIVED', 'KILLED', 'SURVIVED', 'SURVIVED', 'KILLED', 'SURVIVED', 'KILLED', 'SURVIVED', 'SURVIVED', 'KILLED', 'KILLED', 'SURVIVED', 'SURVIVED', 'SURVIVED']"
Csv_5,"['KILLED', 'KILLED', 'KILLED', 'KILLED', 'KILLED', 'KILLED', 'KILLED', 'KILLED', 'KILLED', 'KILLED', 'KILLED', 'KILLED', 'KILLED', 'KILLED', 'KILLED', 'KILLED', 'KILLED', 'KILLED', 'KILLED', 'KILLED', 'KILLED', 'KILLED', 'KILLED', 'KILLED', 'KILLED', 'KILLED', 'KILLED', 'KILLED', 'KILLED', 'KILLED', 'KILLED', 'SURVIVED', 'SURVIVED', 'SURVIVED', 'SURVIVED', 'SURVIVED', 'SURVIVED', 'SURVIVED', 'SURVIVED', 'SURVIVED']","['KILLED', 'KILLED', 'KILLED', 'KILLED', 'KILLED', 'KILLED', 'KILLED', 'SURVIVED', 'SURVIVED', 'SURVIVED', 'SURVIVED', 'KILLED', 'KILLED', 'SURVIVED', 'SURVIVED', 'SURVIVED', 'SURVIVED', 'SURVIVED', 'KILLED', 'KILLED', 'SURVIVED', 'KILLED', 'SURVIVED', 'KILLED', 'SURVIVED', 'KILLED', 'KILLED', 'SURVIVED', 'KILLED', 'SURVIVED', 'KILLED', 'KILLED', 'SURVIVED', 'SURVIVED', 'SURVIVED', 'SURVIVED', 'SURVIVED', 'SURVIVED', 'SURVIVED', 'KILLED']"
Csv_5,"['KILLED', 'KILLED', 'KILLED', 'KILLED', 'KILLED', 'KILLED', 'KILLED', 'KILLED', 'KILLED']","['KILLED', 'SURVIVED', 'KILLED', 'KILLED', 'SURVIVED', 'SURVIVED', 'SURVIVED', 'KILLED', 'SURVIVED']"
Csv_5,"['KILLED', 'KILLED', 'KILLED', 'KILLED', 'KILLED', 'KILLED', 'KILLED', 'KILLED', 'KILLED', 'KILLED', 'KILLED', 'KILLED', 'KILLED', 'KILLED', 'KILLED', 'KILLED', 'KILLED', 'KILLED', 'KILLED', 'KILLED', 'KILLED', 'KILLED', 'KILLED', 'KILLED', 'KILLED', 'KILLED', 'KILLED', 'KILLED', 'KILLED', 'KILLED', 'KILLED', 'KILLED', 'KILLED', 'KILLED', 'KILLED', 'KILLED', 'SURVIVED', 'SURVIVED', 'SURVIVED']","['KILLED', 'KILLED', 'KILLED', 'KILLED', 'KILLED', 'KILLED', 'SURVIVED', 'SURVIVED', 'KILLED', 'KILLED', 'KILLED', 'SURVIVED', 'SURVIVED', 'SURVIVED', 'KILLED', 'SURVIVED', 'SURVIVED', 'SURVIVED', 'SURVIVED', 'SURVIVED', 'KILLED', 'KILLED', 'SURVIVED', 'KILLED', 'SURVIVED', 'KILLED', 'SURVIVED', 'SURVIVED', 'SURVIVED', 'KILLED', 'KILLED', 'SURVIVED', 'SURVIVED', 'KILLED', 'SURVIVED', 'KILLED', 'KILLED', 'SURVIVED', 'SURVIVED']"
Csv_5,"['KILLED', 'KILLED', 'KILLED', 'KILLED', 'KILLED', 'KILLED', 'KILLED', 'KILLED', 'KILLED', 'KILLED', 'KILLED', 'KILLED', 'KILLED', 'KILLED', 'KILLED', 'KILLED', 'KILLED', 'KILLED', 'KILLED', 'KILLED', 'KILLED', 'KILLED', 'KILLED', 'KILLED', 'KILLED', 'KILLED', 'KILLED', 'KILLED', 'KILLED', 'KILLED', 'KILLED', 'KILLED', 'KILLED', 'KILLED', 'KILLED', 'KILLED', 'KILLED', 'SURVIVED', 'SURVIVED']","['KILLED', 'KILLED', 'KILLED', 'SURVIVED', 'KILLED', 'SURVIVED', 'KILLED', 'SURVIVED', 'KILLED', 'SURVIVED', 'SURVIVED', 'SURVIVED', 'SURVIVED', 'SURVIVED', 'SURVIVED', 'SURVIVED', 'SURVIVED', 'KILLED', 'KILLED', 'SURVIVED', 'SURVIVED', 'KILLED', 'SURVIVED', 'KILLED', 'KILLED', 'SURVIVED', 'KILLED', 'SURVIVED', 'SURVIVED', 'KILLED', 'KILLED', 'KILLED', 'SURVIVED', 'SURVIVED', 'KILLED', 'SURVIVED', 'SURVIVED', 'SURVIVED', 'KILLED']"
Csv_5,"['KILLED', 'KILLED', 'KILLED', 'KILLED', 'KILLED', 'KILLED', 'KILLED', 'KILLED', 'KILLED', 'KILLED', 'KILLED', 'KILLED', 'KILLED', 'KILLED', 'KILLED', 'KILLED', 'KILLED', 'KILLED', 'KILLED', 'KILLED', 'KILLED', 'KILLED', 'KILLED', 'KILLED', 'KILLED', 'KILLED', 'KILLED', 'KILLED', 'KILLED', 'KILLED', 'KILLED', 'KILLED', 'KILLED', 'KILLED', 'KILLED', 'KILLED', 'KILLED', 'KILLED', 'KILLED']","['KILLED', 'KILLED', 'KILLED', 'SURVIVED', 'SURVIVED', 'KILLED', 'SURVIVED', 'KILLED', 'SURVIVED', 'KILLED', 'KILLED', 'SURVIVED', 'KILLED', 'KILLED', 'KILLED', 'SURVIVED', 'SURVIVED', 'SURVIVED', 'KILLED', 'SURVIVED', 'KILLED', 'KILLED', 'SURVIVED', 'KILLED', 'SURVIVED', 'KILLED', 'KILLED', 'KILLED', 'SURVIVED', 'SURVIVED', 'SURVIVED', 'SURVIVED', 'SURVIVED', 'KILLED', 'SURVIVED', 'SURVIVED', 'SURVIVED', 'SURVIVED', 'KILLED']"
Csv_5,"['KILLED', 'KILLED', 'KILLED', 'SURVIVED', 'SURVIVED', 'SURVIVED', 'SURVIVED', 'SURVIVED', 'SURVIVED', 'SURVIVED', 'SURVIVED', 'SURVIVED', 'SURVIVED', 'SURVIVED', 'SURVIVED', 'SURVIVED', 'SURVIVED', 'SURVIVED', 'SURVIVED', 'SURVIVED', 'SURVIVED', 'SURVIVED', 'SURVIVED', 'SURVIVED', 'SURVIVED', 'SURVIVED', 'SURVIVED', 'SURVIVED', 'SURVIVED', 'SURVIVED', 'SURVIVED', 'SURVIVED', 'SURVIVED', 'SURVIVED', 'SURVIVED']","['SURVIVED', 'KILLED', 'SURVIVED', 'SURVIVED', 'SURVIVED', 'SURVIVED', 'KILLED', 'KILLED', 'SURVIVED', 'SURVIVED', 'SURVIVED', 'SURVIVED', 'SURVIVED', 'SURVIVED', 'KILLED', 'SURVIVED', 'SURVIVED', 'SURVIVED', 'KILLED', 'KILLED', 'SURVIVED', 'KILLED', 'SURVIVED', 'KILLED', 'KILLED', 'KILLED', 'KILLED', 'SURVIVED', 'KILLED', 'KILLED', 'SURVIVED', 'SURVIVED', 'KILLED', 'SURVIVED', 'SURVIVED']"
Csv_5,"['KILLED', 'KILLED', 'KILLED', 'KILLED', 'KILLED', 'KILLED', 'KILLED', 'KILLED', 'KILLED', 'KILLED', 'KILLED', 'KILLED', 'KILLED', 'KILLED', 'KILLED', 'KILLED', 'KILLED', 'KILLED', 'KILLED', 'KILLED', 'KILLED', 'KILLED', 'KILLED', 'KILLED', 'KILLED', 'KILLED', 'KILLED', 'KILLED', 'KILLED', 'KILLED', 'KILLED', 'KILLED', 'KILLED', 'KILLED', 'SURVIVED']","['KILLED', 'KILLED', 'KILLED', 'KILLED', 'KILLED', 'KILLED', 'KILLED', 'KILLED', 'KILLED', 'KILLED', 'SURVIVED', 'KILLED', 'KILLED', 'KILLED', 'SURVIVED', 'SURVIVED', 'SURVIVED', 'KILLED', 'SURVIVED', 'SURVIVED', 'SURVIVED', 'SURVIVED', 'SURVIVED', 'KILLED', 'KILLED', 'SURVIVED', 'KILLED', 'SURVIVED', 'SURVIVED', 'SURVIVED', 'KILLED', 'SURVIVED', 'SURVIVED', 'KILLED', 'SURVIVED']"
Csv_5,"['KILLED', 'KILLED', 'KILLED', 'KILLED', 'KILLED', 'KILLED', 'KILLED', 'KILLED', 'KILLED', 'KILLED', 'KILLED', 'KILLED', 'KILLED', 'KILLED', 'KILLED', 'KILLED', 'KILLED', 'KILLED', 'KILLED', 'KILLED', 'KILLED', 'KILLED', 'KILLED', 'KILLED', 'KILLED', 'KILLED', 'KILLED', 'KILLED', 'KILLED', 'KILLED', 'KILLED', 'KILLED', 'KILLED', 'SURVIVED', 'SURVIVED']","['KILLED', 'SURVIVED', 'KILLED', 'SURVIVED', 'KILLED', 'SURVIVED', 'KILLED', 'KILLED', 'SURVIVED', 'KILLED', 'KILLED', 'SURVIVED', 'SURVIVED', 'KILLED', 'KILLED', 'KILLED', 'KILLED', 'SURVIVED', 'SURVIVED', 'KILLED', 'SURVIVED', 'KILLED', 'KILLED', 'KILLED', 'SURVIVED', 'SURVIVED', 'KILLED', 'SURVIVED', 'SURVIVED', 'KILLED', 'SURVIVED', 'SURVIVED', 'SURVIVED', 'SURVIVED', 'KILLED']"
Csv_5,"['KILLED', 'KILLED', 'KILLED', 'KILLED', 'KILLED', 'KILLED', 'KILLED', 'KILLED', 'KILLED', 'KILLED', 'KILLED', 'KILLED', 'KILLED', 'KILLED', 'KILLED', 'KILLED', 'KILLED', 'KILLED', 'KILLED', 'KILLED', 'KILLED', 'KILLED', 'KILLED', 'KILLED', 'KILLED', 'KILLED', 'KILLED', 'KILLED', 'KILLED', 'KILLED', 'KILLED', 'KILLED', 'KILLED', 'SURVIVED']","['KILLED', 'KILLED', 'SURVIVED', 'SURVIVED', 'KILLED', 'SURVIVED', 'SURVIVED', 'SURVIVED', 'SURVIVED', 'KILLED', 'KILLED', 'SURVIVED', 'SURVIVED', 'KILLED', 'SURVIVED', 'SURVIVED', 'KILLED', 'KILLED', 'KILLED', 'SURVIVED', 'KILLED', 'SURVIVED', 'SURVIVED', 'KILLED', 'SURVIVED', 'SURVIVED', 'KILLED', 'SURVIVED', 'KILLED', 'KILLED', 'KILLED', 'KILLED', 'KILLED', 'KILLED']"
Csv_5,"['KILLED', 'KILLED', 'KILLED', 'KILLED', 'KILLED']","['SURVIVED', 'SURVIVED', 'KILLED', 'SURVIVED', 'SURVIVED']"
Csv_5,"['KILLED', 'KILLED', 'KILLED', 'KILLED', 'KILLED']","['SURVIVED', 'KILLED', 'KILLED', 'SURVIVED', 'KILLED']"
Csv_5,"['KILLED', 'KILLED', 'KILLED', 'KILLED', 'KILLED']","['SURVIVED', 'KILLED', 'SURVIVED', 'KILLED', 'KILLED']"
Csv_5,"['KILLED', 'KILLED', 'KILLED', 'KILLED', 'KILLED']","['SURVIVED', 'KILLED', 'KILLED', 'KILLED', 'KILLED']"
Csv_5,"['SURVIVED', 'SURVIVED', 'SURVIVED', 'SURVIVED', 'SURVIVED']","['KILLED', 'SURVIVED', 'KILLED', 'SURVIVED', 'KILLED']"
Csv_5,"['KILLED', 'KILLED', 'KILLED', 'KILLED', 'KILLED']","['KILLED', 'KILLED', 'KILLED', 'KILLED', 'KILLED']"
Csv_5,"['KILLED', 'KILLED', 'KILLED', 'KILLED', 'KILLED']","['SURVIVED', 'KILLED', 'SURVIVED', 'KILLED', 'KILLED']"
Csv_5,"['KILLED', 'KILLED', 'KILLED', 'KILLED', 'KILLED', 'KILLED', 'KILLED', 'KILLED', 'KILLED', 'KILLED', 'KILLED', 'KILLED', 'KILLED', 'KILLED', 'KILLED', 'KILLED', 'KILLED', 'KILLED', 'KILLED', 'KILLED', 'KILLED', 'KILLED', 'KILLED', 'SURVIVED', 'SURVIVED', 'SURVIVED', 'SURVIVED', 'SURVIVED']","['KILLED', 'KILLED', 'SURVIVED', 'KILLED', 'KILLED', 'KILLED', 'SURVIVED', 'SURVIVED', 'SURVIVED', 'SURVIVED', 'KILLED', 'KILLED', 'SURVIVED', 'KILLED', 'KILLED', 'KILLED', 'SURVIVED', 'KILLED', 'KILLED', 'SURVIVED', 'KILLED', 'SURVIVED', 'KILLED', 'SURVIVED', 'KILLED', 'SURVIVED', 'KILLED', 'KILLED']"
Csv_5,"['KILLED', 'KILLED', 'KILLED', 'KILLED', 'KILLED', 'KILLED', 'KILLED', 'KILLED', 'KILLED', 'KILLED', 'KILLED', 'KILLED', 'KILLED', 'KILLED', 'KILLED', 'KILLED', 'KILLED', 'KILLED', 'KILLED', 'KILLED', 'KILLED', 'KILLED', 'KILLED', 'KILLED', 'KILLED', 'KILLED', 'KILLED', 'SURVIVED']","['KILLED', 'KILLED', 'SURVIVED', 'KILLED', 'KILLED', 'SURVIVED', 'KILLED', 'KILLED', 'KILLED', 'KILLED', 'KILLED', 'SURVIVED', 'SURVIVED', 'SURVIVED', 'KILLED', 'KILLED', 'KILLED', 'SURVIVED', 'SURVIVED', 'SURVIVED', 'KILLED', 'KILLED', 'KILLED', 'KILLED', 'SURVIVED', 'KILLED', 'SURVIVED', 'SURVIVED']"
Csv_5,"['KILLED', 'KILLED', 'KILLED', 'KILLED', 'KILLED', 'KILLED', 'KILLED', 'KILLED', 'KILLED', 'KILLED', 'KILLED', 'KILLED', 'KILLED', 'KILLED', 'KILLED', 'KILLED', 'KILLED', 'KILLED', 'KILLED', 'KILLED', 'KILLED', 'KILLED', 'KILLED', 'KILLED', 'KILLED', 'KILLED', 'KILLED', 'SURVIVED']","['SURVIVED', 'KILLED', 'KILLED', 'KILLED', 'KILLED', 'KILLED', 'SURVIVED', 'KILLED', 'SURVIVED', 'KILLED', 'SURVIVED', 'KILLED', 'KILLED', 'KILLED', 'KILLED', 'SURVIVED', 'SURVIVED', 'KILLED', 'KILLED', 'KILLED', 'KILLED', 'SURVIVED', 'SURVIVED', 'KILLED', 'SURVIVED', 'SURVIVED', 'SURVIVED', 'SURVIVED']"
Csv_5,"['KILLED', 'KILLED', 'KILLED', 'KILLED', 'KILLED', 'KILLED', 'KILLED', 'KILLED', 'KILLED', 'KILLED', 'KILLED', 'KILLED', 'KILLED', 'KILLED', 'KILLED', 'KILLED', 'KILLED', 'KILLED', 'KILLED', 'KILLED', 'KILLED', 'KILLED', 'KILLED', 'KILLED', 'KILLED', 'KILLED', 'KILLED', 'SURVIVED']","['KILLED', 'KILLED', 'KILLED', 'KILLED', 'KILLED', 'KILLED', 'SURVIVED', 'KILLED', 'KILLED', 'KILLED', 'SURVIVED', 'SURVIVED', 'SURVIVED', 'KILLED', 'SURVIVED', 'KILLED', 'KILLED', 'SURVIVED', 'KILLED', 'KILLED', 'KILLED', 'SURVIVED', 'KILLED', 'SURVIVED', 'KILLED', 'KILLED', 'SURVIVED', 'SURVIVED']"
Csv_5,"['KILLED', 'KILLED', 'KILLED', 'KILLED', 'KILLED', 'KILLED', 'KILLED', 'KILLED', 'KILLED', 'KILLED', 'KILLED', 'KILLED', 'KILLED', 'KILLED', 'KILLED', 'KILLED', 'KILLED', 'KILLED', 'KILLED', 'KILLED', 'KILLED', 'KILLED', 'KILLED', 'KILLED', 'KILLED', 'KILLED', 'KILLED', 'SURVIVED']","['KILLED', 'SURVIVED', 'KILLED', 'KILLED', 'SURVIVED', 'KILLED', 'SURVIVED', 'SURVIVED', 'KILLED', 'SURVIVED', 'KILLED', 'SURVIVED', 'SURVIVED', 'KILLED', 'SURVIVED', 'KILLED', 'KILLED', 'KILLED', 'SURVIVED', 'KILLED', 'KILLED', 'SURVIVED', 'SURVIVED', 'SURVIVED', 'KILLED', 'SURVIVED', 'KILLED', 'SURVIVED']"
Csv_5,"['KILLED', 'KILLED', 'KILLED', 'KILLED', 'KILLED', 'KILLED', 'KILLED', 'KILLED', 'KILLED', 'KILLED', 'KILLED', 'KILLED', 'KILLED', 'KILLED', 'KILLED', 'KILLED', 'KILLED', 'KILLED', 'KILLED', 'KILLED', 'KILLED', 'KILLED', 'KILLED', 'KILLED', 'KILLED', 'SURVIVED', 'SURVIVED', 'SURVIVED']","['KILLED', 'KILLED', 'KILLED', 'KILLED', 'SURVIVED', 'SURVIVED', 'KILLED', 'SURVIVED', 'SURVIVED', 'SURVIVED', 'KILLED', 'SURVIVED', 'KILLED', 'KILLED', 'SURVIVED', 'SURVIVED', 'KILLED', 'KILLED', 'KILLED', 'SURVIVED', 'KILLED', 'KILLED', 'SURVIVED', 'KILLED', 'SURVIVED', 'SURVIVED', 'SURVIVED', 'KILLED']"
Csv_5,"['KILLED', 'KILLED', 'KILLED', 'KILLED', 'KILLED', 'KILLED', 'KILLED', 'KILLED', 'KILLED', 'KILLED', 'KILLED', 'KILLED', 'KILLED', 'KILLED', 'KILLED', 'KILLED', 'KILLED', 'KILLED', 'KILLED', 'KILLED', 'KILLED', 'KILLED', 'KILLED', 'KILLED', 'KILLED']","['SURVIVED', 'SURVIVED', 'KILLED', 'KILLED', 'KILLED', 'SURVIVED', 'KILLED', 'KILLED', 'SURVIVED', 'SURVIVED', 'KILLED', 'KILLED', 'KILLED', 'SURVIVED', 'SURVIVED', 'KILLED', 'SURVIVED', 'KILLED', 'SURVIVED', 'SURVIVED', 'KILLED', 'SURVIVED', 'KILLED', 'SURVIVED', 'SURVIVED']"
Csv_5,"['KILLED', 'KILLED', 'SURVIVED']","['KILLED', 'KILLED', 'SURVIVED']"
Csv_5,"['KILLED', 'SURVIVED', 'SURVIVED']","['SURVIVED', 'KILLED', 'SURVIVED']"
Csv_5,"['KILLED', 'KILLED']","['SURVIVED', 'SURVIVED']"
Csv_5,"['SURVIVED', 'SURVIVED']","['KILLED', 'KILLED']"
Csv_5,"['KILLED', 'KILLED']","['SURVIVED', 'KILLED']"
Csv_5,"['KILLED', 'KILLED', 'SURVIVED', 'SURVIVED', 'SURVIVED', 'SURVIVED', 'SURVIVED', 'SURVIVED', 'SURVIVED', 'SURVIVED', 'SURVIVED', 'SURVIVED', 'SURVIVED', 'SURVIVED', 'SURVIVED', 'SURVIVED', 'SURVIVED', 'SURVIVED', 'SURVIVED', 'SURVIVED', 'SURVIVED', 'SURVIVED', 'SURVIVED', 'SURVIVED', 'SURVIVED', 'SURVIVED']","['SURVIVED', 'KILLED', 'KILLED', 'SURVIVED', 'SURVIVED', 'SURVIVED', 'KILLED', 'SURVIVED', 'SURVIVED', 'KILLED', 'KILLED', 'KILLED', 'KILLED', 'SURVIVED', 'KILLED', 'KILLED', 'SURVIVED', 'KILLED', 'KILLED', 'SURVIVED', 'SURVIVED', 'SURVIVED', 'SURVIVED', 'SURVIVED', 'KILLED', 'KILLED']"
Csv_5,"['KILLED', 'KILLED', 'KILLED', 'KILLED', 'KILLED', 'KILLED', 'KILLED', 'KILLED', 'KILLED', 'KILLED', 'KILLED', 'KILLED', 'KILLED', 'KILLED', 'KILLED', 'KILLED', 'KILLED', 'KILLED', 'KILLED', 'KILLED', 'KILLED', 'KILLED', 'KILLED', 'KILLED', 'SURVIVED']","['SURVIVED', 'SURVIVED', 'SURVIVED', 'SURVIVED', 'KILLED', 'SURVIVED', 'SURVIVED', 'SURVIVED', 'SURVIVED', 'KILLED', 'KILLED', 'SURVIVED', 'KILLED', 'KILLED', 'SURVIVED', 'KILLED', 'SURVIVED', 'KILLED', 'KILLED', 'KILLED', 'SURVIVED', 'KILLED', 'KILLED', 'SURVIVED', 'KILLED']"
Csv_5,"['KILLED', 'KILLED', 'KILLED', 'KILLED']","['KILLED', 'KILLED', 'SURVIVED', 'SURVIVED']"
Csv_5,"['KILLED', 'KILLED', 'KILLED', 'KILLED', 'KILLED', 'KILLED', 'KILLED', 'KILLED', 'KILLED', 'KILLED', 'KILLED', 'KILLED', 'KILLED', 'KILLED', 'KILLED', 'KILLED', 'KILLED', 'KILLED', 'SURVIVED']","['KILLED', 'SURVIVED', 'SURVIVED', 'SURVIVED', 'SURVIVED', 'KILLED', 'SURVIVED', 'KILLED', 'KILLED', 'KILLED', 'KILLED', 'SURVIVED', 'SURVIVED', 'SURVIVED', 'SURVIVED', 'SURVIVED', 'SURVIVED', 'SURVIVED', 'SURVIVED']"
Csv_5,['KILLED'],['KILLED']
Csv_5,['KILLED'],['SURVIVED']
Csv_5,['KILLED'],['KILLED']
Csv_5,['KILLED'],['SURVIVED']
Csv_5,['KILLED'],['KILLED']
Csv_5,"['KILLED', 'SURVIVED', 'SURVIVED', 'SURVIVED', 'SURVIVED', 'SURVIVED', 'SURVIVED', 'SURVIVED', 'SURVIVED', 'SURVIVED', 'SURVIVED', 'SURVIVED', 'SURVIVED', 'SURVIVED', 'SURVIVED', 'SURVIVED', 'SURVIVED', 'SURVIVED', 'SURVIVED', 'SURVIVED', 'SURVIVED', 'SURVIVED', 'SURVIVED', 'SURVIVED', 'SURVIVED', 'SURVIVED', 'SURVIVED', 'SURVIVED', 'SURVIVED', 'SURVIVED', 'SURVIVED', 'SURVIVED', 'SURVIVED', 'SURVIVED', 'SURVIVED', 'SURVIVED', 'SURVIVED', 'SURVIVED', 'SURVIVED', 'SURVIVED']","['SURVIVED', 'SURVIVED', 'SURVIVED', 'KILLED', 'KILLED', 'SURVIVED', 'SURVIVED', 'SURVIVED', 'KILLED', 'KILLED', 'SURVIVED', 'KILLED', 'KILLED', 'KILLED', 'KILLED', 'KILLED', 'KILLED', 'KILLED', 'SURVIVED', 'KILLED', 'SURVIVED', 'SURVIVED', 'SURVIVED', 'KILLED', 'KILLED', 'KILLED', 'SURVIVED', 'SURVIVED', 'KILLED', 'SURVIVED', 'SURVIVED', 'KILLED', 'SURVIVED', 'KILLED', 'KILLED', 'SURVIVED', 'SURVIVED', 'KILLED', 'SURVIVED', 'SURVIVED']"
Csv_5,"['KILLED', 'SURVIVED', 'SURVIVED', 'SURVIVED', 'SURVIVED', 'SURVIVED', 'SURVIVED', 'SURVIVED', 'SURVIVED', 'SURVIVED', 'SURVIVED', 'SURVIVED', 'SURVIVED', 'SURVIVED', 'SURVIVED', 'SURVIVED', 'SURVIVED', 'SURVIVED', 'SURVIVED', 'SURVIVED', 'SURVIVED', 'SURVIVED', 'SURVIVED', 'SURVIVED', 'SURVIVED', 'SURVIVED', 'SURVIVED', 'SURVIVED', 'SURVIVED', 'SURVIVED', 'SURVIVED', 'SURVIVED', 'SURVIVED', 'SURVIVED', 'SURVIVED', 'SURVIVED', 'SURVIVED', 'SURVIVED', 'SURVIVED']","['KILLED', 'KILLED', 'SURVIVED', 'SURVIVED', 'SURVIVED', 'SURVIVED', 'KILLED', 'SURVIVED', 'SURVIVED', 'KILLED', 'SURVIVED', 'KILLED', 'KILLED', 'KILLED', 'SURVIVED', 'KILLED', 'SURVIVED', 'KILLED', 'SURVIVED', 'SURVIVED', 'KILLED', 'SURVIVED', 'KILLED', 'KILLED', 'KILLED', 'SURVIVED', 'KILLED', 'KILLED', 'KILLED', 'SURVIVED', 'KILLED', 'SURVIVED', 'KILLED', 'SURVIVED', 'SURVIVED', 'KILLED', 'SURVIVED', 'SURVIVED', 'KILLED']"
Csv_5,"['SURVIVED', 'SURVIVED', 'SURVIVED', 'SURVIVED', 'SURVIVED', 'SURVIVED', 'SURVIVED', 'SURVIVED', 'SURVIVED', 'SURVIVED', 'SURVIVED', 'SURVIVED', 'SURVIVED', 'SURVIVED', 'SURVIVED', 'SURVIVED', 'SURVIVED', 'SURVIVED', 'SURVIVED', 'SURVIVED', 'SURVIVED', 'SURVIVED', 'SURVIVED', 'SURVIVED', 'SURVIVED', 'SURVIVED', 'SURVIVED', 'SURVIVED', 'SURVIVED', 'SURVIVED', 'SURVIVED', 'SURVIVED', 'SURVIVED', 'SURVIVED', 'SURVIVED', 'SURVIVED', 'SURVIVED', 'SURVIVED']","['SURVIVED', 'SURVIVED', 'SURVIVED', 'SURVIVED', 'KILLED', 'SURVIVED', 'SURVIVED', 'SURVIVED', 'SURVIVED', 'SURVIVED', 'KILLED', 'KILLED', 'SURVIVED', 'SURVIVED', 'SURVIVED', 'SURVIVED', 'KILLED', 'SURVIVED', 'SURVIVED', 'KILLED', 'KILLED', 'KILLED', 'KILLED', 'SURVIVED', 'SURVIVED', 'SURVIVED', 'KILLED', 'SURVIVED', 'KILLED', 'KILLED', 'SURVIVED', 'SURVIVED', 'SURVIVED', 'KILLED', 'SURVIVED', 'KILLED', 'KILLED', 'KILLED']"
Csv_5,"['SURVIVED', 'SURVIVED', 'SURVIVED', 'SURVIVED', 'SURVIVED', 'SURVIVED', 'SURVIVED', 'SURVIVED', 'SURVIVED', 'SURVIVED', 'SURVIVED', 'SURVIVED', 'SURVIVED', 'SURVIVED', 'SURVIVED', 'SURVIVED', 'SURVIVED', 'SURVIVED', 'SURVIVED', 'SURVIVED', 'SURVIVED', 'SURVIVED', 'SURVIVED', 'SURVIVED', 'SURVIVED', 'SURVIVED', 'SURVIVED', 'SURVIVED', 'SURVIVED', 'SURVIVED', 'SURVIVED', 'SURVIVED', 'SURVIVED', 'SURVIVED', 'SURVIVED']","['SURVIVED', 'SURVIVED', 'SURVIVED', 'KILLED', 'SURVIVED', 'SURVIVED', 'SURVIVED', 'SURVIVED', 'KILLED', 'KILLED', 'KILLED', 'KILLED', 'SURVIVED', 'SURVIVED', 'SURVIVED', 'KILLED', 'SURVIVED', 'SURVIVED', 'KILLED', 'SURVIVED', 'KILLED', 'KILLED', 'KILLED', 'SURVIVED', 'SURVIVED', 'KILLED', 'SURVIVED', 'SURVIVED', 'SURVIVED', 'SURVIVED', 'SURVIVED', 'KILLED', 'SURVIVED', 'KILLED', 'SURVIVED']"
Csv_5,['SURVIVED'],['KILLED']
Csv_5,['KILLED'],['KILLED']
Csv_5,"['KILLED', 'SURVIVED']","['KILLED', 'SURVIVED']"
Csv_5,"['SURVIVED', 'SURVIVED']","['SURVIVED', 'KILLED']"
Csv_5,"['KILLED', 'KILLED']","['SURVIVED', 'KILLED']"
Csv_5,"['KILLED', 'KILLED']","['KILLED', 'SURVIVED']"
Csv_5,"['KILLED', 'KILLED']","['SURVIVED', 'SURVIVED']"
Csv_5,"['KILLED', 'KILLED', 'SURVIVED', 'SURVIVED', 'SURVIVED']","['SURVIVED', 'KILLED', 'SURVIVED', 'SURVIVED', 'KILLED']"
Csv_5,"['KILLED', 'SURVIVED']","['KILLED', 'KILLED']"
Csv_5,"['KILLED', 'KILLED']","['KILLED', 'KILLED']"
Csv_5,"['KILLED', 'SURVIVED']","['SURVIVED', 'SURVIVED']"
Csv_5,"['KILLED', 'SURVIVED']","['SURVIVED', 'SURVIVED']"
Csv_5,"['SURVIVED', 'SURVIVED']","['SURVIVED', 'KILLED']"
Csv_5,"['KILLED', 'SURVIVED']","['SURVIVED', 'KILLED']"
Csv_5,"['KILLED', 'KILLED']","['KILLED', 'KILLED']"
Csv_5,"['KILLED', 'KILLED', 'KILLED']","['SURVIVED', 'SURVIVED', 'SURVIVED']"
Csv_5,"['SURVIVED', 'SURVIVED', 'SURVIVED', 'SURVIVED', 'SURVIVED', 'SURVIVED', 'SURVIVED', 'SURVIVED', 'SURVIVED', 'SURVIVED', 'SURVIVED', 'SURVIVED', 'SURVIVED', 'SURVIVED', 'SURVIVED', 'SURVIVED', 'SURVIVED', 'SURVIVED', 'SURVIVED', 'SURVIVED', 'SURVIVED', 'SURVIVED', 'SURVIVED', 'SURVIVED', 'SURVIVED', 'SURVIVED', 'SURVIVED', 'SURVIVED', 'SURVIVED', 'SURVIVED', 'SURVIVED', 'SURVIVED', 'SURVIVED', 'SURVIVED', 'SURVIVED', 'SURVIVED', 'SURVIVED', 'SURVIVED', 'SURVIVED', 'SURVIVED', 'SURVIVED', 'SURVIVED', 'SURVIVED', 'SURVIVED', 'SURVIVED', 'SURVIVED', 'SURVIVED', 'SURVIVED', 'SURVIVED', 'SURVIVED', 'SURVIVED', 'SURVIVED']","['SURVIVED', 'SURVIVED', 'KILLED', 'KILLED', 'KILLED', 'KILLED', 'KILLED', 'KILLED', 'KILLED', 'SURVIVED', 'SURVIVED', 'KILLED', 'KILLED', 'KILLED', 'KILLED', 'SURVIVED', 'SURVIVED', 'SURVIVED', 'SURVIVED', 'KILLED', 'SURVIVED', 'SURVIVED', 'KILLED', 'SURVIVED', 'KILLED', 'KILLED', 'KILLED', 'KILLED', 'KILLED', 'KILLED', 'SURVIVED', 'KILLED', 'KILLED', 'KILLED', 'KILLED', 'SURVIVED', 'KILLED', 'KILLED', 'KILLED', 'SURVIVED', 'SURVIVED', 'KILLED', 'KILLED', 'KILLED', 'KILLED', 'KILLED', 'SURVIVED', 'KILLED', 'SURVIVED', 'KILLED', 'KILLED', 'SURVIVED']"
Csv_5,"['KILLED', 'SURVIVED', 'SURVIVED', 'SURVIVED', 'SURVIVED', 'SURVIVED', 'SURVIVED', 'SURVIVED', 'SURVIVED', 'SURVIVED', 'SURVIVED', 'SURVIVED', 'SURVIVED']","['KILLED', 'KILLED', 'KILLED', 'KILLED', 'KILLED', 'KILLED', 'SURVIVED', 'KILLED', 'KILLED', 'KILLED', 'SURVIVED', 'SURVIVED', 'SURVIVED']"
Csv_5,"['KILLED', 'KILLED', 'SURVIVED', 'SURVIVED', 'SURVIVED', 'SURVIVED', 'SURVIVED', 'SURVIVED']","['KILLED', 'KILLED', 'KILLED', 'KILLED', 'KILLED', 'KILLED', 'KILLED', 'SURVIVED']"
Csv_5,"['KILLED', 'KILLED', 'KILLED', 'SURVIVED', 'SURVIVED', 'SURVIVED', 'SURVIVED']","['KILLED', 'KILLED', 'KILLED', 'KILLED', 'SURVIVED', 'SURVIVED', 'KILLED']"
Csv_5,"['KILLED', 'KILLED', 'KILLED', 'KILLED', 'KILLED', 'KILLED', 'SURVIVED', 'SURVIVED', 'SURVIVED', 'SURVIVED', 'SURVIVED', 'SURVIVED', 'SURVIVED', 'SURVIVED', 'SURVIVED', 'SURVIVED', 'SURVIVED', 'SURVIVED', 'SURVIVED', 'SURVIVED', 'SURVIVED', 'SURVIVED', 'SURVIVED', 'SURVIVED', 'SURVIVED', 'SURVIVED', 'SURVIVED', 'SURVIVED', 'SURVIVED', 'SURVIVED']","['SURVIVED', 'KILLED', 'KILLED', 'SURVIVED', 'SURVIVED', 'SURVIVED', 'KILLED', 'KILLED', 'SURVIVED', 'KILLED', 'SURVIVED', 'KILLED', 'SURVIVED', 'KILLED', 'KILLED', 'SURVIVED', 'SURVIVED', 'SURVIVED', 'KILLED', 'KILLED', 'SURVIVED', 'SURVIVED', 'KILLED', 'SURVIVED', 'SURVIVED', 'SURVIVED', 'SURVIVED', 'SURVIVED', 'KILLED', 'SURVIVED']"
Csv_5,"['KILLED', 'KILLED', 'KILLED', 'KILLED', 'KILLED', 'KILLED', 'KILLED', 'KILLED', 'KILLED', 'KILLED', 'KILLED', 'KILLED', 'KILLED', 'KILLED', 'KILLED', 'KILLED', 'KILLED', 'KILLED', 'KILLED', 'KILLED', 'KILLED', 'KILLED', 'KILLED', 'KILLED', 'KILLED', 'KILLED', 'KILLED', 'KILLED', 'KILLED', 'KILLED']","['SURVIVED', 'SURVIVED', 'KILLED', 'KILLED', 'SURVIVED', 'SURVIVED', 'KILLED', 'KILLED', 'SURVIVED', 'KILLED', 'SURVIVED', 'SURVIVED', 'KILLED', 'KILLED', 'KILLED', 'SURVIVED', 'SURVIVED', 'KILLED', 'KILLED', 'KILLED', 'SURVIVED', 'KILLED', 'SURVIVED', 'KILLED', 'SURVIVED', 'KILLED', 'KILLED', 'SURVIVED', 'SURVIVED', 'SURVIVED']"
Csv_5,"['KILLED', 'KILLED', 'KILLED', 'KILLED', 'KILLED', 'KILLED', 'KILLED', 'KILLED', 'KILLED', 'KILLED', 'KILLED', 'KILLED', 'KILLED', 'KILLED', 'KILLED', 'KILLED', 'KILLED', 'KILLED', 'KILLED', 'KILLED', 'KILLED', 'KILLED', 'KILLED', 'KILLED', 'KILLED', 'KILLED', 'KILLED', 'KILLED', 'KILLED', 'KILLED']","['SURVIVED', 'SURVIVED', 'SURVIVED', 'SURVIVED', 'SURVIVED', 'SURVIVED', 'SURVIVED', 'KILLED', 'SURVIVED', 'KILLED', 'KILLED', 'SURVIVED', 'SURVIVED', 'SURVIVED', 'KILLED', 'KILLED', 'KILLED', 'KILLED', 'KILLED', 'KILLED', 'SURVIVED', 'KILLED', 'KILLED', 'SURVIVED', 'SURVIVED', 'KILLED', 'SURVIVED', 'KILLED', 'KILLED', 'SURVIVED']"
Csv_5,"['KILLED', 'KILLED', 'KILLED', 'KILLED', 'KILLED', 'KILLED', 'KILLED', 'KILLED', 'KILLED', 'KILLED', 'KILLED', 'KILLED', 'KILLED', 'KILLED', 'KILLED', 'KILLED', 'KILLED', 'KILLED', 'KILLED', 'KILLED', 'KILLED', 'KILLED', 'KILLED', 'KILLED', 'SURVIVED', 'SURVIVED', 'SURVIVED', 'SURVIVED', 'SURVIVED', 'SURVIVED']","['SURVIVED', 'KILLED', 'SURVIVED', 'SURVIVED', 'SURVIVED', 'SURVIVED', 'SURVIVED', 'KILLED', 'KILLED', 'SURVIVED', 'KILLED', 'SURVIVED', 'SURVIVED', 'SURVIVED', 'SURVIVED', 'SURVIVED', 'SURVIVED', 'KILLED', 'KILLED', 'KILLED', 'SURVIVED', 'KILLED', 'SURVIVED', 'SURVIVED', 'KILLED', 'SURVIVED', 'SURVIVED', 'SURVIVED', 'KILLED', 'SURVIVED']"
Csv_5,"['SURVIVED', 'SURVIVED', 'SURVIVED', 'SURVIVED', 'SURVIVED', 'SURVIVED', 'SURVIVED', 'SURVIVED', 'SURVIVED', 'SURVIVED', 'SURVIVED', 'SURVIVED', 'SURVIVED', 'SURVIVED', 'SURVIVED', 'SURVIVED', 'SURVIVED', 'SURVIVED', 'SURVIVED', 'SURVIVED']","['SURVIVED', 'SURVIVED', 'KILLED', 'KILLED', 'SURVIVED', 'SURVIVED', 'SURVIVED', 'SURVIVED', 'SURVIVED', 'SURVIVED', 'SURVIVED', 'KILLED', 'KILLED', 'KILLED', 'KILLED', 'SURVIVED', 'SURVIVED', 'KILLED', 'SURVIVED', 'SURVIVED']"
Csv_5,"['KILLED', 'KILLED', 'KILLED', 'KILLED', 'KILLED', 'SURVIVED', 'SURVIVED', 'SURVIVED', 'SURVIVED', 'SURVIVED', 'SURVIVED', 'SURVIVED', 'SURVIVED', 'SURVIVED', 'SURVIVED', 'SURVIVED', 'SURVIVED', 'SURVIVED', 'SURVIVED', 'SURVIVED']","['KILLED', 'SURVIVED', 'SURVIVED', 'SURVIVED', 'SURVIVED', 'SURVIVED', 'KILLED', 'KILLED', 'KILLED', 'KILLED', 'SURVIVED', 'KILLED', 'KILLED', 'SURVIVED', 'KILLED', 'SURVIVED', 'KILLED', 'KILLED', 'SURVIVED', 'KILLED']"
Csv_5,"['KILLED', 'KILLED', 'SURVIVED', 'SURVIVED', 'SURVIVED', 'SURVIVED', 'SURVIVED', 'SURVIVED', 'SURVIVED', 'SURVIVED', 'SURVIVED', 'SURVIVED', 'SURVIVED', 'SURVIVED', 'SURVIVED', 'SURVIVED', 'SURVIVED', 'SURVIVED', 'SURVIVED', 'SURVIVED']","['SURVIVED', 'SURVIVED', 'SURVIVED', 'SURVIVED', 'KILLED', 'SURVIVED', 'KILLED', 'SURVIVED', 'SURVIVED', 'SURVIVED', 'SURVIVED', 'KILLED', 'SURVIVED', 'KILLED', 'KILLED', 'SURVIVED', 'SURVIVED', 'SURVIVED', 'KILLED', 'SURVIVED']"
Csv_5,"['KILLED', 'SURVIVED', 'SURVIVED', 'SURVIVED', 'SURVIVED', 'SURVIVED', 'SURVIVED', 'SURVIVED', 'SURVIVED', 'SURVIVED', 'SURVIVED', 'SURVIVED', 'SURVIVED', 'SURVIVED', 'SURVIVED', 'SURVIVED', 'SURVIVED', 'SURVIVED', 'SURVIVED', 'SURVIVED']","['SURVIVED', 'SURVIVED', 'KILLED', 'SURVIVED', 'KILLED', 'KILLED', 'SURVIVED', 'SURVIVED', 'KILLED', 'SURVIVED', 'SURVIVED', 'KILLED', 'KILLED', 'KILLED', 'SURVIVED', 'SURVIVED', 'KILLED', 'SURVIVED', 'SURVIVED', 'KILLED']"
Csv_5,"['SURVIVED', 'SURVIVED', 'SURVIVED', 'SURVIVED', 'SURVIVED', 'SURVIVED', 'SURVIVED', 'SURVIVED', 'SURVIVED', 'SURVIVED', 'SURVIVED', 'SURVIVED', 'SURVIVED', 'SURVIVED', 'SURVIVED', 'SURVIVED', 'SURVIVED', 'SURVIVED', 'SURVIVED', 'SURVIVED']","['SURVIVED', 'KILLED', 'SURVIVED', 'SURVIVED', 'SURVIVED', 'SURVIVED', 'KILLED', 'SURVIVED', 'SURVIVED', 'SURVIVED', 'SURVIVED', 'KILLED', 'KILLED', 'KILLED', 'SURVIVED', 'KILLED', 'SURVIVED', 'SURVIVED', 'SURVIVED', 'KILLED']"
Csv_5,"['KILLED', 'KILLED', 'KILLED', 'KILLED', 'KILLED', 'KILLED', 'KILLED', 'SURVIVED', 'SURVIVED', 'SURVIVED', 'SURVIVED', 'SURVIVED', 'SURVIVED', 'SURVIVED', 'SURVIVED', 'SURVIVED', 'SURVIVED', 'SURVIVED', 'SURVIVED', 'SURVIVED']","['KILLED', 'SURVIVED', 'SURVIVED', 'KILLED', 'KILLED', 'KILLED', 'SURVIVED', 'SURVIVED', 'SURVIVED', 'SURVIVED', 'KILLED', 'KILLED', 'SURVIVED', 'SURVIVED', 'SURVIVED', 'KILLED', 'SURVIVED', 'KILLED', 'SURVIVED', 'KILLED']"
Csv_5,"['KILLED', 'KILLED', 'KILLED', 'KILLED', 'KILLED', 'KILLED', 'SURVIVED', 'SURVIVED', 'SURVIVED', 'SURVIVED', 'SURVIVED', 'SURVIVED', 'SURVIVED', 'SURVIVED', 'SURVIVED', 'SURVIVED', 'SURVIVED', 'SURVIVED', 'SURVIVED', 'SURVIVED']","['KILLED', 'KILLED', 'KILLED', 'KILLED', 'KILLED', 'SURVIVED', 'SURVIVED', 'SURVIVED', 'SURVIVED', 'SURVIVED', 'KILLED', 'KILLED', 'KILLED', 'SURVIVED', 'KILLED', 'KILLED', 'SURVIVED', 'SURVIVED', 'KILLED', 'KILLED']"
Csv_5,"['KILLED', 'SURVIVED', 'SURVIVED', 'SURVIVED', 'SURVIVED', 'SURVIVED', 'SURVIVED', 'SURVIVED', 'SURVIVED', 'SURVIVED', 'SURVIVED', 'SURVIVED', 'SURVIVED', 'SURVIVED', 'SURVIVED', 'SURVIVED', 'SURVIVED', 'SURVIVED', 'SURVIVED', 'SURVIVED']","['SURVIVED', 'KILLED', 'KILLED', 'KILLED', 'SURVIVED', 'SURVIVED', 'KILLED', 'SURVIVED', 'SURVIVED', 'KILLED', 'SURVIVED', 'KILLED', 'KILLED', 'KILLED', 'KILLED', 'SURVIVED', 'SURVIVED', 'KILLED', 'KILLED', 'KILLED']"
Csv_5,"['SURVIVED', 'SURVIVED', 'SURVIVED', 'SURVIVED', 'SURVIVED', 'SURVIVED', 'SURVIVED', 'SURVIVED', 'SURVIVED', 'SURVIVED', 'SURVIVED', 'SURVIVED', 'SURVIVED', 'SURVIVED', 'SURVIVED', 'SURVIVED', 'SURVIVED', 'SURVIVED', 'SURVIVED', 'SURVIVED']","['SURVIVED', 'SURVIVED', 'SURVIVED', 'KILLED', 'SURVIVED', 'KILLED', 'KILLED', 'KILLED', 'KILLED', 'KILLED', 'SURVIVED', 'SURVIVED', 'SURVIVED', 'SURVIVED', 'KILLED', 'SURVIVED', 'SURVIVED', 'KILLED', 'SURVIVED', 'SURVIVED']"
Csv_5,"['KILLED', 'KILLED', 'KILLED', 'KILLED', 'KILLED', 'KILLED', 'KILLED', 'SURVIVED', 'SURVIVED', 'SURVIVED', 'SURVIVED', 'SURVIVED', 'SURVIVED', 'SURVIVED', 'SURVIVED', 'SURVIVED', 'SURVIVED', 'SURVIVED', 'SURVIVED', 'SURVIVED']","['SURVIVED', 'KILLED', 'SURVIVED', 'KILLED', 'SURVIVED', 'SURVIVED', 'SURVIVED', 'SURVIVED', 'KILLED', 'KILLED', 'KILLED', 'KILLED', 'SURVIVED', 'SURVIVED', 'SURVIVED', 'SURVIVED', 'KILLED', 'KILLED', 'SURVIVED', 'SURVIVED']"
Csv_5,"['KILLED', 'KILLED', 'KILLED', 'KILLED', 'KILLED', 'KILLED', 'KILLED', 'SURVIVED', 'SURVIVED', 'SURVIVED', 'SURVIVED', 'SURVIVED', 'SURVIVED', 'SURVIVED', 'SURVIVED', 'SURVIVED', 'SURVIVED', 'SURVIVED', 'SURVIVED', 'SURVIVED']","['KILLED', 'SURVIVED', 'SURVIVED', 'SURVIVED', 'KILLED', 'KILLED', 'SURVIVED', 'KILLED', 'KILLED', 'SURVIVED', 'SURVIVED', 'SURVIVED', 'KILLED', 'SURVIVED', 'KILLED', 'SURVIVED', 'SURVIVED', 'SURVIVED', 'SURVIVED', 'SURVIVED']"
Csv_5,"['KILLED', 'SURVIVED', 'SURVIVED', 'SURVIVED', 'SURVIVED', 'SURVIVED', 'SURVIVED', 'SURVIVED', 'SURVIVED', 'SURVIVED', 'SURVIVED', 'SURVIVED', 'SURVIVED', 'SURVIVED', 'SURVIVED', 'SURVIVED', 'SURVIVED', 'SURVIVED', 'SURVIVED', 'SURVIVED']","['KILLED', 'KILLED', 'SURVIVED', 'KILLED', 'SURVIVED', 'SURVIVED', 'SURVIVED', 'SURVIVED', 'KILLED', 'KILLED', 'KILLED', 'SURVIVED', 'KILLED', 'KILLED', 'SURVIVED', 'KILLED', 'SURVIVED', 'SURVIVED', 'KILLED', 'KILLED']"
Csv_5,"['SURVIVED', 'SURVIVED', 'SURVIVED', 'SURVIVED', 'SURVIVED', 'SURVIVED', 'SURVIVED', 'SURVIVED', 'SURVIVED', 'SURVIVED', 'SURVIVED', 'SURVIVED', 'SURVIVED', 'SURVIVED', 'SURVIVED', 'SURVIVED', 'SURVIVED', 'SURVIVED', 'SURVIVED', 'SURVIVED']","['KILLED', 'KILLED', 'KILLED', 'SURVIVED', 'SURVIVED', 'SURVIVED', 'SURVIVED', 'KILLED', 'SURVIVED', 'KILLED', 'SURVIVED', 'SURVIVED', 'KILLED', 'KILLED', 'SURVIVED', 'SURVIVED', 'KILLED', 'SURVIVED', 'SURVIVED', 'KILLED']"
Csv_5,"['KILLED', 'SURVIVED', 'SURVIVED', 'SURVIVED', 'SURVIVED', 'SURVIVED', 'SURVIVED', 'SURVIVED', 'SURVIVED', 'SURVIVED', 'SURVIVED', 'SURVIVED', 'SURVIVED', 'SURVIVED', 'SURVIVED', 'SURVIVED', 'SURVIVED', 'SURVIVED', 'SURVIVED', 'SURVIVED']","['KILLED', 'KILLED', 'KILLED', 'KILLED', 'SURVIVED', 'KILLED', 'SURVIVED', 'KILLED', 'KILLED', 'SURVIVED', 'SURVIVED', 'SURVIVED', 'KILLED', 'KILLED', 'SURVIVED', 'KILLED', 'KILLED', 'KILLED', 'SURVIVED', 'SURVIVED']"
Csv_5,"['KILLED', 'KILLED', 'SURVIVED', 'SURVIVED', 'SURVIVED', 'SURVIVED', 'SURVIVED', 'SURVIVED', 'SURVIVED', 'SURVIVED', 'SURVIVED', 'SURVIVED', 'SURVIVED', 'SURVIVED', 'SURVIVED', 'SURVIVED', 'SURVIVED', 'SURVIVED', 'SURVIVED', 'SURVIVED']","['SURVIVED', 'KILLED', 'KILLED', 'KILLED', 'KILLED', 'SURVIVED', 'SURVIVED', 'SURVIVED', 'SURVIVED', 'KILLED', 'SURVIVED', 'KILLED', 'KILLED', 'SURVIVED', 'KILLED', 'SURVIVED', 'KILLED', 'SURVIVED', 'KILLED', 'KILLED']"
Csv_5,"['SURVIVED', 'SURVIVED', 'SURVIVED', 'SURVIVED', 'SURVIVED', 'SURVIVED', 'SURVIVED', 'SURVIVED', 'SURVIVED', 'SURVIVED', 'SURVIVED', 'SURVIVED', 'SURVIVED', 'SURVIVED', 'SURVIVED', 'SURVIVED', 'SURVIVED', 'SURVIVED', 'SURVIVED', 'SURVIVED']","['SURVIVED', 'SURVIVED', 'KILLED', 'SURVIVED', 'KILLED', 'SURVIVED', 'SURVIVED', 'KILLED', 'KILLED', 'SURVIVED', 'KILLED', 'SURVIVED', 'SURVIVED', 'KILLED', 'SURVIVED', 'SURVIVED', 'SURVIVED', 'KILLED', 'KILLED', 'KILLED']"
Csv_5,"['KILLED', 'SURVIVED', 'SURVIVED', 'SURVIVED', 'SURVIVED', 'SURVIVED', 'SURVIVED', 'SURVIVED', 'SURVIVED', 'SURVIVED', 'SURVIVED', 'SURVIVED', 'SURVIVED', 'SURVIVED', 'SURVIVED', 'SURVIVED', 'SURVIVED', 'SURVIVED', 'SURVIVED', 'SURVIVED']","['KILLED', 'SURVIVED', 'KILLED', 'SURVIVED', 'SURVIVED', 'KILLED', 'KILLED', 'SURVIVED', 'SURVIVED', 'SURVIVED', 'SURVIVED', 'SURVIVED', 'KILLED', 'KILLED', 'KILLED', 'SURVIVED', 'KILLED', 'SURVIVED', 'SURVIVED', 'SURVIVED']"
Csv_5,"['KILLED', 'KILLED', 'KILLED', 'KILLED', 'KILLED', 'SURVIVED', 'SURVIVED', 'SURVIVED', 'SURVIVED', 'SURVIVED', 'SURVIVED', 'SURVIVED', 'SURVIVED', 'SURVIVED', 'SURVIVED', 'SURVIVED', 'SURVIVED', 'SURVIVED', 'SURVIVED', 'SURVIVED']","['KILLED', 'KILLED', 'SURVIVED', 'SURVIVED', 'KILLED', 'SURVIVED', 'KILLED', 'SURVIVED', 'KILLED', 'KILLED', 'SURVIVED', 'SURVIVED', 'SURVIVED', 'SURVIVED', 'SURVIVED', 'SURVIVED', 'SURVIVED', 'SURVIVED', 'SURVIVED', 'KILLED']"
Csv_5,"['SURVIVED', 'SURVIVED', 'SURVIVED', 'SURVIVED', 'SURVIVED', 'SURVIVED', 'SURVIVED', 'SURVIVED', 'SURVIVED', 'SURVIVED', 'SURVIVED', 'SURVIVED', 'SURVIVED', 'SURVIVED', 'SURVIVED', 'SURVIVED', 'SURVIVED', 'SURVIVED', 'SURVIVED', 'SURVIVED']","['SURVIVED', 'SURVIVED', 'KILLED', 'SURVIVED', 'KILLED', 'KILLED', 'KILLED', 'KILLED', 'KILLED', 'KILLED', 'KILLED', 'SURVIVED', 'SURVIVED', 'KILLED', 'SURVIVED', 'SURVIVED', 'KILLED', 'SURVIVED', 'KILLED', 'SURVIVED']"
Csv_5,"['KILLED', 'SURVIVED', 'SURVIVED', 'SURVIVED', 'SURVIVED', 'SURVIVED', 'SURVIVED', 'SURVIVED', 'SURVIVED', 'SURVIVED', 'SURVIVED', 'SURVIVED', 'SURVIVED', 'SURVIVED', 'SURVIVED', 'SURVIVED', 'SURVIVED', 'SURVIVED', 'SURVIVED', 'SURVIVED']","['SURVIVED', 'SURVIVED', 'SURVIVED', 'SURVIVED', 'KILLED', 'KILLED', 'KILLED', 'SURVIVED', 'KILLED', 'KILLED', 'SURVIVED', 'KILLED', 'KILLED', 'SURVIVED', 'KILLED', 'KILLED', 'KILLED', 'SURVIVED', 'KILLED', 'KILLED']"
Csv_5,"['KILLED', 'KILLED', 'KILLED', 'KILLED', 'KILLED', 'KILLED', 'KILLED', 'SURVIVED', 'SURVIVED', 'SURVIVED', 'SURVIVED', 'SURVIVED', 'SURVIVED', 'SURVIVED', 'SURVIVED', 'SURVIVED', 'SURVIVED', 'SURVIVED', 'SURVIVED', 'SURVIVED']","['SURVIVED', 'KILLED', 'SURVIVED', 'KILLED', 'SURVIVED', 'KILLED', 'SURVIVED', 'SURVIVED', 'KILLED', 'SURVIVED', 'KILLED', 'KILLED', 'KILLED', 'SURVIVED', 'SURVIVED', 'SURVIVED', 'SURVIVED', 'KILLED', 'SURVIVED', 'KILLED']"
Csv_5,"['SURVIVED', 'SURVIVED', 'SURVIVED', 'SURVIVED', 'SURVIVED', 'SURVIVED', 'SURVIVED', 'SURVIVED', 'SURVIVED', 'SURVIVED', 'SURVIVED', 'SURVIVED', 'SURVIVED', 'SURVIVED', 'SURVIVED', 'SURVIVED', 'SURVIVED', 'SURVIVED', 'SURVIVED', 'SURVIVED']","['SURVIVED', 'SURVIVED', 'KILLED', 'KILLED', 'KILLED', 'SURVIVED', 'SURVIVED', 'KILLED', 'KILLED', 'SURVIVED', 'KILLED', 'SURVIVED', 'SURVIVED', 'KILLED', 'KILLED', 'SURVIVED', 'KILLED', 'KILLED', 'KILLED', 'KILLED']"
Csv_5,"['KILLED', 'SURVIVED', 'SURVIVED', 'SURVIVED', 'SURVIVED', 'SURVIVED', 'SURVIVED', 'SURVIVED', 'SURVIVED', 'SURVIVED', 'SURVIVED', 'SURVIVED', 'SURVIVED', 'SURVIVED', 'SURVIVED', 'SURVIVED', 'SURVIVED', 'SURVIVED', 'SURVIVED', 'SURVIVED']","['SURVIVED', 'SURVIVED', 'SURVIVED', 'KILLED', 'KILLED', 'SURVIVED', 'SURVIVED', 'SURVIVED', 'SURVIVED', 'KILLED', 'SURVIVED', 'KILLED', 'SURVIVED', 'KILLED', 'SURVIVED', 'SURVIVED', 'SURVIVED', 'SURVIVED', 'SURVIVED', 'SURVIVED']"
Csv_5,"['KILLED', 'KILLED', 'KILLED', 'KILLED', 'KILLED', 'KILLED', 'KILLED', 'SURVIVED', 'SURVIVED', 'SURVIVED', 'SURVIVED', 'SURVIVED', 'SURVIVED', 'SURVIVED', 'SURVIVED', 'SURVIVED', 'SURVIVED', 'SURVIVED', 'SURVIVED', 'SURVIVED']","['KILLED', 'SURVIVED', 'SURVIVED', 'KILLED', 'SURVIVED', 'SURVIVED', 'KILLED', 'KILLED', 'SURVIVED', 'SURVIVED', 'KILLED', 'KILLED', 'SURVIVED', 'KILLED', 'SURVIVED', 'SURVIVED', 'SURVIVED', 'KILLED', 'SURVIVED', 'SURVIVED']"
Csv_5,['KILLED'],['KILLED']
Csv_5,['KILLED'],['KILLED']
Csv_5,['SURVIVED'],['SURVIVED']
Csv_5,['SURVIVED'],['KILLED']
Csv_5,"['KILLED', 'KILLED', 'KILLED', 'SURVIVED', 'SURVIVED', 'SURVIVED', 'SURVIVED', 'SURVIVED', 'SURVIVED', 'SURVIVED', 'SURVIVED', 'SURVIVED', 'SURVIVED', 'SURVIVED', 'SURVIVED', 'SURVIVED', 'SURVIVED', 'SURVIVED', 'SURVIVED', 'SURVIVED', 'SURVIVED', 'SURVIVED', 'SURVIVED', 'SURVIVED', 'SURVIVED', 'SURVIVED', 'SURVIVED', 'SURVIVED', 'SURVIVED', 'SURVIVED', 'SURVIVED', 'SURVIVED', 'SURVIVED', 'SURVIVED', 'SURVIVED', 'SURVIVED', 'SURVIVED', 'SURVIVED', 'SURVIVED', 'SURVIVED', 'SURVIVED', 'SURVIVED', 'SURVIVED', 'SURVIVED', 'SURVIVED', 'SURVIVED', 'SURVIVED', 'SURVIVED', 'SURVIVED', 'SURVIVED', 'SURVIVED', 'SURVIVED', 'SURVIVED', 'SURVIVED', 'SURVIVED', 'SURVIVED', 'SURVIVED', 'SURVIVED', 'SURVIVED', 'SURVIVED', 'SURVIVED', 'SURVIVED', 'SURVIVED', 'SURVIVED', 'SURVIVED', 'SURVIVED', 'SURVIVED', 'SURVIVED', 'SURVIVED']","['SURVIVED', 'SURVIVED', 'KILLED', 'KILLED', 'KILLED', 'KILLED', 'SURVIVED', 'SURVIVED', 'KILLED', 'SURVIVED', 'SURVIVED', 'SURVIVED', 'SURVIVED', 'KILLED', 'KILLED', 'KILLED', 'SURVIVED', 'KILLED', 'KILLED', 'SURVIVED', 'KILLED', 'KILLED', 'SURVIVED', 'SURVIVED', 'SURVIVED', 'SURVIVED', 'SURVIVED', 'SURVIVED', 'SURVIVED', 'KILLED', 'KILLED', 'KILLED', 'KILLED', 'SURVIVED', 'KILLED', 'SURVIVED', 'KILLED', 'KILLED', 'SURVIVED', 'KILLED', 'KILLED', 'KILLED', 'SURVIVED', 'SURVIVED', 'SURVIVED', 'SURVIVED', 'SURVIVED', 'SURVIVED', 'SURVIVED', 'SURVIVED', 'KILLED', 'KILLED', 'KILLED', 'KILLED', 'KILLED', 'KILLED', 'KILLED', 'KILLED', 'KILLED', 'KILLED', 'SURVIVED', 'KILLED', 'KILLED', 'SURVIVED', 'KILLED', 'KILLED', 'SURVIVED', 'SURVIVED', 'KILLED']"
Csv_5,"['KILLED', 'KILLED', 'KILLED', 'SURVIVED', 'SURVIVED', 'SURVIVED', 'SURVIVED', 'SURVIVED', 'SURVIVED', 'SURVIVED', 'SURVIVED', 'SURVIVED', 'SURVIVED', 'SURVIVED', 'SURVIVED', 'SURVIVED', 'SURVIVED', 'SURVIVED', 'SURVIVED', 'SURVIVED', 'SURVIVED', 'SURVIVED', 'SURVIVED', 'SURVIVED', 'SURVIVED', 'SURVIVED', 'SURVIVED', 'SURVIVED', 'SURVIVED', 'SURVIVED', 'SURVIVED', 'SURVIVED', 'SURVIVED', 'SURVIVED', 'SURVIVED', 'SURVIVED', 'SURVIVED', 'SURVIVED', 'SURVIVED', 'SURVIVED', 'SURVIVED', 'SURVIVED', 'SURVIVED', 'SURVIVED', 'SURVIVED', 'SURVIVED', 'SURVIVED', 'SURVIVED', 'SURVIVED', 'SURVIVED', 'SURVIVED', 'SURVIVED', 'SURVIVED', 'SURVIVED', 'SURVIVED', 'SURVIVED', 'SURVIVED', 'SURVIVED', 'SURVIVED', 'SURVIVED', 'SURVIVED', 'SURVIVED', 'SURVIVED', 'SURVIVED', 'SURVIVED', 'SURVIVED', 'SURVIVED', 'SURVIVED', 'SURVIVED']","['SURVIVED', 'SURVIVED', 'KILLED', 'KILLED', 'KILLED', 'KILLED', 'SURVIVED', 'SURVIVED', 'SURVIVED', 'KILLED', 'SURVIVED', 'KILLED', 'KILLED', 'SURVIVED', 'SURVIVED', 'KILLED', 'SURVIVED', 'KILLED', 'KILLED', 'SURVIVED', 'SURVIVED', 'SURVIVED', 'SURVIVED', 'KILLED', 'SURVIVED', 'SURVIVED', 'SURVIVED', 'SURVIVED', 'KILLED', 'KILLED', 'KILLED', 'SURVIVED', 'SURVIVED', 'KILLED', 'SURVIVED', 'SURVIVED', 'SURVIVED', 'KILLED', 'SURVIVED', 'SURVIVED', 'SURVIVED', 'SURVIVED', 'KILLED', 'KILLED', 'SURVIVED', 'KILLED', 'SURVIVED', 'SURVIVED', 'SURVIVED', 'KILLED', 'KILLED', 'SURVIVED', 'SURVIVED', 'KILLED', 'SURVIVED', 'SURVIVED', 'SURVIVED', 'SURVIVED', 'SURVIVED', 'KILLED', 'KILLED', 'SURVIVED', 'KILLED', 'SURVIVED', 'KILLED', 'KILLED', 'KILLED', 'KILLED', 'SURVIVED']"
Csv_5,"['KILLED', 'KILLED', 'KILLED', 'SURVIVED', 'SURVIVED', 'SURVIVED', 'SURVIVED', 'SURVIVED', 'SURVIVED', 'SURVIVED', 'SURVIVED', 'SURVIVED', 'SURVIVED', 'SURVIVED', 'SURVIVED', 'SURVIVED', 'SURVIVED', 'SURVIVED', 'SURVIVED', 'SURVIVED', 'SURVIVED', 'SURVIVED', 'SURVIVED', 'SURVIVED', 'SURVIVED', 'SURVIVED', 'SURVIVED', 'SURVIVED', 'SURVIVED', 'SURVIVED', 'SURVIVED', 'SURVIVED', 'SURVIVED', 'SURVIVED', 'SURVIVED', 'SURVIVED', 'SURVIVED', 'SURVIVED', 'SURVIVED', 'SURVIVED', 'SURVIVED', 'SURVIVED', 'SURVIVED', 'SURVIVED', 'SURVIVED', 'SURVIVED', 'SURVIVED', 'SURVIVED', 'SURVIVED', 'SURVIVED', 'SURVIVED', 'SURVIVED', 'SURVIVED', 'SURVIVED', 'SURVIVED', 'SURVIVED', 'SURVIVED', 'SURVIVED', 'SURVIVED', 'SURVIVED', 'SURVIVED', 'SURVIVED', 'SURVIVED', 'SURVIVED', 'SURVIVED', 'SURVIVED', 'SURVIVED', 'SURVIVED', 'SURVIVED']","['KILLED', 'SURVIVED', 'SURVIVED', 'SURVIVED', 'KILLED', 'KILLED', 'KILLED', 'KILLED', 'SURVIVED', 'SURVIVED', 'SURVIVED', 'KILLED', 'KILLED', 'KILLED', 'KILLED', 'SURVIVED', 'SURVIVED', 'KILLED', 'KILLED', 'KILLED', 'KILLED', 'SURVIVED', 'SURVIVED', 'SURVIVED', 'SURVIVED', 'KILLED', 'SURVIVED', 'KILLED', 'KILLED', 'KILLED', 'SURVIVED', 'SURVIVED', 'KILLED', 'KILLED', 'KILLED', 'KILLED', 'KILLED', 'KILLED', 'KILLED', 'KILLED', 'SURVIVED', 'KILLED', 'SURVIVED', 'SURVIVED', 'SURVIVED', 'KILLED', 'KILLED', 'SURVIVED', 'SURVIVED', 'KILLED', 'KILLED', 'KILLED', 'SURVIVED', 'SURVIVED', 'KILLED', 'KILLED', 'SURVIVED', 'SURVIVED', 'SURVIVED', 'KILLED', 'KILLED', 'SURVIVED', 'SURVIVED', 'SURVIVED', 'SURVIVED', 'KILLED', 'KILLED', 'SURVIVED', 'KILLED']"
Csv_5,"['KILLED', 'KILLED', 'KILLED', 'KILLED', 'KILLED', 'KILLED', 'KILLED', 'SURVIVED', 'SURVIVED', 'SURVIVED', 'SURVIVED', 'SURVIVED', 'SURVIVED', 'SURVIVED', 'SURVIVED', 'SURVIVED', 'SURVIVED', 'SURVIVED', 'SURVIVED', 'SURVIVED', 'SURVIVED', 'SURVIVED', 'SURVIVED', 'SURVIVED', 'SURVIVED', 'SURVIVED', 'SURVIVED', 'SURVIVED', 'SURVIVED', 'SURVIVED', 'SURVIVED', 'SURVIVED', 'SURVIVED', 'SURVIVED', 'SURVIVED', 'SURVIVED', 'SURVIVED', 'SURVIVED', 'SURVIVED', 'SURVIVED', 'SURVIVED', 'SURVIVED', 'SURVIVED', 'SURVIVED', 'SURVIVED', 'SURVIVED', 'SURVIVED', 'SURVIVED', 'SURVIVED', 'SURVIVED', 'SURVIVED', 'SURVIVED', 'SURVIVED', 'SURVIVED', 'SURVIVED', 'SURVIVED', 'SURVIVED', 'SURVIVED', 'SURVIVED', 'SURVIVED', 'SURVIVED', 'SURVIVED', 'SURVIVED', 'SURVIVED', 'SURVIVED', 'SURVIVED', 'SURVIVED', 'SURVIVED', 'SURVIVED']","['KILLED', 'SURVIVED', 'SURVIVED', 'SURVIVED', 'SURVIVED', 'SURVIVED', 'KILLED', 'SURVIVED', 'KILLED', 'KILLED', 'KILLED', 'KILLED', 'SURVIVED', 'SURVIVED', 'SURVIVED', 'KILLED', 'SURVIVED', 'KILLED', 'SURVIVED', 'KILLED', 'KILLED', 'KILLED', 'SURVIVED', 'SURVIVED', 'SURVIVED', 'SURVIVED', 'SURVIVED', 'SURVIVED', 'KILLED', 'SURVIVED', 'KILLED', 'SURVIVED', 'SURVIVED', 'KILLED', 'SURVIVED', 'SURVIVED', 'SURVIVED', 'KILLED', 'SURVIVED', 'KILLED', 'KILLED', 'SURVIVED', 'SURVIVED', 'KILLED', 'SURVIVED', 'KILLED', 'KILLED', 'SURVIVED', 'SURVIVED', 'KILLED', 'KILLED', 'KILLED', 'SURVIVED', 'KILLED', 'SURVIVED', 'SURVIVED', 'KILLED', 'KILLED', 'SURVIVED', 'SURVIVED', 'SURVIVED', 'KILLED', 'KILLED', 'KILLED', 'SURVIVED', 'SURVIVED', 'KILLED', 'SURVIVED', 'SURVIVED']"
Csv_5,"['SURVIVED', 'SURVIVED', 'SURVIVED', 'SURVIVED', 'SURVIVED', 'SURVIVED', 'SURVIVED', 'SURVIVED', 'SURVIVED', 'SURVIVED', 'SURVIVED', 'SURVIVED', 'SURVIVED', 'SURVIVED', 'SURVIVED', 'SURVIVED', 'SURVIVED', 'SURVIVED', 'SURVIVED', 'SURVIVED', 'SURVIVED', 'SURVIVED', 'SURVIVED', 'SURVIVED', 'SURVIVED', 'SURVIVED', 'SURVIVED', 'SURVIVED', 'SURVIVED', 'SURVIVED', 'SURVIVED', 'SURVIVED', 'SURVIVED', 'SURVIVED', 'SURVIVED', 'SURVIVED', 'SURVIVED', 'SURVIVED', 'SURVIVED', 'SURVIVED', 'SURVIVED', 'SURVIVED', 'SURVIVED', 'SURVIVED', 'SURVIVED', 'SURVIVED', 'SURVIVED', 'SURVIVED', 'SURVIVED', 'SURVIVED', 'SURVIVED', 'SURVIVED', 'SURVIVED', 'SURVIVED', 'SURVIVED', 'SURVIVED', 'SURVIVED', 'SURVIVED', 'SURVIVED', 'SURVIVED', 'SURVIVED', 'SURVIVED', 'SURVIVED', 'SURVIVED', 'SURVIVED', 'SURVIVED', 'SURVIVED', 'SURVIVED', 'SURVIVED']","['KILLED', 'KILLED', 'SURVIVED', 'SURVIVED', 'SURVIVED', 'KILLED', 'SURVIVED', 'KILLED', 'KILLED', 'SURVIVED', 'KILLED', 'SURVIVED', 'SURVIVED', 'KILLED', 'KILLED', 'SURVIVED', 'SURVIVED', 'KILLED', 'KILLED', 'KILLED', 'SURVIVED', 'KILLED', 'SURVIVED', 'KILLED', 'SURVIVED', 'KILLED', 'SURVIVED', 'SURVIVED', 'SURVIVED', 'SURVIVED', 'SURVIVED', 'SURVIVED', 'SURVIVED', 'SURVIVED', 'SURVIVED', 'KILLED', 'KILLED', 'KILLED', 'SURVIVED', 'SURVIVED', 'KILLED', 'KILLED', 'KILLED', 'SURVIVED', 'SURVIVED', 'KILLED', 'KILLED', 'SURVIVED', 'KILLED', 'SURVIVED', 'KILLED', 'KILLED', 'SURVIVED', 'SURVIVED', 'KILLED', 'KILLED', 'KILLED', 'SURVIVED', 'SURVIVED', 'SURVIVED', 'SURVIVED', 'SURVIVED', 'SURVIVED', 'KILLED', 'KILLED', 'KILLED', 'SURVIVED', 'KILLED', 'SURVIVED']"
Csv_5,"['KILLED', 'KILLED', 'KILLED', 'SURVIVED', 'SURVIVED', 'SURVIVED', 'SURVIVED', 'SURVIVED', 'SURVIVED', 'SURVIVED', 'SURVIVED', 'SURVIVED', 'SURVIVED', 'SURVIVED', 'SURVIVED', 'SURVIVED', 'SURVIVED', 'SURVIVED', 'SURVIVED', 'SURVIVED', 'SURVIVED', 'SURVIVED', 'SURVIVED', 'SURVIVED', 'SURVIVED', 'SURVIVED', 'SURVIVED', 'SURVIVED', 'SURVIVED', 'SURVIVED', 'SURVIVED', 'SURVIVED', 'SURVIVED', 'SURVIVED', 'SURVIVED', 'SURVIVED', 'SURVIVED', 'SURVIVED', 'SURVIVED', 'SURVIVED', 'SURVIVED', 'SURVIVED', 'SURVIVED', 'SURVIVED', 'SURVIVED', 'SURVIVED', 'SURVIVED', 'SURVIVED', 'SURVIVED', 'SURVIVED', 'SURVIVED', 'SURVIVED', 'SURVIVED', 'SURVIVED', 'SURVIVED', 'SURVIVED', 'SURVIVED', 'SURVIVED', 'SURVIVED', 'SURVIVED', 'SURVIVED', 'SURVIVED', 'SURVIVED', 'SURVIVED', 'SURVIVED', 'SURVIVED', 'SURVIVED', 'SURVIVED', 'SURVIVED']","['SURVIVED', 'KILLED', 'KILLED', 'SURVIVED', 'KILLED', 'KILLED', 'SURVIVED', 'KILLED', 'KILLED', 'SURVIVED', 'SURVIVED', 'SURVIVED', 'SURVIVED', 'SURVIVED', 'SURVIVED', 'SURVIVED', 'KILLED', 'KILLED', 'SURVIVED', 'SURVIVED', 'SURVIVED', 'KILLED', 'SURVIVED', 'KILLED', 'SURVIVED', 'SURVIVED', 'KILLED', 'SURVIVED', 'SURVIVED', 'KILLED', 'SURVIVED', 'SURVIVED', 'KILLED', 'KILLED', 'KILLED', 'SURVIVED', 'KILLED', 'KILLED', 'KILLED', 'KILLED', 'KILLED', 'SURVIVED', 'KILLED', 'KILLED', 'KILLED', 'KILLED', 'SURVIVED', 'KILLED', 'KILLED', 'SURVIVED', 'KILLED', 'SURVIVED', 'SURVIVED', 'KILLED', 'SURVIVED', 'KILLED', 'SURVIVED', 'SURVIVED', 'KILLED', 'SURVIVED', 'KILLED', 'SURVIVED', 'SURVIVED', 'SURVIVED', 'KILLED', 'KILLED', 'KILLED', 'KILLED', 'SURVIVED']"
Csv_5,"['KILLED', 'KILLED', 'KILLED', 'KILLED', 'KILLED', 'KILLED', 'SURVIVED', 'SURVIVED', 'SURVIVED', 'SURVIVED', 'SURVIVED', 'SURVIVED', 'SURVIVED', 'SURVIVED', 'SURVIVED', 'SURVIVED', 'SURVIVED', 'SURVIVED', 'SURVIVED', 'SURVIVED', 'SURVIVED', 'SURVIVED', 'SURVIVED', 'SURVIVED', 'SURVIVED', 'SURVIVED', 'SURVIVED', 'SURVIVED', 'SURVIVED', 'SURVIVED', 'SURVIVED', 'SURVIVED', 'SURVIVED', 'SURVIVED', 'SURVIVED', 'SURVIVED', 'SURVIVED', 'SURVIVED', 'SURVIVED', 'SURVIVED', 'SURVIVED', 'SURVIVED', 'SURVIVED', 'SURVIVED', 'SURVIVED', 'SURVIVED', 'SURVIVED', 'SURVIVED', 'SURVIVED', 'SURVIVED', 'SURVIVED', 'SURVIVED', 'SURVIVED', 'SURVIVED', 'SURVIVED', 'SURVIVED', 'SURVIVED', 'SURVIVED', 'SURVIVED', 'SURVIVED', 'SURVIVED', 'SURVIVED', 'SURVIVED', 'SURVIVED', 'SURVIVED', 'SURVIVED', 'SURVIVED', 'SURVIVED', 'SURVIVED']","['KILLED', 'KILLED', 'SURVIVED', 'KILLED', 'KILLED', 'SURVIVED', 'SURVIVED', 'KILLED', 'KILLED', 'SURVIVED', 'KILLED', 'KILLED', 'KILLED', 'SURVIVED', 'SURVIVED', 'KILLED', 'SURVIVED', 'KILLED', 'SURVIVED', 'SURVIVED', 'SURVIVED', 'SURVIVED', 'KILLED', 'KILLED', 'KILLED', 'KILLED', 'KILLED', 'SURVIVED', 'SURVIVED', 'KILLED', 'SURVIVED', 'KILLED', 'SURVIVED', 'SURVIVED', 'SURVIVED', 'KILLED', 'SURVIVED', 'KILLED', 'SURVIVED', 'KILLED', 'KILLED', 'SURVIVED', 'KILLED', 'KILLED', 'KILLED', 'SURVIVED', 'SURVIVED', 'SURVIVED', 'KILLED', 'KILLED', 'KILLED', 'SURVIVED', 'KILLED', 'KILLED', 'SURVIVED', 'SURVIVED', 'KILLED', 'KILLED', 'SURVIVED', 'SURVIVED', 'KILLED', 'KILLED', 'KILLED', 'SURVIVED', 'SURVIVED', 'SURVIVED', 'SURVIVED', 'SURVIVED', 'KILLED']"
Csv_5,"['KILLED', 'KILLED', 'KILLED', 'KILLED', 'KILLED', 'KILLED', 'KILLED', 'SURVIVED', 'SURVIVED', 'SURVIVED', 'SURVIVED', 'SURVIVED', 'SURVIVED', 'SURVIVED', 'SURVIVED', 'SURVIVED', 'SURVIVED', 'SURVIVED', 'SURVIVED', 'SURVIVED', 'SURVIVED', 'SURVIVED', 'SURVIVED', 'SURVIVED', 'SURVIVED', 'SURVIVED', 'SURVIVED', 'SURVIVED', 'SURVIVED', 'SURVIVED', 'SURVIVED', 'SURVIVED', 'SURVIVED', 'SURVIVED', 'SURVIVED', 'SURVIVED', 'SURVIVED', 'SURVIVED', 'SURVIVED', 'SURVIVED', 'SURVIVED', 'SURVIVED', 'SURVIVED', 'SURVIVED', 'SURVIVED', 'SURVIVED', 'SURVIVED', 'SURVIVED', 'SURVIVED', 'SURVIVED', 'SURVIVED', 'SURVIVED', 'SURVIVED', 'SURVIVED', 'SURVIVED', 'SURVIVED', 'SURVIVED', 'SURVIVED', 'SURVIVED', 'SURVIVED', 'SURVIVED', 'SURVIVED', 'SURVIVED', 'SURVIVED', 'SURVIVED', 'SURVIVED', 'SURVIVED', 'SURVIVED', 'SURVIVED']","['SURVIVED', 'KILLED', 'KILLED', 'KILLED', 'SURVIVED', 'KILLED', 'SURVIVED', 'KILLED', 'KILLED', 'SURVIVED', 'SURVIVED', 'KILLED', 'SURVIVED', 'SURVIVED', 'SURVIVED', 'SURVIVED', 'SURVIVED', 'KILLED', 'SURVIVED', 'SURVIVED', 'KILLED', 'SURVIVED', 'SURVIVED', 'KILLED', 'KILLED', 'KILLED', 'SURVIVED', 'KILLED', 'KILLED', 'KILLED', 'SURVIVED', 'SURVIVED', 'SURVIVED', 'KILLED', 'KILLED', 'KILLED', 'SURVIVED', 'KILLED', 'SURVIVED', 'SURVIVED', 'SURVIVED', 'SURVIVED', 'KILLED', 'KILLED', 'KILLED', 'SURVIVED', 'SURVIVED', 'KILLED', 'SURVIVED', 'KILLED', 'KILLED', 'KILLED', 'SURVIVED', 'SURVIVED', 'KILLED', 'KILLED', 'SURVIVED', 'KILLED', 'KILLED', 'SURVIVED', 'SURVIVED', 'KILLED', 'SURVIVED', 'SURVIVED', 'KILLED', 'KILLED', 'KILLED', 'SURVIVED', 'KILLED']"
Csv_5,"['KILLED', 'KILLED', 'KILLED', 'KILLED', 'KILLED', 'KILLED', 'KILLED', 'SURVIVED', 'SURVIVED', 'SURVIVED', 'SURVIVED', 'SURVIVED', 'SURVIVED', 'SURVIVED', 'SURVIVED', 'SURVIVED', 'SURVIVED', 'SURVIVED', 'SURVIVED', 'SURVIVED', 'SURVIVED', 'SURVIVED', 'SURVIVED', 'SURVIVED', 'SURVIVED', 'SURVIVED', 'SURVIVED', 'SURVIVED', 'SURVIVED', 'SURVIVED', 'SURVIVED', 'SURVIVED', 'SURVIVED', 'SURVIVED', 'SURVIVED', 'SURVIVED', 'SURVIVED', 'SURVIVED', 'SURVIVED', 'SURVIVED', 'SURVIVED', 'SURVIVED', 'SURVIVED', 'SURVIVED', 'SURVIVED', 'SURVIVED', 'SURVIVED', 'SURVIVED', 'SURVIVED', 'SURVIVED', 'SURVIVED', 'SURVIVED', 'SURVIVED', 'SURVIVED', 'SURVIVED', 'SURVIVED', 'SURVIVED', 'SURVIVED', 'SURVIVED', 'SURVIVED', 'SURVIVED', 'SURVIVED', 'SURVIVED', 'SURVIVED', 'SURVIVED', 'SURVIVED', 'SURVIVED', 'SURVIVED', 'SURVIVED']","['SURVIVED', 'SURVIVED', 'KILLED', 'KILLED', 'KILLED', 'KILLED', 'KILLED', 'KILLED', 'KILLED', 'SURVIVED', 'KILLED', 'SURVIVED', 'KILLED', 'KILLED', 'SURVIVED', 'SURVIVED', 'KILLED', 'SURVIVED', 'KILLED', 'SURVIVED', 'SURVIVED', 'SURVIVED', 'SURVIVED', 'KILLED', 'SURVIVED', 'SURVIVED', 'SURVIVED', 'KILLED', 'KILLED', 'KILLED', 'SURVIVED', 'SURVIVED', 'SURVIVED', 'SURVIVED', 'KILLED', 'SURVIVED', 'KILLED', 'SURVIVED', 'KILLED', 'KILLED', 'KILLED', 'SURVIVED', 'KILLED', 'KILLED', 'KILLED', 'KILLED', 'SURVIVED', 'SURVIVED', 'KILLED', 'KILLED', 'KILLED', 'SURVIVED', 'SURVIVED', 'KILLED', 'SURVIVED', 'SURVIVED', 'KILLED', 'KILLED', 'SURVIVED', 'KILLED', 'SURVIVED', 'KILLED', 'SURVIVED', 'KILLED', 'KILLED', 'SURVIVED', 'KILLED', 'SURVIVED', 'KILLED']"
Csv_5,"['KILLED', 'KILLED', 'KILLED', 'KILLED', 'KILLED', 'KILLED', 'KILLED', 'KILLED', 'SURVIVED', 'SURVIVED', 'SURVIVED', 'SURVIVED', 'SURVIVED', 'SURVIVED', 'SURVIVED', 'SURVIVED', 'SURVIVED', 'SURVIVED', 'SURVIVED', 'SURVIVED', 'SURVIVED', 'SURVIVED', 'SURVIVED', 'SURVIVED', 'SURVIVED', 'SURVIVED', 'SURVIVED', 'SURVIVED', 'SURVIVED', 'SURVIVED', 'SURVIVED', 'SURVIVED', 'SURVIVED', 'SURVIVED', 'SURVIVED', 'SURVIVED', 'SURVIVED', 'SURVIVED', 'SURVIVED', 'SURVIVED', 'SURVIVED', 'SURVIVED', 'SURVIVED', 'SURVIVED', 'SURVIVED', 'SURVIVED', 'SURVIVED', 'SURVIVED', 'SURVIVED', 'SURVIVED', 'SURVIVED', 'SURVIVED', 'SURVIVED', 'SURVIVED', 'SURVIVED', 'SURVIVED', 'SURVIVED', 'SURVIVED', 'SURVIVED', 'SURVIVED', 'SURVIVED', 'SURVIVED', 'SURVIVED', 'SURVIVED', 'SURVIVED', 'SURVIVED', 'SURVIVED', 'SURVIVED', 'SURVIVED']","['KILLED', 'KILLED', 'KILLED', 'SURVIVED', 'SURVIVED', 'KILLED', 'KILLED', 'KILLED', 'SURVIVED', 'KILLED', 'SURVIVED', 'SURVIVED', 'KILLED', 'KILLED', 'KILLED', 'KILLED', 'SURVIVED', 'SURVIVED', 'SURVIVED', 'KILLED', 'SURVIVED', 'KILLED', 'KILLED', 'SURVIVED', 'SURVIVED', 'SURVIVED', 'SURVIVED', 'KILLED', 'SURVIVED', 'KILLED', 'SURVIVED', 'SURVIVED', 'KILLED', 'KILLED', 'KILLED', 'KILLED', 'KILLED', 'KILLED', 'KILLED', 'SURVIVED', 'SURVIVED', 'SURVIVED', 'SURVIVED', 'SURVIVED', 'KILLED', 'KILLED', 'KILLED', 'KILLED', 'KILLED', 'KILLED', 'SURVIVED', 'SURVIVED', 'SURVIVED', 'SURVIVED', 'KILLED', 'KILLED', 'SURVIVED', 'SURVIVED', 'SURVIVED', 'SURVIVED', 'SURVIVED', 'KILLED', 'KILLED', 'KILLED', 'KILLED', 'KILLED', 'SURVIVED', 'SURVIVED', 'KILLED']"
Csv_5,"['KILLED', 'KILLED', 'KILLED', 'KILLED', 'KILLED', 'SURVIVED', 'SURVIVED', 'SURVIVED', 'SURVIVED', 'SURVIVED', 'SURVIVED', 'SURVIVED', 'SURVIVED', 'SURVIVED', 'SURVIVED', 'SURVIVED', 'SURVIVED', 'SURVIVED', 'SURVIVED', 'SURVIVED', 'SURVIVED', 'SURVIVED', 'SURVIVED', 'SURVIVED', 'SURVIVED', 'SURVIVED', 'SURVIVED', 'SURVIVED', 'SURVIVED', 'SURVIVED', 'SURVIVED', 'SURVIVED', 'SURVIVED', 'SURVIVED', 'SURVIVED', 'SURVIVED', 'SURVIVED', 'SURVIVED', 'SURVIVED', 'SURVIVED', 'SURVIVED', 'SURVIVED', 'SURVIVED', 'SURVIVED', 'SURVIVED', 'SURVIVED', 'SURVIVED', 'SURVIVED', 'SURVIVED', 'SURVIVED', 'SURVIVED', 'SURVIVED', 'SURVIVED', 'SURVIVED', 'SURVIVED', 'SURVIVED', 'SURVIVED', 'SURVIVED', 'SURVIVED', 'SURVIVED', 'SURVIVED', 'SURVIVED', 'SURVIVED', 'SURVIVED', 'SURVIVED', 'SURVIVED', 'SURVIVED', 'SURVIVED', 'SURVIVED']","['KILLED', 'KILLED', 'KILLED', 'SURVIVED', 'KILLED', 'SURVIVED', 'SURVIVED', 'SURVIVED', 'SURVIVED', 'SURVIVED', 'SURVIVED', 'SURVIVED', 'KILLED', 'KILLED', 'SURVIVED', 'KILLED', 'SURVIVED', 'KILLED', 'KILLED', 'KILLED', 'KILLED', 'SURVIVED', 'KILLED', 'KILLED', 'SURVIVED', 'SURVIVED', 'SURVIVED', 'KILLED', 'SURVIVED', 'KILLED', 'KILLED', 'SURVIVED', 'KILLED', 'KILLED', 'SURVIVED', 'KILLED', 'KILLED', 'KILLED', 'SURVIVED', 'SURVIVED', 'KILLED', 'SURVIVED', 'KILLED', 'KILLED', 'KILLED', 'KILLED', 'SURVIVED', 'KILLED', 'KILLED', 'SURVIVED', 'KILLED', 'SURVIVED', 'KILLED', 'KILLED', 'KILLED', 'KILLED', 'KILLED', 'SURVIVED', 'KILLED', 'KILLED', 'KILLED', 'SURVIVED', 'KILLED', 'SURVIVED', 'KILLED', 'SURVIVED', 'SURVIVED', 'KILLED', 'SURVIVED']"
Csv_5,"['KILLED', 'KILLED', 'KILLED', 'KILLED', 'KILLED', 'KILLED', 'SURVIVED', 'SURVIVED', 'SURVIVED', 'SURVIVED', 'SURVIVED', 'SURVIVED', 'SURVIVED', 'SURVIVED', 'SURVIVED', 'SURVIVED', 'SURVIVED', 'SURVIVED', 'SURVIVED', 'SURVIVED', 'SURVIVED', 'SURVIVED', 'SURVIVED', 'SURVIVED', 'SURVIVED', 'SURVIVED', 'SURVIVED', 'SURVIVED', 'SURVIVED', 'SURVIVED', 'SURVIVED', 'SURVIVED', 'SURVIVED', 'SURVIVED', 'SURVIVED', 'SURVIVED', 'SURVIVED', 'SURVIVED', 'SURVIVED', 'SURVIVED', 'SURVIVED', 'SURVIVED', 'SURVIVED', 'SURVIVED', 'SURVIVED', 'SURVIVED', 'SURVIVED', 'SURVIVED', 'SURVIVED', 'SURVIVED', 'SURVIVED', 'SURVIVED', 'SURVIVED', 'SURVIVED', 'SURVIVED', 'SURVIVED', 'SURVIVED', 'SURVIVED', 'SURVIVED', 'SURVIVED', 'SURVIVED', 'SURVIVED', 'SURVIVED', 'SURVIVED', 'SURVIVED', 'SURVIVED', 'SURVIVED', 'SURVIVED', 'SURVIVED']","['SURVIVED', 'KILLED', 'SURVIVED', 'KILLED', 'KILLED', 'KILLED', 'KILLED', 'KILLED', 'KILLED', 'SURVIVED', 'SURVIVED', 'SURVIVED', 'SURVIVED', 'KILLED', 'KILLED', 'KILLED', 'SURVIVED', 'KILLED', 'SURVIVED', 'KILLED', 'KILLED', 'SURVIVED', 'KILLED', 'SURVIVED', 'KILLED', 'KILLED', 'SURVIVED', 'KILLED', 'KILLED', 'SURVIVED', 'SURVIVED', 'SURVIVED', 'SURVIVED', 'KILLED', 'SURVIVED', 'SURVIVED', 'SURVIVED', 'SURVIVED', 'SURVIVED', 'SURVIVED', 'SURVIVED', 'KILLED', 'KILLED', 'KILLED', 'KILLED', 'SURVIVED', 'KILLED', 'SURVIVED', 'KILLED', 'SURVIVED', 'SURVIVED', 'SURVIVED', 'KILLED', 'SURVIVED', 'SURVIVED', 'KILLED', 'KILLED', 'KILLED', 'SURVIVED', 'SURVIVED', 'SURVIVED', 'KILLED', 'KILLED', 'SURVIVED', 'SURVIVED', 'SURVIVED', 'SURVIVED', 'SURVIVED', 'SURVIVED']"
Csv_5,"['KILLED', 'KILLED', 'KILLED', 'KILLED', 'KILLED', 'KILLED', 'KILLED', 'SURVIVED', 'SURVIVED', 'SURVIVED', 'SURVIVED', 'SURVIVED', 'SURVIVED', 'SURVIVED', 'SURVIVED', 'SURVIVED', 'SURVIVED', 'SURVIVED', 'SURVIVED', 'SURVIVED', 'SURVIVED', 'SURVIVED', 'SURVIVED', 'SURVIVED', 'SURVIVED', 'SURVIVED', 'SURVIVED', 'SURVIVED', 'SURVIVED', 'SURVIVED', 'SURVIVED', 'SURVIVED', 'SURVIVED', 'SURVIVED', 'SURVIVED', 'SURVIVED', 'SURVIVED', 'SURVIVED', 'SURVIVED', 'SURVIVED', 'SURVIVED', 'SURVIVED', 'SURVIVED', 'SURVIVED', 'SURVIVED', 'SURVIVED', 'SURVIVED', 'SURVIVED', 'SURVIVED', 'SURVIVED', 'SURVIVED', 'SURVIVED', 'SURVIVED', 'SURVIVED', 'SURVIVED', 'SURVIVED', 'SURVIVED', 'SURVIVED', 'SURVIVED', 'SURVIVED', 'SURVIVED', 'SURVIVED', 'SURVIVED', 'SURVIVED', 'SURVIVED', 'SURVIVED', 'SURVIVED', 'SURVIVED', 'SURVIVED']","['SURVIVED', 'SURVIVED', 'SURVIVED', 'SURVIVED', 'SURVIVED', 'SURVIVED', 'KILLED', 'KILLED', 'SURVIVED', 'KILLED', 'SURVIVED', 'KILLED', 'SURVIVED', 'KILLED', 'SURVIVED', 'KILLED', 'SURVIVED', 'KILLED', 'KILLED', 'KILLED', 'KILLED', 'SURVIVED', 'KILLED', 'KILLED', 'SURVIVED', 'KILLED', 'SURVIVED', 'SURVIVED', 'SURVIVED', 'SURVIVED', 'KILLED', 'KILLED', 'SURVIVED', 'KILLED', 'SURVIVED', 'SURVIVED', 'SURVIVED', 'SURVIVED', 'SURVIVED', 'KILLED', 'SURVIVED', 'KILLED', 'SURVIVED', 'KILLED', 'KILLED', 'KILLED', 'SURVIVED', 'KILLED', 'SURVIVED', 'SURVIVED', 'SURVIVED', 'KILLED', 'SURVIVED', 'KILLED', 'SURVIVED', 'SURVIVED', 'KILLED', 'SURVIVED', 'SURVIVED', 'KILLED', 'SURVIVED', 'KILLED', 'KILLED', 'SURVIVED', 'KILLED', 'SURVIVED', 'SURVIVED', 'SURVIVED', 'KILLED']"
Csv_5,"['KILLED', 'KILLED', 'KILLED', 'SURVIVED', 'SURVIVED', 'SURVIVED', 'SURVIVED', 'SURVIVED', 'SURVIVED', 'SURVIVED', 'SURVIVED', 'SURVIVED', 'SURVIVED', 'SURVIVED', 'SURVIVED', 'SURVIVED', 'SURVIVED', 'SURVIVED', 'SURVIVED', 'SURVIVED', 'SURVIVED', 'SURVIVED', 'SURVIVED', 'SURVIVED', 'SURVIVED', 'SURVIVED', 'SURVIVED', 'SURVIVED', 'SURVIVED', 'SURVIVED', 'SURVIVED', 'SURVIVED', 'SURVIVED', 'SURVIVED', 'SURVIVED', 'SURVIVED', 'SURVIVED', 'SURVIVED', 'SURVIVED', 'SURVIVED', 'SURVIVED', 'SURVIVED', 'SURVIVED', 'SURVIVED', 'SURVIVED', 'SURVIVED', 'SURVIVED', 'SURVIVED', 'SURVIVED', 'SURVIVED', 'SURVIVED', 'SURVIVED', 'SURVIVED', 'SURVIVED', 'SURVIVED', 'SURVIVED', 'SURVIVED', 'SURVIVED', 'SURVIVED', 'SURVIVED', 'SURVIVED', 'SURVIVED', 'SURVIVED', 'SURVIVED', 'SURVIVED', 'SURVIVED', 'SURVIVED', 'SURVIVED', 'SURVIVED']","['SURVIVED', 'SURVIVED', 'SURVIVED', 'SURVIVED', 'SURVIVED', 'KILLED', 'KILLED', 'KILLED', 'KILLED', 'SURVIVED', 'SURVIVED', 'SURVIVED', 'KILLED', 'SURVIVED', 'KILLED', 'SURVIVED', 'KILLED', 'SURVIVED', 'KILLED', 'SURVIVED', 'SURVIVED', 'SURVIVED', 'KILLED', 'KILLED', 'KILLED', 'KILLED', 'KILLED', 'SURVIVED', 'KILLED', 'KILLED', 'KILLED', 'KILLED', 'SURVIVED', 'SURVIVED', 'KILLED', 'KILLED', 'SURVIVED', 'KILLED', 'SURVIVED', 'KILLED', 'SURVIVED', 'KILLED', 'KILLED', 'SURVIVED', 'SURVIVED', 'SURVIVED', 'KILLED', 'KILLED', 'KILLED', 'SURVIVED', 'SURVIVED', 'KILLED', 'SURVIVED', 'KILLED', 'KILLED', 'KILLED', 'SURVIVED', 'SURVIVED', 'SURVIVED', 'KILLED', 'SURVIVED', 'KILLED', 'SURVIVED', 'SURVIVED', 'KILLED', 'KILLED', 'KILLED', 'SURVIVED', 'KILLED']"
Csv_5,"['KILLED', 'KILLED', 'KILLED', 'SURVIVED', 'SURVIVED', 'SURVIVED', 'SURVIVED', 'SURVIVED', 'SURVIVED', 'SURVIVED', 'SURVIVED', 'SURVIVED', 'SURVIVED', 'SURVIVED', 'SURVIVED', 'SURVIVED', 'SURVIVED', 'SURVIVED', 'SURVIVED', 'SURVIVED', 'SURVIVED', 'SURVIVED', 'SURVIVED', 'SURVIVED', 'SURVIVED', 'SURVIVED', 'SURVIVED', 'SURVIVED', 'SURVIVED', 'SURVIVED', 'SURVIVED', 'SURVIVED', 'SURVIVED', 'SURVIVED', 'SURVIVED', 'SURVIVED', 'SURVIVED', 'SURVIVED', 'SURVIVED', 'SURVIVED', 'SURVIVED', 'SURVIVED', 'SURVIVED', 'SURVIVED', 'SURVIVED']","['SURVIVED', 'KILLED', 'SURVIVED', 'SURVIVED', 'SURVIVED', 'SURVIVED', 'KILLED', 'KILLED', 'SURVIVED', 'SURVIVED', 'SURVIVED', 'SURVIVED', 'SURVIVED', 'KILLED', 'SURVIVED', 'KILLED', 'KILLED', 'SURVIVED', 'SURVIVED', 'SURVIVED', 'KILLED', 'KILLED', 'SURVIVED', 'KILLED', 'KILLED', 'KILLED', 'SURVIVED', 'SURVIVED', 'KILLED', 'KILLED', 'SURVIVED', 'SURVIVED', 'KILLED', 'SURVIVED', 'KILLED', 'KILLED', 'SURVIVED', 'SURVIVED', 'SURVIVED', 'KILLED', 'SURVIVED', 'KILLED', 'KILLED', 'SURVIVED', 'KILLED']"
Csv_5,"['KILLED', 'SURVIVED', 'SURVIVED', 'SURVIVED', 'SURVIVED', 'SURVIVED', 'SURVIVED', 'SURVIVED', 'SURVIVED', 'SURVIVED', 'SURVIVED', 'SURVIVED', 'SURVIVED', 'SURVIVED', 'SURVIVED', 'SURVIVED', 'SURVIVED', 'SURVIVED', 'SURVIVED', 'SURVIVED', 'SURVIVED', 'SURVIVED', 'SURVIVED', 'SURVIVED', 'SURVIVED', 'SURVIVED', 'SURVIVED', 'SURVIVED', 'SURVIVED', 'SURVIVED', 'SURVIVED', 'SURVIVED', 'SURVIVED', 'SURVIVED', 'SURVIVED', 'SURVIVED', 'SURVIVED', 'SURVIVED', 'SURVIVED', 'SURVIVED', 'SURVIVED', 'SURVIVED', 'SURVIVED', 'SURVIVED', 'SURVIVED']","['KILLED', 'SURVIVED', 'SURVIVED', 'SURVIVED', 'SURVIVED', 'KILLED', 'SURVIVED', 'KILLED', 'KILLED', 'SURVIVED', 'KILLED', 'KILLED', 'SURVIVED', 'SURVIVED', 'SURVIVED', 'SURVIVED', 'KILLED', 'KILLED', 'KILLED', 'SURVIVED', 'KILLED', 'SURVIVED', 'SURVIVED', 'KILLED', 'KILLED', 'KILLED', 'KILLED', 'KILLED', 'SURVIVED', 'KILLED', 'SURVIVED', 'KILLED', 'KILLED', 'KILLED', 'SURVIVED', 'KILLED', 'SURVIVED', 'SURVIVED', 'KILLED', 'KILLED', 'KILLED', 'KILLED', 'SURVIVED', 'KILLED', 'KILLED']"
Csv_5,"['KILLED', 'KILLED', 'KILLED', 'SURVIVED', 'SURVIVED', 'SURVIVED', 'SURVIVED', 'SURVIVED', 'SURVIVED', 'SURVIVED', 'SURVIVED', 'SURVIVED', 'SURVIVED', 'SURVIVED', 'SURVIVED', 'SURVIVED', 'SURVIVED', 'SURVIVED', 'SURVIVED', 'SURVIVED', 'SURVIVED', 'SURVIVED', 'SURVIVED', 'SURVIVED', 'SURVIVED', 'SURVIVED', 'SURVIVED', 'SURVIVED', 'SURVIVED', 'SURVIVED', 'SURVIVED', 'SURVIVED', 'SURVIVED', 'SURVIVED', 'SURVIVED', 'SURVIVED', 'SURVIVED', 'SURVIVED', 'SURVIVED', 'SURVIVED', 'SURVIVED', 'SURVIVED', 'SURVIVED', 'SURVIVED', 'SURVIVED']","['SURVIVED', 'SURVIVED', 'SURVIVED', 'KILLED', 'KILLED', 'KILLED', 'SURVIVED', 'KILLED', 'KILLED', 'SURVIVED', 'KILLED', 'KILLED', 'KILLED', 'KILLED', 'SURVIVED', 'KILLED', 'KILLED', 'SURVIVED', 'KILLED', 'KILLED', 'KILLED', 'KILLED', 'KILLED', 'KILLED', 'KILLED', 'SURVIVED', 'KILLED', 'SURVIVED', 'SURVIVED', 'KILLED', 'KILLED', 'SURVIVED', 'SURVIVED', 'KILLED', 'KILLED', 'KILLED', 'KILLED', 'SURVIVED', 'SURVIVED', 'KILLED', 'KILLED', 'SURVIVED', 'SURVIVED', 'KILLED', 'SURVIVED']"
Csv_5,"['KILLED', 'KILLED', 'KILLED', 'KILLED', 'KILLED', 'KILLED', 'SURVIVED', 'SURVIVED', 'SURVIVED', 'SURVIVED', 'SURVIVED', 'SURVIVED', 'SURVIVED', 'SURVIVED', 'SURVIVED', 'SURVIVED', 'SURVIVED', 'SURVIVED', 'SURVIVED', 'SURVIVED', 'SURVIVED', 'SURVIVED', 'SURVIVED', 'SURVIVED', 'SURVIVED', 'SURVIVED', 'SURVIVED', 'SURVIVED', 'SURVIVED', 'SURVIVED', 'SURVIVED', 'SURVIVED', 'SURVIVED', 'SURVIVED', 'SURVIVED', 'SURVIVED', 'SURVIVED', 'SURVIVED', 'SURVIVED', 'SURVIVED', 'SURVIVED', 'SURVIVED', 'SURVIVED', 'SURVIVED', 'SURVIVED', 'SURVIVED', 'SURVIVED', 'SURVIVED', 'SURVIVED', 'SURVIVED', 'SURVIVED']","['KILLED', 'SURVIVED', 'KILLED', 'KILLED', 'SURVIVED', 'SURVIVED', 'KILLED', 'KILLED', 'KILLED', 'SURVIVED', 'SURVIVED', 'SURVIVED', 'KILLED', 'KILLED', 'SURVIVED', 'KILLED', 'SURVIVED', 'SURVIVED', 'KILLED', 'SURVIVED', 'KILLED', 'SURVIVED', 'SURVIVED', 'KILLED', 'SURVIVED', 'KILLED', 'SURVIVED', 'SURVIVED', 'KILLED', 'KILLED', 'KILLED', 'KILLED', 'KILLED', 'SURVIVED', 'KILLED', 'SURVIVED', 'KILLED', 'KILLED', 'KILLED', 'KILLED', 'SURVIVED', 'SURVIVED', 'SURVIVED', 'KILLED', 'KILLED', 'SURVIVED', 'KILLED', 'KILLED', 'KILLED', 'SURVIVED', 'SURVIVED']"
Csv_5,"['KILLED', 'KILLED', 'KILLED', 'KILLED', 'KILLED', 'KILLED', 'KILLED', 'KILLED', 'KILLED', 'KILLED', 'KILLED', 'KILLED', 'KILLED', 'KILLED', 'KILLED', 'KILLED', 'KILLED', 'KILLED', 'KILLED', 'KILLED', 'KILLED', 'KILLED', 'KILLED', 'KILLED', 'KILLED', 'KILLED', 'KILLED', 'KILLED', 'KILLED', 'KILLED', 'KILLED', 'KILLED', 'KILLED', 'KILLED', 'KILLED', 'KILLED', 'KILLED', 'KILLED', 'KILLED', 'KILLED', 'KILLED', 'KILLED', 'KILLED', 'KILLED', 'KILLED', 'KILLED', 'KILLED', 'KILLED', 'KILLED', 'KILLED', 'KILLED', 'KILLED', 'KILLED', 'KILLED', 'KILLED', 'KILLED', 'KILLED', 'KILLED', 'KILLED', 'KILLED', 'KILLED', 'KILLED', 'KILLED', 'KILLED', 'KILLED', 'KILLED', 'KILLED', 'KILLED', 'KILLED']","['KILLED', 'SURVIVED', 'SURVIVED', 'KILLED', 'SURVIVED', 'SURVIVED', 'KILLED', 'KILLED', 'SURVIVED', 'SURVIVED', 'KILLED', 'KILLED', 'KILLED', 'KILLED', 'KILLED', 'SURVIVED', 'SURVIVED', 'KILLED', 'SURVIVED', 'KILLED', 'KILLED', 'SURVIVED', 'KILLED', 'KILLED', 'KILLED', 'KILLED', 'KILLED', 'KILLED', 'KILLED', 'KILLED', 'KILLED', 'KILLED', 'KILLED', 'SURVIVED', 'SURVIVED', 'SURVIVED', 'KILLED', 'KILLED', 'KILLED', 'SURVIVED', 'KILLED', 'KILLED', 'SURVIVED', 'SURVIVED', 'SURVIVED', 'KILLED', 'SURVIVED', 'SURVIVED', 'KILLED', 'SURVIVED', 'SURVIVED', 'SURVIVED', 'KILLED', 'SURVIVED', 'SURVIVED', 'SURVIVED', 'SURVIVED', 'KILLED', 'SURVIVED', 'KILLED', 'SURVIVED', 'SURVIVED', 'KILLED', 'SURVIVED', 'KILLED', 'KILLED', 'SURVIVED', 'SURVIVED', 'SURVIVED']"
Csv_5,"['KILLED', 'SURVIVED', 'SURVIVED']","['SURVIVED', 'SURVIVED', 'SURVIVED']"
Csv_5,"['SURVIVED', 'SURVIVED', 'SURVIVED']","['SURVIVED', 'SURVIVED', 'KILLED']"
Csv_5,"['SURVIVED', 'SURVIVED', 'SURVIVED']","['SURVIVED', 'KILLED', 'SURVIVED']"
Csv_5,"['KILLED', 'KILLED', 'SURVIVED']","['KILLED', 'KILLED', 'KILLED']"
Csv_5,"['SURVIVED', 'SURVIVED', 'SURVIVED']","['KILLED', 'KILLED', 'SURVIVED']"
Csv_5,['KILLED'],['SURVIVED']
Csv_5,['KILLED'],['SURVIVED']
Csv_5,"['KILLED', 'KILLED', 'KILLED', 'KILLED', 'KILLED', 'KILLED', 'KILLED', 'KILLED', 'KILLED', 'KILLED', 'KILLED', 'KILLED', 'KILLED', 'KILLED', 'KILLED', 'KILLED', 'KILLED', 'KILLED', 'KILLED', 'KILLED', 'KILLED', 'KILLED', 'KILLED', 'KILLED', 'KILLED', 'KILLED', 'KILLED', 'KILLED', 'KILLED', 'KILLED', 'KILLED', 'KILLED', 'KILLED', 'KILLED', 'KILLED', 'KILLED', 'KILLED', 'KILLED', 'KILLED', 'KILLED', 'KILLED', 'SURVIVED', 'SURVIVED', 'SURVIVED', 'SURVIVED', 'SURVIVED', 'SURVIVED', 'SURVIVED', 'SURVIVED', 'SURVIVED', 'SURVIVED', 'SURVIVED', 'SURVIVED', 'SURVIVED', 'SURVIVED', 'SURVIVED', 'SURVIVED', 'SURVIVED', 'SURVIVED', 'SURVIVED', 'SURVIVED', 'SURVIVED']","['SURVIVED', 'SURVIVED', 'SURVIVED', 'SURVIVED', 'SURVIVED', 'SURVIVED', 'KILLED', 'SURVIVED', 'KILLED', 'KILLED', 'SURVIVED', 'KILLED', 'KILLED', 'SURVIVED', 'SURVIVED', 'SURVIVED', 'SURVIVED', 'SURVIVED', 'KILLED', 'SURVIVED', 'SURVIVED', 'KILLED', 'KILLED', 'SURVIVED', 'KILLED', 'SURVIVED', 'KILLED', 'KILLED', 'SURVIVED', 'SURVIVED', 'KILLED', 'SURVIVED', 'KILLED', 'KILLED', 'KILLED', 'KILLED', 'KILLED', 'SURVIVED', 'SURVIVED', 'KILLED', 'KILLED', 'SURVIVED', 'KILLED', 'SURVIVED', 'SURVIVED', 'SURVIVED', 'SURVIVED', 'SURVIVED', 'SURVIVED', 'KILLED', 'KILLED', 'SURVIVED', 'KILLED', 'SURVIVED', 'KILLED', 'SURVIVED', 'SURVIVED', 'KILLED', 'KILLED', 'SURVIVED', 'KILLED', 'KILLED']"
Csv_5,"['KILLED', 'KILLED', 'KILLED', 'KILLED', 'KILLED', 'KILLED', 'KILLED', 'KILLED', 'KILLED', 'KILLED', 'KILLED', 'KILLED', 'KILLED', 'KILLED', 'KILLED', 'KILLED', 'KILLED', 'KILLED', 'KILLED', 'KILLED', 'KILLED', 'KILLED', 'KILLED', 'KILLED', 'KILLED', 'KILLED', 'KILLED', 'KILLED', 'KILLED', 'KILLED', 'KILLED', 'KILLED', 'KILLED', 'KILLED', 'KILLED', 'KILLED', 'KILLED', 'KILLED', 'KILLED', 'KILLED', 'KILLED', 'KILLED', 'KILLED', 'KILLED', 'KILLED', 'KILLED', 'KILLED', 'KILLED', 'KILLED', 'KILLED', 'KILLED', 'KILLED', 'KILLED', 'KILLED', 'KILLED', 'KILLED', 'KILLED', 'KILLED', 'KILLED', 'KILLED', 'KILLED', 'SURVIVED']","['KILLED', 'SURVIVED', 'SURVIVED', 'SURVIVED', 'SURVIVED', 'KILLED', 'KILLED', 'SURVIVED', 'KILLED', 'KILLED', 'KILLED', 'SURVIVED', 'KILLED', 'KILLED', 'SURVIVED', 'KILLED', 'KILLED', 'KILLED', 'KILLED', 'KILLED', 'KILLED', 'SURVIVED', 'SURVIVED', 'SURVIVED', 'KILLED', 'KILLED', 'KILLED', 'SURVIVED', 'KILLED', 'SURVIVED', 'KILLED', 'SURVIVED', 'KILLED', 'SURVIVED', 'KILLED', 'KILLED', 'SURVIVED', 'SURVIVED', 'KILLED', 'KILLED', 'KILLED', 'SURVIVED', 'KILLED', 'KILLED', 'KILLED', 'KILLED', 'KILLED', 'SURVIVED', 'SURVIVED', 'SURVIVED', 'SURVIVED', 'SURVIVED', 'SURVIVED', 'SURVIVED', 'SURVIVED', 'SURVIVED', 'SURVIVED', 'KILLED', 'SURVIVED', 'SURVIVED', 'SURVIVED', 'KILLED']"
Csv_5,"['KILLED', 'KILLED', 'KILLED', 'KILLED', 'KILLED', 'KILLED', 'KILLED', 'KILLED', 'KILLED', 'KILLED', 'KILLED', 'KILLED', 'KILLED', 'KILLED', 'KILLED', 'KILLED', 'KILLED', 'KILLED', 'KILLED', 'KILLED', 'KILLED', 'KILLED', 'KILLED', 'KILLED', 'KILLED', 'KILLED', 'KILLED', 'KILLED', 'KILLED', 'KILLED', 'KILLED', 'KILLED', 'KILLED', 'KILLED', 'KILLED', 'KILLED', 'KILLED', 'KILLED', 'KILLED', 'KILLED', 'KILLED']","['SURVIVED', 'SURVIVED', 'KILLED', 'KILLED', 'SURVIVED', 'SURVIVED', 'KILLED', 'KILLED', 'KILLED', 'SURVIVED', 'KILLED', 'SURVIVED', 'SURVIVED', 'SURVIVED', 'SURVIVED', 'KILLED', 'KILLED', 'SURVIVED', 'KILLED', 'SURVIVED', 'KILLED', 'SURVIVED', 'SURVIVED', 'KILLED', 'SURVIVED', 'SURVIVED', 'KILLED', 'SURVIVED', 'SURVIVED', 'SURVIVED', 'KILLED', 'SURVIVED', 'SURVIVED', 'KILLED', 'KILLED', 'KILLED', 'KILLED', 'SURVIVED', 'KILLED', 'SURVIVED', 'SURVIVED']"
Csv_5,"['KILLED', 'KILLED', 'KILLED', 'KILLED', 'KILLED', 'KILLED', 'KILLED', 'KILLED', 'KILLED', 'KILLED', 'KILLED', 'KILLED', 'KILLED', 'KILLED', 'KILLED', 'KILLED', 'KILLED', 'KILLED', 'KILLED', 'KILLED', 'KILLED', 'KILLED', 'KILLED', 'KILLED', 'KILLED', 'KILLED', 'KILLED', 'KILLED', 'KILLED', 'KILLED', 'KILLED', 'KILLED', 'KILLED', 'KILLED', 'KILLED', 'KILLED', 'KILLED', 'KILLED', 'KILLED', 'KILLED', 'KILLED', 'KILLED', 'KILLED', 'KILLED', 'KILLED', 'KILLED', 'KILLED', 'KILLED', 'KILLED', 'KILLED', 'KILLED', 'KILLED', 'KILLED', 'KILLED', 'KILLED', 'KILLED', 'KILLED', 'KILLED', 'KILLED', 'KILLED', 'KILLED', 'KILLED', 'KILLED', 'KILLED', 'KILLED', 'KILLED']","['KILLED', 'SURVIVED', 'KILLED', 'SURVIVED', 'KILLED', 'KILLED', 'KILLED', 'KILLED', 'KILLED', 'KILLED', 'SURVIVED', 'KILLED', 'KILLED', 'SURVIVED', 'SURVIVED', 'SURVIVED', 'KILLED', 'SURVIVED', 'SURVIVED', 'KILLED', 'KILLED', 'SURVIVED', 'KILLED', 'SURVIVED', 'KILLED', 'KILLED', 'SURVIVED', 'SURVIVED', 'SURVIVED', 'SURVIVED', 'KILLED', 'KILLED', 'SURVIVED', 'KILLED', 'SURVIVED', 'KILLED', 'KILLED', 'KILLED', 'SURVIVED', 'KILLED', 'KILLED', 'SURVIVED', 'KILLED', 'SURVIVED', 'SURVIVED', 'KILLED', 'SURVIVED', 'KILLED', 'KILLED', 'SURVIVED', 'SURVIVED', 'SURVIVED', 'SURVIVED', 'KILLED', 'KILLED', 'KILLED', 'SURVIVED', 'KILLED', 'SURVIVED', 'SURVIVED', 'KILLED', 'SURVIVED', 'KILLED', 'SURVIVED', 'SURVIVED', 'KILLED']"
Csv_5,"['KILLED', 'KILLED', 'KILLED', 'KILLED', 'KILLED', 'SURVIVED']","['SURVIVED', 'KILLED', 'KILLED', 'SURVIVED', 'SURVIVED', 'KILLED']"
Csv_5,"['KILLED', 'KILLED', 'KILLED', 'KILLED', 'KILLED', 'KILLED']","['SURVIVED', 'SURVIVED', 'KILLED', 'SURVIVED', 'SURVIVED', 'SURVIVED']"
Csv_5,"['KILLED', 'KILLED', 'KILLED', 'KILLED', 'KILLED', 'KILLED']","['KILLED', 'SURVIVED', 'KILLED', 'KILLED', 'KILLED', 'KILLED']"
Csv_5,"['KILLED', 'KILLED', 'KILLED', 'KILLED', 'KILLED', 'KILLED']","['KILLED', 'SURVIVED', 'SURVIVED', 'SURVIVED', 'KILLED', 'KILLED']"
Csv_5,"['SURVIVED', 'SURVIVED', 'SURVIVED', 'SURVIVED', 'SURVIVED', 'SURVIVED']","['SURVIVED', 'SURVIVED', 'SURVIVED', 'SURVIVED', 'SURVIVED', 'SURVIVED']"
Csv_5,"['KILLED', 'KILLED', 'KILLED', 'KILLED', 'KILLED', 'SURVIVED']","['SURVIVED', 'KILLED', 'SURVIVED', 'SURVIVED', 'KILLED', 'SURVIVED']"
Csv_5,"['KILLED', 'KILLED', 'KILLED', 'KILLED', 'KILLED', 'KILLED']","['KILLED', 'KILLED', 'SURVIVED', 'KILLED', 'SURVIVED', 'SURVIVED']"
Csv_5,"['SURVIVED', 'SURVIVED', 'SURVIVED', 'SURVIVED', 'SURVIVED', 'SURVIVED']","['KILLED', 'KILLED', 'SURVIVED', 'SURVIVED', 'SURVIVED', 'KILLED']"
Csv_5,"['SURVIVED', 'SURVIVED', 'SURVIVED', 'SURVIVED', 'SURVIVED', 'SURVIVED']","['KILLED', 'KILLED', 'KILLED', 'KILLED', 'SURVIVED', 'KILLED']"
Csv_5,"['SURVIVED', 'SURVIVED', 'SURVIVED', 'SURVIVED', 'SURVIVED', 'SURVIVED']","['KILLED', 'SURVIVED', 'SURVIVED', 'KILLED', 'KILLED', 'KILLED']"
Csv_5,"['KILLED', 'KILLED', 'KILLED', 'KILLED', 'KILLED', 'KILLED']","['SURVIVED', 'SURVIVED', 'KILLED', 'KILLED', 'KILLED', 'SURVIVED']"
Csv_5,"['KILLED', 'KILLED', 'KILLED', 'KILLED', 'KILLED', 'KILLED']","['SURVIVED', 'KILLED', 'SURVIVED', 'KILLED', 'KILLED', 'KILLED']"
Csv_5,"['SURVIVED', 'SURVIVED', 'SURVIVED', 'SURVIVED', 'SURVIVED', 'SURVIVED']","['KILLED', 'SURVIVED', 'SURVIVED', 'SURVIVED', 'KILLED', 'SURVIVED']"
Csv_5,"['SURVIVED', 'SURVIVED', 'SURVIVED', 'SURVIVED', 'SURVIVED', 'SURVIVED']","['KILLED', 'SURVIVED', 'SURVIVED', 'SURVIVED', 'SURVIVED', 'SURVIVED']"
Csv_5,"['KILLED', 'KILLED', 'KILLED', 'KILLED', 'KILLED', 'SURVIVED']","['KILLED', 'KILLED', 'KILLED', 'KILLED', 'KILLED', 'SURVIVED']"
Csv_5,"['KILLED', 'KILLED', 'KILLED', 'KILLED', 'KILLED']","['KILLED', 'KILLED', 'SURVIVED', 'SURVIVED', 'KILLED']"
Csv_5,"['KILLED', 'KILLED', 'KILLED', 'KILLED', 'KILLED']","['KILLED', 'SURVIVED', 'SURVIVED', 'SURVIVED', 'SURVIVED']"
Csv_5,"['KILLED', 'KILLED', 'KILLED', 'KILLED', 'KILLED']","['KILLED', 'KILLED', 'SURVIVED', 'KILLED', 'KILLED']"
Csv_5,"['KILLED', 'KILLED', 'KILLED', 'KILLED', 'KILLED']","['SURVIVED', 'KILLED', 'SURVIVED', 'SURVIVED', 'KILLED']"
Csv_5,"['KILLED', 'KILLED', 'KILLED', 'KILLED', 'KILLED']","['KILLED', 'KILLED', 'KILLED', 'KILLED', 'KILLED']"
Csv_5,"['KILLED', 'KILLED', 'KILLED', 'KILLED', 'KILLED']","['KILLED', 'SURVIVED', 'SURVIVED', 'KILLED', 'KILLED']"
Csv_5,"['KILLED', 'KILLED', 'KILLED', 'KILLED', 'KILLED']","['KILLED', 'KILLED', 'KILLED', 'KILLED', 'SURVIVED']"
Csv_5,"['KILLED', 'KILLED', 'KILLED', 'KILLED', 'KILLED', 'KILLED', 'KILLED', 'KILLED', 'KILLED', 'KILLED', 'KILLED', 'KILLED', 'KILLED', 'KILLED', 'KILLED', 'KILLED', 'KILLED', 'KILLED', 'KILLED', 'KILLED', 'KILLED', 'KILLED', 'KILLED', 'KILLED', 'KILLED', 'KILLED', 'KILLED', 'KILLED', 'KILLED', 'KILLED', 'KILLED', 'KILLED', 'KILLED', 'KILLED', 'KILLED', 'KILLED', 'KILLED', 'KILLED', 'KILLED', 'KILLED', 'KILLED', 'KILLED', 'KILLED', 'KILLED', 'KILLED', 'KILLED', 'KILLED', 'KILLED', 'KILLED', 'KILLED', 'KILLED', 'KILLED', 'KILLED', 'KILLED', 'KILLED', 'KILLED', 'KILLED', 'KILLED', 'KILLED', 'SURVIVED', 'SURVIVED', 'SURVIVED', 'SURVIVED', 'SURVIVED', 'SURVIVED']","['KILLED', 'KILLED', 'KILLED', 'SURVIVED', 'SURVIVED', 'KILLED', 'SURVIVED', 'KILLED', 'KILLED', 'SURVIVED', 'KILLED', 'SURVIVED', 'SURVIVED', 'KILLED', 'SURVIVED', 'SURVIVED', 'SURVIVED', 'KILLED', 'KILLED', 'KILLED', 'KILLED', 'KILLED', 'KILLED', 'KILLED', 'SURVIVED', 'KILLED', 'KILLED', 'KILLED', 'SURVIVED', 'SURVIVED', 'KILLED', 'SURVIVED', 'KILLED', 'SURVIVED', 'SURVIVED', 'SURVIVED', 'KILLED', 'SURVIVED', 'SURVIVED', 'KILLED', 'SURVIVED', 'SURVIVED', 'KILLED', 'KILLED', 'KILLED', 'SURVIVED', 'KILLED', 'SURVIVED', 'KILLED', 'SURVIVED', 'KILLED', 'SURVIVED', 'SURVIVED', 'SURVIVED', 'KILLED', 'KILLED', 'KILLED', 'SURVIVED', 'KILLED', 'KILLED', 'SURVIVED', 'KILLED', 'SURVIVED', 'KILLED', 'SURVIVED']"
Csv_5,"['KILLED', 'KILLED', 'KILLED', 'KILLED', 'KILLED', 'SURVIVED', 'SURVIVED', 'SURVIVED', 'SURVIVED', 'SURVIVED', 'SURVIVED', 'SURVIVED', 'SURVIVED', 'SURVIVED', 'SURVIVED', 'SURVIVED', 'SURVIVED', 'SURVIVED', 'SURVIVED', 'SURVIVED', 'SURVIVED', 'SURVIVED', 'SURVIVED', 'SURVIVED', 'SURVIVED', 'SURVIVED', 'SURVIVED', 'SURVIVED', 'SURVIVED', 'SURVIVED', 'SURVIVED', 'SURVIVED', 'SURVIVED', 'SURVIVED', 'SURVIVED', 'SURVIVED', 'SURVIVED', 'SURVIVED', 'SURVIVED', 'SURVIVED', 'SURVIVED', 'SURVIVED', 'SURVIVED', 'SURVIVED', 'SURVIVED', 'SURVIVED', 'SURVIVED', 'SURVIVED', 'SURVIVED', 'SURVIVED', 'SURVIVED', 'SURVIVED', 'SURVIVED', 'SURVIVED', 'SURVIVED', 'SURVIVED', 'SURVIVED', 'SURVIVED', 'SURVIVED', 'SURVIVED', 'SURVIVED', 'SURVIVED', 'SURVIVED', 'SURVIVED', 'SURVIVED']","['SURVIVED', 'SURVIVED', 'KILLED', 'KILLED', 'SURVIVED', 'KILLED', 'KILLED', 'SURVIVED', 'KILLED', 'SURVIVED', 'KILLED', 'KILLED', 'KILLED', 'SURVIVED', 'SURVIVED', 'KILLED', 'SURVIVED', 'SURVIVED', 'SURVIVED', 'KILLED', 'KILLED', 'KILLED', 'SURVIVED', 'SURVIVED', 'KILLED', 'SURVIVED', 'SURVIVED', 'SURVIVED', 'KILLED', 'SURVIVED', 'KILLED', 'KILLED', 'KILLED', 'KILLED', 'SURVIVED', 'SURVIVED', 'KILLED', 'SURVIVED', 'KILLED', 'SURVIVED', 'SURVIVED', 'KILLED', 'SURVIVED', 'SURVIVED', 'SURVIVED', 'SURVIVED', 'SURVIVED', 'SURVIVED', 'KILLED', 'SURVIVED', 'KILLED', 'SURVIVED', 'SURVIVED', 'SURVIVED', 'KILLED', 'KILLED', 'KILLED', 'KILLED', 'KILLED', 'KILLED', 'KILLED', 'KILLED', 'SURVIVED', 'SURVIVED', 'KILLED']"
Csv_5,"['KILLED', 'KILLED', 'KILLED', 'KILLED', 'KILLED', 'SURVIVED', 'SURVIVED', 'SURVIVED', 'SURVIVED', 'SURVIVED', 'SURVIVED', 'SURVIVED', 'SURVIVED', 'SURVIVED', 'SURVIVED', 'SURVIVED', 'SURVIVED', 'SURVIVED', 'SURVIVED', 'SURVIVED', 'SURVIVED', 'SURVIVED', 'SURVIVED', 'SURVIVED', 'SURVIVED', 'SURVIVED', 'SURVIVED', 'SURVIVED', 'SURVIVED', 'SURVIVED', 'SURVIVED', 'SURVIVED', 'SURVIVED', 'SURVIVED', 'SURVIVED', 'SURVIVED', 'SURVIVED', 'SURVIVED', 'SURVIVED', 'SURVIVED', 'SURVIVED', 'SURVIVED', 'SURVIVED', 'SURVIVED', 'SURVIVED', 'SURVIVED', 'SURVIVED', 'SURVIVED', 'SURVIVED', 'SURVIVED', 'SURVIVED', 'SURVIVED', 'SURVIVED', 'SURVIVED', 'SURVIVED', 'SURVIVED', 'SURVIVED', 'SURVIVED', 'SURVIVED', 'SURVIVED', 'SURVIVED', 'SURVIVED', 'SURVIVED', 'SURVIVED', 'SURVIVED']","['SURVIVED', 'KILLED', 'SURVIVED', 'SURVIVED', 'KILLED', 'SURVIVED', 'KILLED', 'KILLED', 'KILLED', 'SURVIVED', 'SURVIVED', 'KILLED', 'KILLED', 'SURVIVED', 'KILLED', 'KILLED', 'KILLED', 'KILLED', 'SURVIVED', 'KILLED', 'SURVIVED', 'KILLED', 'SURVIVED', 'SURVIVED', 'SURVIVED', 'KILLED', 'SURVIVED', 'KILLED', 'SURVIVED', 'KILLED', 'KILLED', 'SURVIVED', 'SURVIVED', 'SURVIVED', 'SURVIVED', 'SURVIVED', 'KILLED', 'KILLED', 'SURVIVED', 'KILLED', 'SURVIVED', 'KILLED', 'SURVIVED', 'SURVIVED', 'KILLED', 'SURVIVED', 'KILLED', 'SURVIVED', 'SURVIVED', 'SURVIVED', 'SURVIVED', 'KILLED', 'KILLED', 'SURVIVED', 'KILLED', 'SURVIVED', 'SURVIVED', 'KILLED', 'KILLED', 'SURVIVED', 'SURVIVED', 'KILLED', 'KILLED', 'KILLED', 'SURVIVED']"
Csv_5,"['KILLED', 'KILLED', 'KILLED', 'KILLED', 'KILLED', 'KILLED', 'KILLED', 'KILLED', 'KILLED', 'KILLED', 'KILLED', 'KILLED', 'KILLED', 'KILLED', 'KILLED', 'KILLED', 'KILLED', 'KILLED', 'KILLED', 'KILLED', 'KILLED', 'KILLED', 'KILLED', 'KILLED', 'KILLED', 'KILLED', 'KILLED', 'KILLED', 'KILLED', 'SURVIVED', 'SURVIVED', 'SURVIVED', 'SURVIVED', 'SURVIVED', 'SURVIVED', 'SURVIVED', 'SURVIVED', 'SURVIVED', 'SURVIVED', 'SURVIVED', 'SURVIVED', 'SURVIVED', 'SURVIVED', 'SURVIVED', 'SURVIVED', 'SURVIVED', 'SURVIVED', 'SURVIVED', 'SURVIVED', 'SURVIVED', 'SURVIVED', 'SURVIVED', 'SURVIVED', 'SURVIVED', 'SURVIVED', 'SURVIVED', 'SURVIVED', 'SURVIVED', 'SURVIVED', 'SURVIVED', 'SURVIVED', 'SURVIVED', 'SURVIVED', 'SURVIVED', 'SURVIVED']","['KILLED', 'SURVIVED', 'KILLED', 'KILLED', 'SURVIVED', 'KILLED', 'SURVIVED', 'SURVIVED', 'SURVIVED', 'SURVIVED', 'SURVIVED', 'SURVIVED', 'KILLED', 'SURVIVED', 'KILLED', 'SURVIVED', 'SURVIVED', 'KILLED', 'KILLED', 'SURVIVED', 'SURVIVED', 'KILLED', 'SURVIVED', 'KILLED', 'KILLED', 'KILLED', 'SURVIVED', 'KILLED', 'KILLED', 'SURVIVED', 'SURVIVED', 'SURVIVED', 'KILLED', 'KILLED', 'KILLED', 'SURVIVED', 'SURVIVED', 'KILLED', 'SURVIVED', 'SURVIVED', 'SURVIVED', 'KILLED', 'SURVIVED', 'SURVIVED', 'SURVIVED', 'KILLED', 'KILLED', 'KILLED', 'KILLED', 'KILLED', 'KILLED', 'SURVIVED', 'KILLED', 'KILLED', 'KILLED', 'SURVIVED', 'SURVIVED', 'KILLED', 'SURVIVED', 'SURVIVED', 'SURVIVED', 'SURVIVED', 'SURVIVED', 'KILLED', 'SURVIVED']"
Csv_5,"['KILLED', 'KILLED', 'KILLED', 'SURVIVED', 'SURVIVED', 'SURVIVED', 'SURVIVED', 'SURVIVED', 'SURVIVED', 'SURVIVED', 'SURVIVED', 'SURVIVED', 'SURVIVED', 'SURVIVED', 'SURVIVED', 'SURVIVED', 'SURVIVED', 'SURVIVED', 'SURVIVED', 'SURVIVED', 'SURVIVED', 'SURVIVED', 'SURVIVED', 'SURVIVED', 'SURVIVED', 'SURVIVED', 'SURVIVED', 'SURVIVED', 'SURVIVED', 'SURVIVED', 'SURVIVED', 'SURVIVED', 'SURVIVED', 'SURVIVED', 'SURVIVED', 'SURVIVED', 'SURVIVED', 'SURVIVED', 'SURVIVED', 'SURVIVED', 'SURVIVED', 'SURVIVED', 'SURVIVED', 'SURVIVED', 'SURVIVED', 'SURVIVED', 'SURVIVED', 'SURVIVED', 'SURVIVED', 'SURVIVED', 'SURVIVED', 'SURVIVED', 'SURVIVED', 'SURVIVED', 'SURVIVED', 'SURVIVED', 'SURVIVED', 'SURVIVED', 'SURVIVED', 'SURVIVED', 'SURVIVED', 'SURVIVED', 'SURVIVED', 'SURVIVED', 'SURVIVED']","['KILLED', 'KILLED', 'KILLED', 'KILLED', 'SURVIVED', 'KILLED', 'SURVIVED', 'KILLED', 'SURVIVED', 'KILLED', 'SURVIVED', 'KILLED', 'KILLED', 'KILLED', 'KILLED', 'KILLED', 'KILLED', 'KILLED', 'SURVIVED', 'KILLED', 'SURVIVED', 'KILLED', 'KILLED', 'SURVIVED', 'KILLED', 'KILLED', 'KILLED', 'KILLED', 'SURVIVED', 'SURVIVED', 'SURVIVED', 'KILLED', 'KILLED', 'SURVIVED', 'SURVIVED', 'SURVIVED', 'KILLED', 'SURVIVED', 'KILLED', 'SURVIVED', 'KILLED', 'SURVIVED', 'SURVIVED', 'SURVIVED', 'SURVIVED', 'SURVIVED', 'KILLED', 'SURVIVED', 'KILLED', 'KILLED', 'KILLED', 'KILLED', 'KILLED', 'SURVIVED', 'KILLED', 'SURVIVED', 'SURVIVED', 'SURVIVED', 'KILLED', 'SURVIVED', 'KILLED', 'SURVIVED', 'SURVIVED', 'SURVIVED', 'SURVIVED']"
Csv_5,"['KILLED', 'KILLED', 'KILLED', 'KILLED', 'KILLED', 'KILLED', 'KILLED', 'KILLED', 'KILLED', 'KILLED', 'KILLED', 'KILLED', 'KILLED', 'KILLED', 'KILLED', 'KILLED', 'KILLED', 'KILLED', 'KILLED', 'KILLED', 'KILLED', 'KILLED', 'KILLED', 'KILLED', 'KILLED', 'KILLED', 'KILLED', 'KILLED', 'KILLED', 'SURVIVED', 'SURVIVED', 'SURVIVED', 'SURVIVED', 'SURVIVED', 'SURVIVED', 'SURVIVED', 'SURVIVED', 'SURVIVED', 'SURVIVED', 'SURVIVED', 'SURVIVED', 'SURVIVED', 'SURVIVED', 'SURVIVED', 'SURVIVED', 'SURVIVED', 'SURVIVED', 'SURVIVED', 'SURVIVED', 'SURVIVED', 'SURVIVED', 'SURVIVED', 'SURVIVED', 'SURVIVED', 'SURVIVED', 'SURVIVED', 'SURVIVED', 'SURVIVED', 'SURVIVED', 'SURVIVED', 'SURVIVED', 'SURVIVED', 'SURVIVED', 'SURVIVED', 'SURVIVED']","['SURVIVED', 'KILLED', 'KILLED', 'KILLED', 'KILLED', 'SURVIVED', 'SURVIVED', 'SURVIVED', 'SURVIVED', 'KILLED', 'SURVIVED', 'KILLED', 'SURVIVED', 'KILLED', 'KILLED', 'KILLED', 'KILLED', 'KILLED', 'KILLED', 'KILLED', 'SURVIVED', 'KILLED', 'KILLED', 'SURVIVED', 'SURVIVED', 'SURVIVED', 'KILLED', 'KILLED', 'KILLED', 'KILLED', 'KILLED', 'SURVIVED', 'SURVIVED', 'SURVIVED', 'SURVIVED', 'SURVIVED', 'KILLED', 'SURVIVED', 'KILLED', 'SURVIVED', 'SURVIVED', 'KILLED', 'KILLED', 'SURVIVED', 'KILLED', 'SURVIVED', 'KILLED', 'KILLED', 'KILLED', 'SURVIVED', 'SURVIVED', 'KILLED', 'KILLED', 'SURVIVED', 'SURVIVED', 'SURVIVED', 'SURVIVED', 'SURVIVED', 'KILLED', 'KILLED', 'KILLED', 'KILLED', 'KILLED', 'KILLED', 'SURVIVED']"
Csv_5,"['KILLED', 'KILLED', 'KILLED', 'KILLED', 'KILLED', 'SURVIVED', 'SURVIVED', 'SURVIVED', 'SURVIVED', 'SURVIVED', 'SURVIVED', 'SURVIVED', 'SURVIVED', 'SURVIVED', 'SURVIVED', 'SURVIVED', 'SURVIVED', 'SURVIVED', 'SURVIVED', 'SURVIVED', 'SURVIVED', 'SURVIVED', 'SURVIVED', 'SURVIVED', 'SURVIVED', 'SURVIVED', 'SURVIVED', 'SURVIVED', 'SURVIVED', 'SURVIVED', 'SURVIVED', 'SURVIVED', 'SURVIVED', 'SURVIVED', 'SURVIVED', 'SURVIVED', 'SURVIVED', 'SURVIVED', 'SURVIVED', 'SURVIVED', 'SURVIVED', 'SURVIVED', 'SURVIVED', 'SURVIVED', 'SURVIVED', 'SURVIVED', 'SURVIVED', 'SURVIVED', 'SURVIVED', 'SURVIVED', 'SURVIVED', 'SURVIVED', 'SURVIVED', 'SURVIVED', 'SURVIVED', 'SURVIVED', 'SURVIVED', 'SURVIVED', 'SURVIVED', 'SURVIVED', 'SURVIVED', 'SURVIVED', 'SURVIVED', 'SURVIVED', 'SURVIVED']","['SURVIVED', 'SURVIVED', 'KILLED', 'SURVIVED', 'SURVIVED', 'KILLED', 'KILLED', 'KILLED', 'KILLED', 'KILLED', 'SURVIVED', 'KILLED', 'KILLED', 'SURVIVED', 'KILLED', 'SURVIVED', 'KILLED', 'KILLED', 'KILLED', 'KILLED', 'KILLED', 'SURVIVED', 'SURVIVED', 'SURVIVED', 'KILLED', 'SURVIVED', 'KILLED', 'SURVIVED', 'SURVIVED', 'SURVIVED', 'KILLED', 'KILLED', 'SURVIVED', 'KILLED', 'SURVIVED', 'KILLED', 'SURVIVED', 'KILLED', 'KILLED', 'SURVIVED', 'SURVIVED', 'KILLED', 'SURVIVED', 'KILLED', 'SURVIVED', 'SURVIVED', 'KILLED', 'SURVIVED', 'KILLED', 'SURVIVED', 'KILLED', 'SURVIVED', 'SURVIVED', 'KILLED', 'SURVIVED', 'KILLED', 'SURVIVED', 'KILLED', 'SURVIVED', 'KILLED', 'KILLED', 'KILLED', 'SURVIVED', 'KILLED', 'SURVIVED']"
Csv_5,"['SURVIVED', 'SURVIVED', 'SURVIVED', 'SURVIVED', 'SURVIVED', 'SURVIVED', 'SURVIVED', 'SURVIVED', 'SURVIVED', 'SURVIVED', 'SURVIVED', 'SURVIVED', 'SURVIVED', 'SURVIVED', 'SURVIVED', 'SURVIVED', 'SURVIVED', 'SURVIVED', 'SURVIVED']","['KILLED', 'SURVIVED', 'KILLED', 'KILLED', 'SURVIVED', 'KILLED', 'KILLED', 'KILLED', 'KILLED', 'SURVIVED', 'KILLED', 'SURVIVED', 'SURVIVED', 'KILLED', 'KILLED', 'KILLED', 'KILLED', 'SURVIVED', 'SURVIVED']"
Csv_5,"['KILLED', 'KILLED', 'KILLED', 'KILLED', 'KILLED', 'SURVIVED', 'SURVIVED', 'SURVIVED', 'SURVIVED', 'SURVIVED', 'SURVIVED', 'SURVIVED', 'SURVIVED', 'SURVIVED', 'SURVIVED', 'SURVIVED', 'SURVIVED', 'SURVIVED', 'SURVIVED']","['KILLED', 'KILLED', 'KILLED', 'KILLED', 'KILLED', 'KILLED', 'KILLED', 'SURVIVED', 'KILLED', 'KILLED', 'KILLED', 'KILLED', 'SURVIVED', 'KILLED', 'KILLED', 'KILLED', 'SURVIVED', 'SURVIVED', 'KILLED']"
Csv_5,"['KILLED', 'KILLED', 'KILLED', 'KILLED', 'KILLED', 'SURVIVED', 'SURVIVED', 'SURVIVED', 'SURVIVED', 'SURVIVED', 'SURVIVED', 'SURVIVED', 'SURVIVED', 'SURVIVED', 'SURVIVED', 'SURVIVED', 'SURVIVED', 'SURVIVED', 'SURVIVED']","['SURVIVED', 'SURVIVED', 'SURVIVED', 'KILLED', 'KILLED', 'KILLED', 'SURVIVED', 'KILLED', 'KILLED', 'KILLED', 'KILLED', 'SURVIVED', 'KILLED', 'SURVIVED', 'KILLED', 'KILLED', 'KILLED', 'KILLED', 'KILLED']"
Csv_5,"['KILLED', 'KILLED', 'SURVIVED', 'SURVIVED', 'SURVIVED', 'SURVIVED']","['SURVIVED', 'SURVIVED', 'KILLED', 'SURVIVED', 'SURVIVED', 'KILLED']"
Csv_5,"['KILLED', 'KILLED', 'KILLED', 'KILLED', 'KILLED', 'KILLED']","['SURVIVED', 'KILLED', 'SURVIVED', 'KILLED', 'KILLED', 'KILLED']"
Csv_5,"['KILLED', 'KILLED', 'KILLED', 'KILLED', 'KILLED', 'KILLED']","['KILLED', 'SURVIVED', 'SURVIVED', 'KILLED', 'SURVIVED', 'KILLED']"
Csv_5,"['KILLED', 'SURVIVED', 'SURVIVED', 'SURVIVED', 'SURVIVED', 'SURVIVED']","['SURVIVED', 'KILLED', 'KILLED', 'KILLED', 'KILLED', 'SURVIVED']"
Csv_5,"['KILLED', 'SURVIVED', 'SURVIVED', 'SURVIVED', 'SURVIVED', 'SURVIVED', 'SURVIVED', 'SURVIVED', 'SURVIVED', 'SURVIVED', 'SURVIVED', 'SURVIVED', 'SURVIVED', 'SURVIVED', 'SURVIVED', 'SURVIVED', 'SURVIVED', 'SURVIVED', 'SURVIVED', 'SURVIVED', 'SURVIVED', 'SURVIVED', 'SURVIVED', 'SURVIVED', 'SURVIVED', 'SURVIVED', 'SURVIVED', 'SURVIVED', 'SURVIVED', 'SURVIVED', 'SURVIVED', 'SURVIVED', 'SURVIVED', 'SURVIVED', 'SURVIVED', 'SURVIVED', 'SURVIVED', 'SURVIVED', 'SURVIVED', 'SURVIVED', 'SURVIVED', 'SURVIVED', 'SURVIVED', 'SURVIVED', 'SURVIVED', 'SURVIVED', 'SURVIVED', 'SURVIVED', 'SURVIVED', 'SURVIVED', 'SURVIVED', 'SURVIVED', 'SURVIVED', 'SURVIVED', 'SURVIVED', 'SURVIVED', 'SURVIVED', 'SURVIVED', 'SURVIVED', 'SURVIVED', 'SURVIVED', 'SURVIVED', 'SURVIVED']","['SURVIVED', 'KILLED', 'SURVIVED', 'KILLED', 'SURVIVED', 'SURVIVED', 'SURVIVED', 'KILLED', 'SURVIVED', 'SURVIVED', 'SURVIVED', 'SURVIVED', 'KILLED', 'KILLED', 'KILLED', 'KILLED', 'SURVIVED', 'KILLED', 'SURVIVED', 'SURVIVED', 'SURVIVED', 'KILLED', 'KILLED', 'SURVIVED', 'SURVIVED', 'KILLED', 'KILLED', 'SURVIVED', 'KILLED', 'KILLED', 'SURVIVED', 'SURVIVED', 'SURVIVED', 'SURVIVED', 'SURVIVED', 'SURVIVED', 'SURVIVED', 'SURVIVED', 'KILLED', 'KILLED', 'SURVIVED', 'SURVIVED', 'SURVIVED', 'SURVIVED', 'KILLED', 'SURVIVED', 'KILLED', 'SURVIVED', 'KILLED', 'KILLED', 'KILLED', 'SURVIVED', 'KILLED', 'KILLED', 'KILLED', 'SURVIVED', 'SURVIVED', 'KILLED', 'KILLED', 'KILLED', 'SURVIVED', 'SURVIVED', 'KILLED']"
Csv_5,"['KILLED', 'SURVIVED', 'SURVIVED', 'SURVIVED', 'SURVIVED', 'SURVIVED', 'SURVIVED', 'SURVIVED', 'SURVIVED', 'SURVIVED', 'SURVIVED', 'SURVIVED', 'SURVIVED', 'SURVIVED', 'SURVIVED', 'SURVIVED', 'SURVIVED', 'SURVIVED', 'SURVIVED', 'SURVIVED', 'SURVIVED', 'SURVIVED', 'SURVIVED', 'SURVIVED', 'SURVIVED', 'SURVIVED', 'SURVIVED', 'SURVIVED', 'SURVIVED', 'SURVIVED', 'SURVIVED', 'SURVIVED', 'SURVIVED', 'SURVIVED', 'SURVIVED', 'SURVIVED', 'SURVIVED', 'SURVIVED', 'SURVIVED', 'SURVIVED', 'SURVIVED', 'SURVIVED', 'SURVIVED', 'SURVIVED', 'SURVIVED', 'SURVIVED', 'SURVIVED', 'SURVIVED', 'SURVIVED', 'SURVIVED', 'SURVIVED', 'SURVIVED', 'SURVIVED', 'SURVIVED', 'SURVIVED', 'SURVIVED', 'SURVIVED', 'SURVIVED', 'SURVIVED', 'SURVIVED', 'SURVIVED', 'SURVIVED', 'SURVIVED']","['SURVIVED', 'SURVIVED', 'KILLED', 'SURVIVED', 'KILLED', 'KILLED', 'KILLED', 'KILLED', 'KILLED', 'KILLED', 'KILLED', 'SURVIVED', 'KILLED', 'SURVIVED', 'SURVIVED', 'KILLED', 'KILLED', 'KILLED', 'SURVIVED', 'KILLED', 'KILLED', 'KILLED', 'SURVIVED', 'KILLED', 'KILLED', 'KILLED', 'KILLED', 'KILLED', 'SURVIVED', 'KILLED', 'KILLED', 'SURVIVED', 'KILLED', 'SURVIVED', 'SURVIVED', 'SURVIVED', 'SURVIVED', 'SURVIVED', 'KILLED', 'SURVIVED', 'KILLED', 'KILLED', 'KILLED', 'KILLED', 'KILLED', 'KILLED', 'KILLED', 'SURVIVED', 'SURVIVED', 'SURVIVED', 'SURVIVED', 'SURVIVED', 'KILLED', 'SURVIVED', 'KILLED', 'SURVIVED', 'KILLED', 'SURVIVED', 'KILLED', 'KILLED', 'SURVIVED', 'KILLED', 'KILLED']"
Csv_5,"['KILLED', 'KILLED', 'KILLED', 'KILLED', 'KILLED', 'KILLED', 'KILLED', 'SURVIVED', 'SURVIVED', 'SURVIVED', 'SURVIVED', 'SURVIVED', 'SURVIVED', 'SURVIVED', 'SURVIVED', 'SURVIVED', 'SURVIVED', 'SURVIVED', 'SURVIVED', 'SURVIVED', 'SURVIVED', 'SURVIVED', 'SURVIVED', 'SURVIVED', 'SURVIVED', 'SURVIVED', 'SURVIVED', 'SURVIVED', 'SURVIVED', 'SURVIVED', 'SURVIVED', 'SURVIVED', 'SURVIVED', 'SURVIVED', 'SURVIVED', 'SURVIVED', 'SURVIVED', 'SURVIVED', 'SURVIVED', 'SURVIVED', 'SURVIVED', 'SURVIVED', 'SURVIVED', 'SURVIVED', 'SURVIVED', 'SURVIVED', 'SURVIVED', 'SURVIVED', 'SURVIVED', 'SURVIVED', 'SURVIVED', 'SURVIVED', 'SURVIVED', 'SURVIVED', 'SURVIVED', 'SURVIVED', 'SURVIVED', 'SURVIVED', 'SURVIVED', 'SURVIVED', 'SURVIVED', 'SURVIVED', 'SURVIVED']","['SURVIVED', 'KILLED', 'KILLED', 'SURVIVED', 'SURVIVED', 'SURVIVED', 'SURVIVED', 'SURVIVED', 'KILLED', 'KILLED', 'SURVIVED', 'SURVIVED', 'KILLED', 'SURVIVED', 'KILLED', 'KILLED', 'KILLED', 'SURVIVED', 'SURVIVED', 'KILLED', 'KILLED', 'SURVIVED', 'KILLED', 'KILLED', 'KILLED', 'KILLED', 'KILLED', 'SURVIVED', 'KILLED', 'KILLED', 'KILLED', 'KILLED', 'SURVIVED', 'KILLED', 'KILLED', 'SURVIVED', 'KILLED', 'KILLED', 'SURVIVED', 'KILLED', 'SURVIVED', 'KILLED', 'SURVIVED', 'SURVIVED', 'SURVIVED', 'KILLED', 'SURVIVED', 'SURVIVED', 'SURVIVED', 'KILLED', 'KILLED', 'SURVIVED', 'SURVIVED', 'KILLED', 'KILLED', 'KILLED', 'SURVIVED', 'SURVIVED', 'KILLED', 'SURVIVED', 'KILLED', 'KILLED', 'SURVIVED']"
Csv_5,"['KILLED', 'KILLED', 'KILLED', 'KILLED', 'KILLED', 'KILLED', 'KILLED', 'KILLED', 'KILLED', 'KILLED', 'KILLED', 'KILLED', 'KILLED', 'SURVIVED', 'SURVIVED', 'SURVIVED', 'SURVIVED', 'SURVIVED', 'SURVIVED', 'SURVIVED', 'SURVIVED', 'SURVIVED', 'SURVIVED', 'SURVIVED', 'SURVIVED', 'SURVIVED', 'SURVIVED', 'SURVIVED', 'SURVIVED', 'SURVIVED', 'SURVIVED', 'SURVIVED', 'SURVIVED', 'SURVIVED', 'SURVIVED', 'SURVIVED', 'SURVIVED', 'SURVIVED', 'SURVIVED', 'SURVIVED', 'SURVIVED', 'SURVIVED', 'SURVIVED', 'SURVIVED', 'SURVIVED', 'SURVIVED', 'SURVIVED', 'SURVIVED', 'SURVIVED', 'SURVIVED', 'SURVIVED', 'SURVIVED', 'SURVIVED', 'SURVIVED', 'SURVIVED', 'SURVIVED', 'SURVIVED', 'SURVIVED', 'SURVIVED', 'SURVIVED', 'SURVIVED', 'SURVIVED', 'SURVIVED']","['KILLED', 'KILLED', 'KILLED', 'KILLED', 'KILLED', 'KILLED', 'SURVIVED', 'SURVIVED', 'KILLED', 'SURVIVED', 'SURVIVED', 'SURVIVED', 'SURVIVED', 'KILLED', 'SURVIVED', 'KILLED', 'KILLED', 'KILLED', 'KILLED', 'SURVIVED', 'KILLED', 'KILLED', 'KILLED', 'SURVIVED', 'KILLED', 'SURVIVED', 'KILLED', 'SURVIVED', 'SURVIVED', 'KILLED', 'SURVIVED', 'KILLED', 'KILLED', 'SURVIVED', 'SURVIVED', 'SURVIVED', 'KILLED', 'KILLED', 'KILLED', 'SURVIVED', 'SURVIVED', 'SURVIVED', 'SURVIVED', 'SURVIVED', 'KILLED', 'KILLED', 'SURVIVED', 'KILLED', 'SURVIVED', 'SURVIVED', 'SURVIVED', 'SURVIVED', 'KILLED', 'SURVIVED', 'SURVIVED', 'SURVIVED', 'SURVIVED', 'KILLED', 'SURVIVED', 'SURVIVED', 'SURVIVED', 'KILLED', 'KILLED']"
Csv_5,"['SURVIVED', 'SURVIVED', 'SURVIVED', 'SURVIVED', 'SURVIVED', 'SURVIVED', 'SURVIVED', 'SURVIVED', 'SURVIVED', 'SURVIVED', 'SURVIVED', 'SURVIVED', 'SURVIVED', 'SURVIVED', 'SURVIVED', 'SURVIVED', 'SURVIVED', 'SURVIVED', 'SURVIVED', 'SURVIVED', 'SURVIVED', 'SURVIVED', 'SURVIVED', 'SURVIVED', 'SURVIVED', 'SURVIVED', 'SURVIVED', 'SURVIVED', 'SURVIVED', 'SURVIVED', 'SURVIVED', 'SURVIVED', 'SURVIVED', 'SURVIVED', 'SURVIVED', 'SURVIVED', 'SURVIVED', 'SURVIVED', 'SURVIVED', 'SURVIVED', 'SURVIVED', 'SURVIVED', 'SURVIVED', 'SURVIVED', 'SURVIVED', 'SURVIVED', 'SURVIVED', 'SURVIVED', 'SURVIVED', 'SURVIVED', 'SURVIVED', 'SURVIVED', 'SURVIVED', 'SURVIVED', 'SURVIVED', 'SURVIVED', 'SURVIVED', 'SURVIVED', 'SURVIVED', 'SURVIVED', 'SURVIVED', 'SURVIVED', 'SURVIVED']","['KILLED', 'KILLED', 'KILLED', 'KILLED', 'SURVIVED', 'SURVIVED', 'KILLED', 'SURVIVED', 'KILLED', 'KILLED', 'SURVIVED', 'SURVIVED', 'KILLED', 'SURVIVED', 'SURVIVED', 'SURVIVED', 'SURVIVED', 'KILLED', 'KILLED', 'KILLED', 'KILLED', 'SURVIVED', 'SURVIVED', 'KILLED', 'SURVIVED', 'SURVIVED', 'KILLED', 'SURVIVED', 'SURVIVED', 'SURVIVED', 'KILLED', 'SURVIVED', 'KILLED', 'SURVIVED', 'SURVIVED', 'KILLED', 'KILLED', 'SURVIVED', 'KILLED', 'KILLED', 'SURVIVED', 'KILLED', 'SURVIVED', 'KILLED', 'SURVIVED', 'SURVIVED', 'SURVIVED', 'KILLED', 'KILLED', 'KILLED', 'KILLED', 'SURVIVED', 'SURVIVED', 'SURVIVED', 'KILLED', 'KILLED', 'KILLED', 'KILLED', 'SURVIVED', 'SURVIVED', 'KILLED', 'SURVIVED', 'SURVIVED']"
Csv_5,"['KILLED', 'KILLED', 'SURVIVED', 'SURVIVED', 'SURVIVED', 'SURVIVED', 'SURVIVED', 'SURVIVED', 'SURVIVED', 'SURVIVED', 'SURVIVED', 'SURVIVED', 'SURVIVED', 'SURVIVED', 'SURVIVED', 'SURVIVED', 'SURVIVED', 'SURVIVED', 'SURVIVED', 'SURVIVED', 'SURVIVED', 'SURVIVED', 'SURVIVED', 'SURVIVED', 'SURVIVED', 'SURVIVED', 'SURVIVED', 'SURVIVED', 'SURVIVED', 'SURVIVED', 'SURVIVED', 'SURVIVED', 'SURVIVED', 'SURVIVED', 'SURVIVED', 'SURVIVED', 'SURVIVED', 'SURVIVED', 'SURVIVED', 'SURVIVED', 'SURVIVED', 'SURVIVED', 'SURVIVED', 'SURVIVED', 'SURVIVED', 'SURVIVED', 'SURVIVED', 'SURVIVED', 'SURVIVED', 'SURVIVED', 'SURVIVED', 'SURVIVED', 'SURVIVED', 'SURVIVED', 'SURVIVED', 'SURVIVED', 'SURVIVED', 'SURVIVED', 'SURVIVED', 'SURVIVED', 'SURVIVED', 'SURVIVED', 'SURVIVED']","['SURVIVED', 'KILLED', 'SURVIVED', 'KILLED', 'KILLED', 'KILLED', 'SURVIVED', 'SURVIVED', 'SURVIVED', 'KILLED', 'KILLED', 'SURVIVED', 'SURVIVED', 'SURVIVED', 'SURVIVED', 'KILLED', 'SURVIVED', 'SURVIVED', 'SURVIVED', 'KILLED', 'KILLED', 'KILLED', 'KILLED', 'SURVIVED', 'SURVIVED', 'KILLED', 'KILLED', 'SURVIVED', 'KILLED', 'SURVIVED', 'SURVIVED', 'KILLED', 'SURVIVED', 'SURVIVED', 'KILLED', 'SURVIVED', 'KILLED', 'SURVIVED', 'KILLED', 'KILLED', 'KILLED', 'KILLED', 'SURVIVED', 'KILLED', 'SURVIVED', 'KILLED', 'SURVIVED', 'KILLED', 'KILLED', 'KILLED', 'SURVIVED', 'SURVIVED', 'KILLED', 'SURVIVED', 'SURVIVED', 'KILLED', 'SURVIVED', 'SURVIVED', 'SURVIVED', 'SURVIVED', 'SURVIVED', 'SURVIVED', 'SURVIVED']"
Csv_5,"['KILLED', 'KILLED', 'KILLED', 'KILLED', 'KILLED', 'KILLED', 'KILLED', 'SURVIVED', 'SURVIVED', 'SURVIVED', 'SURVIVED', 'SURVIVED', 'SURVIVED', 'SURVIVED', 'SURVIVED', 'SURVIVED', 'SURVIVED', 'SURVIVED', 'SURVIVED', 'SURVIVED', 'SURVIVED', 'SURVIVED', 'SURVIVED', 'SURVIVED', 'SURVIVED', 'SURVIVED', 'SURVIVED', 'SURVIVED', 'SURVIVED', 'SURVIVED', 'SURVIVED', 'SURVIVED', 'SURVIVED', 'SURVIVED', 'SURVIVED', 'SURVIVED', 'SURVIVED', 'SURVIVED', 'SURVIVED', 'SURVIVED', 'SURVIVED', 'SURVIVED', 'SURVIVED', 'SURVIVED', 'SURVIVED', 'SURVIVED', 'SURVIVED', 'SURVIVED', 'SURVIVED', 'SURVIVED', 'SURVIVED', 'SURVIVED', 'SURVIVED', 'SURVIVED', 'SURVIVED', 'SURVIVED', 'SURVIVED', 'SURVIVED', 'SURVIVED', 'SURVIVED', 'SURVIVED', 'SURVIVED', 'SURVIVED']","['SURVIVED', 'KILLED', 'KILLED', 'SURVIVED', 'SURVIVED', 'SURVIVED', 'KILLED', 'KILLED', 'SURVIVED', 'SURVIVED', 'SURVIVED', 'SURVIVED', 'SURVIVED', 'KILLED', 'KILLED', 'KILLED', 'KILLED', 'KILLED', 'SURVIVED', 'KILLED', 'SURVIVED', 'KILLED', 'SURVIVED', 'KILLED', 'SURVIVED', 'SURVIVED', 'KILLED', 'KILLED', 'SURVIVED', 'SURVIVED', 'KILLED', 'KILLED', 'SURVIVED', 'KILLED', 'SURVIVED', 'SURVIVED', 'SURVIVED', 'SURVIVED', 'KILLED', 'SURVIVED', 'KILLED', 'SURVIVED', 'SURVIVED', 'SURVIVED', 'SURVIVED', 'SURVIVED', 'KILLED', 'KILLED', 'SURVIVED', 'KILLED', 'KILLED', 'KILLED', 'KILLED', 'SURVIVED', 'SURVIVED', 'SURVIVED', 'KILLED', 'SURVIVED', 'KILLED', 'SURVIVED', 'KILLED', 'SURVIVED', 'KILLED']"
Csv_5,"['KILLED', 'KILLED', 'KILLED', 'KILLED', 'KILLED', 'KILLED', 'KILLED', 'KILLED', 'KILLED', 'KILLED', 'KILLED', 'KILLED', 'KILLED', 'SURVIVED', 'SURVIVED', 'SURVIVED', 'SURVIVED', 'SURVIVED', 'SURVIVED', 'SURVIVED', 'SURVIVED', 'SURVIVED', 'SURVIVED', 'SURVIVED', 'SURVIVED', 'SURVIVED', 'SURVIVED', 'SURVIVED', 'SURVIVED', 'SURVIVED', 'SURVIVED', 'SURVIVED', 'SURVIVED', 'SURVIVED', 'SURVIVED', 'SURVIVED', 'SURVIVED', 'SURVIVED', 'SURVIVED', 'SURVIVED', 'SURVIVED', 'SURVIVED', 'SURVIVED', 'SURVIVED', 'SURVIVED', 'SURVIVED', 'SURVIVED', 'SURVIVED', 'SURVIVED', 'SURVIVED', 'SURVIVED', 'SURVIVED', 'SURVIVED', 'SURVIVED', 'SURVIVED', 'SURVIVED', 'SURVIVED', 'SURVIVED', 'SURVIVED', 'SURVIVED', 'SURVIVED', 'SURVIVED', 'SURVIVED']","['SURVIVED', 'KILLED', 'SURVIVED', 'KILLED', 'SURVIVED', 'SURVIVED', 'KILLED', 'SURVIVED', 'KILLED', 'KILLED', 'KILLED', 'KILLED', 'SURVIVED', 'SURVIVED', 'KILLED', 'SURVIVED', 'KILLED', 'KILLED', 'KILLED', 'KILLED', 'SURVIVED', 'KILLED', 'KILLED', 'KILLED', 'KILLED', 'SURVIVED', 'KILLED', 'KILLED', 'SURVIVED', 'SURVIVED', 'KILLED', 'KILLED', 'KILLED', 'SURVIVED', 'KILLED', 'KILLED', 'SURVIVED', 'SURVIVED', 'KILLED', 'SURVIVED', 'KILLED', 'KILLED', 'KILLED', 'KILLED', 'KILLED', 'SURVIVED', 'KILLED', 'KILLED', 'KILLED', 'SURVIVED', 'SURVIVED', 'KILLED', 'KILLED', 'KILLED', 'SURVIVED', 'SURVIVED', 'KILLED', 'SURVIVED', 'KILLED', 'SURVIVED', 'KILLED', 'SURVIVED', 'KILLED']"
Csv_5,"['SURVIVED', 'SURVIVED', 'SURVIVED', 'SURVIVED', 'SURVIVED', 'SURVIVED', 'SURVIVED', 'SURVIVED', 'SURVIVED', 'SURVIVED', 'SURVIVED', 'SURVIVED', 'SURVIVED', 'SURVIVED', 'SURVIVED', 'SURVIVED', 'SURVIVED', 'SURVIVED', 'SURVIVED', 'SURVIVED', 'SURVIVED', 'SURVIVED', 'SURVIVED', 'SURVIVED', 'SURVIVED', 'SURVIVED', 'SURVIVED', 'SURVIVED', 'SURVIVED', 'SURVIVED', 'SURVIVED', 'SURVIVED', 'SURVIVED', 'SURVIVED', 'SURVIVED', 'SURVIVED', 'SURVIVED', 'SURVIVED', 'SURVIVED', 'SURVIVED', 'SURVIVED', 'SURVIVED', 'SURVIVED', 'SURVIVED', 'SURVIVED', 'SURVIVED', 'SURVIVED', 'SURVIVED', 'SURVIVED', 'SURVIVED', 'SURVIVED', 'SURVIVED', 'SURVIVED', 'SURVIVED', 'SURVIVED', 'SURVIVED', 'SURVIVED', 'SURVIVED', 'SURVIVED', 'SURVIVED', 'SURVIVED', 'SURVIVED', 'SURVIVED']","['SURVIVED', 'KILLED', 'KILLED', 'SURVIVED', 'SURVIVED', 'SURVIVED', 'SURVIVED', 'KILLED', 'KILLED', 'SURVIVED', 'KILLED', 'KILLED', 'KILLED', 'KILLED', 'SURVIVED', 'SURVIVED', 'SURVIVED', 'KILLED', 'KILLED', 'SURVIVED', 'KILLED', 'KILLED', 'KILLED', 'KILLED', 'KILLED', 'KILLED', 'SURVIVED', 'KILLED', 'KILLED', 'KILLED', 'SURVIVED', 'KILLED', 'KILLED', 'KILLED', 'KILLED', 'SURVIVED', 'SURVIVED', 'SURVIVED', 'KILLED', 'KILLED', 'SURVIVED', 'SURVIVED', 'SURVIVED', 'SURVIVED', 'SURVIVED', 'SURVIVED', 'KILLED', 'SURVIVED', 'KILLED', 'KILLED', 'SURVIVED', 'SURVIVED', 'KILLED', 'SURVIVED', 'KILLED', 'KILLED', 'SURVIVED', 'SURVIVED', 'SURVIVED', 'SURVIVED', 'SURVIVED', 'SURVIVED', 'KILLED']"
Csv_5,"['KILLED', 'KILLED', 'KILLED', 'KILLED', 'KILLED', 'KILLED', 'KILLED', 'KILLED', 'KILLED', 'KILLED', 'KILLED', 'KILLED', 'KILLED', 'SURVIVED', 'SURVIVED', 'SURVIVED', 'SURVIVED', 'SURVIVED', 'SURVIVED', 'SURVIVED', 'SURVIVED', 'SURVIVED', 'SURVIVED', 'SURVIVED', 'SURVIVED', 'SURVIVED', 'SURVIVED', 'SURVIVED', 'SURVIVED', 'SURVIVED', 'SURVIVED', 'SURVIVED', 'SURVIVED', 'SURVIVED', 'SURVIVED', 'SURVIVED', 'SURVIVED', 'SURVIVED', 'SURVIVED', 'SURVIVED', 'SURVIVED', 'SURVIVED', 'SURVIVED', 'SURVIVED', 'SURVIVED', 'SURVIVED', 'SURVIVED', 'SURVIVED', 'SURVIVED', 'SURVIVED', 'SURVIVED', 'SURVIVED', 'SURVIVED', 'SURVIVED', 'SURVIVED', 'SURVIVED', 'SURVIVED', 'SURVIVED', 'SURVIVED', 'SURVIVED', 'SURVIVED', 'SURVIVED', 'SURVIVED']","['SURVIVED', 'SURVIVED', 'KILLED', 'SURVIVED', 'SURVIVED', 'KILLED', 'SURVIVED', 'KILLED', 'KILLED', 'SURVIVED', 'SURVIVED', 'SURVIVED', 'SURVIVED', 'SURVIVED', 'KILLED', 'KILLED', 'KILLED', 'SURVIVED', 'SURVIVED', 'KILLED', 'SURVIVED', 'KILLED', 'KILLED', 'KILLED', 'SURVIVED', 'SURVIVED', 'KILLED', 'SURVIVED', 'KILLED', 'KILLED', 'SURVIVED', 'KILLED', 'SURVIVED', 'KILLED', 'SURVIVED', 'SURVIVED', 'KILLED', 'KILLED', 'SURVIVED', 'SURVIVED', 'KILLED', 'KILLED', 'KILLED', 'SURVIVED', 'KILLED', 'SURVIVED', 'SURVIVED', 'SURVIVED', 'SURVIVED', 'KILLED', 'KILLED', 'KILLED', 'SURVIVED', 'SURVIVED', 'KILLED', 'SURVIVED', 'SURVIVED', 'KILLED', 'KILLED', 'SURVIVED', 'KILLED', 'SURVIVED', 'SURVIVED']"
Csv_5,"['KILLED', 'KILLED', 'KILLED', 'KILLED', 'KILLED', 'KILLED', 'KILLED', 'SURVIVED', 'SURVIVED', 'SURVIVED', 'SURVIVED', 'SURVIVED', 'SURVIVED', 'SURVIVED', 'SURVIVED', 'SURVIVED', 'SURVIVED', 'SURVIVED', 'SURVIVED', 'SURVIVED', 'SURVIVED', 'SURVIVED', 'SURVIVED', 'SURVIVED', 'SURVIVED', 'SURVIVED', 'SURVIVED', 'SURVIVED', 'SURVIVED', 'SURVIVED', 'SURVIVED', 'SURVIVED', 'SURVIVED', 'SURVIVED', 'SURVIVED', 'SURVIVED', 'SURVIVED', 'SURVIVED', 'SURVIVED', 'SURVIVED', 'SURVIVED', 'SURVIVED', 'SURVIVED', 'SURVIVED', 'SURVIVED', 'SURVIVED', 'SURVIVED', 'SURVIVED', 'SURVIVED', 'SURVIVED', 'SURVIVED', 'SURVIVED', 'SURVIVED', 'SURVIVED', 'SURVIVED', 'SURVIVED', 'SURVIVED', 'SURVIVED', 'SURVIVED', 'SURVIVED', 'SURVIVED', 'SURVIVED', 'SURVIVED']","['KILLED', 'KILLED', 'SURVIVED', 'KILLED', 'KILLED', 'SURVIVED', 'SURVIVED', 'KILLED', 'SURVIVED', 'KILLED', 'KILLED', 'SURVIVED', 'KILLED', 'KILLED', 'SURVIVED', 'KILLED', 'SURVIVED', 'SURVIVED', 'SURVIVED', 'SURVIVED', 'SURVIVED', 'SURVIVED', 'KILLED', 'SURVIVED', 'SURVIVED', 'KILLED', 'SURVIVED', 'SURVIVED', 'SURVIVED', 'SURVIVED', 'KILLED', 'SURVIVED', 'KILLED', 'KILLED', 'KILLED', 'KILLED', 'KILLED', 'KILLED', 'KILLED', 'SURVIVED', 'SURVIVED', 'KILLED', 'KILLED', 'KILLED', 'KILLED', 'SURVIVED', 'KILLED', 'KILLED', 'SURVIVED', 'KILLED', 'KILLED', 'KILLED', 'SURVIVED', 'KILLED', 'SURVIVED', 'SURVIVED', 'SURVIVED', 'SURVIVED', 'KILLED', 'KILLED', 'SURVIVED', 'KILLED', 'KILLED']"
Csv_5,"['SURVIVED', 'SURVIVED', 'SURVIVED', 'SURVIVED', 'SURVIVED', 'SURVIVED', 'SURVIVED', 'SURVIVED', 'SURVIVED', 'SURVIVED', 'SURVIVED', 'SURVIVED', 'SURVIVED', 'SURVIVED', 'SURVIVED', 'SURVIVED', 'SURVIVED', 'SURVIVED', 'SURVIVED', 'SURVIVED', 'SURVIVED', 'SURVIVED', 'SURVIVED', 'SURVIVED', 'SURVIVED', 'SURVIVED', 'SURVIVED', 'SURVIVED', 'SURVIVED', 'SURVIVED', 'SURVIVED', 'SURVIVED', 'SURVIVED', 'SURVIVED', 'SURVIVED', 'SURVIVED', 'SURVIVED', 'SURVIVED', 'SURVIVED', 'SURVIVED', 'SURVIVED', 'SURVIVED', 'SURVIVED', 'SURVIVED', 'SURVIVED', 'SURVIVED', 'SURVIVED', 'SURVIVED', 'SURVIVED', 'SURVIVED', 'SURVIVED', 'SURVIVED', 'SURVIVED', 'SURVIVED', 'SURVIVED', 'SURVIVED', 'SURVIVED', 'SURVIVED', 'SURVIVED', 'SURVIVED', 'SURVIVED', 'SURVIVED', 'SURVIVED']","['SURVIVED', 'KILLED', 'SURVIVED', 'SURVIVED', 'KILLED', 'KILLED', 'SURVIVED', 'SURVIVED', 'SURVIVED', 'SURVIVED', 'SURVIVED', 'KILLED', 'KILLED', 'SURVIVED', 'SURVIVED', 'KILLED', 'SURVIVED', 'KILLED', 'KILLED', 'KILLED', 'KILLED', 'SURVIVED', 'KILLED', 'KILLED', 'KILLED', 'KILLED', 'SURVIVED', 'SURVIVED', 'KILLED', 'SURVIVED', 'KILLED', 'SURVIVED', 'KILLED', 'SURVIVED', 'SURVIVED', 'SURVIVED', 'KILLED', 'KILLED', 'KILLED', 'KILLED', 'SURVIVED', 'SURVIVED', 'SURVIVED', 'KILLED', 'SURVIVED', 'KILLED', 'KILLED', 'SURVIVED', 'SURVIVED', 'KILLED', 'SURVIVED', 'KILLED', 'KILLED', 'SURVIVED', 'KILLED', 'KILLED', 'KILLED', 'KILLED', 'SURVIVED', 'KILLED', 'SURVIVED', 'KILLED', 'SURVIVED']"
Csv_5,"['KILLED', 'KILLED', 'KILLED', 'KILLED', 'KILLED', 'KILLED', 'KILLED', 'KILLED', 'KILLED', 'KILLED', 'KILLED', 'KILLED', 'KILLED', 'SURVIVED', 'SURVIVED', 'SURVIVED', 'SURVIVED', 'SURVIVED', 'SURVIVED', 'SURVIVED', 'SURVIVED', 'SURVIVED', 'SURVIVED', 'SURVIVED', 'SURVIVED', 'SURVIVED', 'SURVIVED', 'SURVIVED', 'SURVIVED', 'SURVIVED', 'SURVIVED', 'SURVIVED', 'SURVIVED', 'SURVIVED', 'SURVIVED', 'SURVIVED', 'SURVIVED', 'SURVIVED', 'SURVIVED', 'SURVIVED', 'SURVIVED', 'SURVIVED', 'SURVIVED', 'SURVIVED', 'SURVIVED', 'SURVIVED', 'SURVIVED', 'SURVIVED', 'SURVIVED', 'SURVIVED', 'SURVIVED', 'SURVIVED', 'SURVIVED', 'SURVIVED', 'SURVIVED', 'SURVIVED', 'SURVIVED', 'SURVIVED', 'SURVIVED', 'SURVIVED', 'SURVIVED', 'SURVIVED', 'SURVIVED']","['SURVIVED', 'SURVIVED', 'SURVIVED', 'KILLED', 'KILLED', 'SURVIVED', 'SURVIVED', 'KILLED', 'KILLED', 'SURVIVED', 'SURVIVED', 'SURVIVED', 'KILLED', 'SURVIVED', 'SURVIVED', 'SURVIVED', 'KILLED', 'KILLED', 'SURVIVED', 'SURVIVED', 'KILLED', 'SURVIVED', 'KILLED', 'SURVIVED', 'KILLED', 'SURVIVED', 'SURVIVED', 'SURVIVED', 'KILLED', 'KILLED', 'KILLED', 'KILLED', 'KILLED', 'KILLED', 'KILLED', 'KILLED', 'SURVIVED', 'KILLED', 'KILLED', 'KILLED', 'SURVIVED', 'KILLED', 'SURVIVED', 'SURVIVED', 'SURVIVED', 'KILLED', 'KILLED', 'SURVIVED', 'SURVIVED', 'KILLED', 'KILLED', 'KILLED', 'SURVIVED', 'SURVIVED', 'SURVIVED', 'KILLED', 'KILLED', 'KILLED', 'SURVIVED', 'SURVIVED', 'KILLED', 'KILLED', 'SURVIVED']"
Csv_5,"['KILLED', 'SURVIVED', 'SURVIVED', 'SURVIVED', 'SURVIVED', 'SURVIVED', 'SURVIVED', 'SURVIVED', 'SURVIVED', 'SURVIVED', 'SURVIVED', 'SURVIVED', 'SURVIVED', 'SURVIVED', 'SURVIVED', 'SURVIVED', 'SURVIVED', 'SURVIVED', 'SURVIVED', 'SURVIVED', 'SURVIVED', 'SURVIVED', 'SURVIVED', 'SURVIVED', 'SURVIVED', 'SURVIVED', 'SURVIVED', 'SURVIVED', 'SURVIVED', 'SURVIVED', 'SURVIVED', 'SURVIVED', 'SURVIVED', 'SURVIVED', 'SURVIVED', 'SURVIVED', 'SURVIVED', 'SURVIVED', 'SURVIVED', 'SURVIVED', 'SURVIVED', 'SURVIVED', 'SURVIVED', 'SURVIVED', 'SURVIVED', 'SURVIVED', 'SURVIVED', 'SURVIVED', 'SURVIVED', 'SURVIVED', 'SURVIVED', 'SURVIVED', 'SURVIVED', 'SURVIVED', 'SURVIVED', 'SURVIVED', 'SURVIVED', 'SURVIVED', 'SURVIVED', 'SURVIVED', 'SURVIVED', 'SURVIVED', 'SURVIVED']","['KILLED', 'KILLED', 'KILLED', 'SURVIVED', 'SURVIVED', 'KILLED', 'KILLED', 'SURVIVED', 'SURVIVED', 'SURVIVED', 'KILLED', 'KILLED', 'SURVIVED', 'KILLED', 'KILLED', 'KILLED', 'SURVIVED', 'SURVIVED', 'KILLED', 'SURVIVED', 'KILLED', 'SURVIVED', 'KILLED', 'KILLED', 'KILLED', 'SURVIVED', 'KILLED', 'KILLED', 'KILLED', 'KILLED', 'KILLED', 'SURVIVED', 'SURVIVED', 'SURVIVED', 'SURVIVED', 'SURVIVED', 'SURVIVED', 'SURVIVED', 'SURVIVED', 'SURVIVED', 'SURVIVED', 'KILLED', 'SURVIVED', 'SURVIVED', 'SURVIVED', 'SURVIVED', 'KILLED', 'SURVIVED', 'KILLED', 'KILLED', 'SURVIVED', 'KILLED', 'KILLED', 'SURVIVED', 'SURVIVED', 'KILLED', 'KILLED', 'SURVIVED', 'SURVIVED', 'KILLED', 'KILLED', 'KILLED', 'SURVIVED']"
Csv_5,"['SURVIVED', 'SURVIVED', 'SURVIVED', 'SURVIVED', 'SURVIVED', 'SURVIVED', 'SURVIVED', 'SURVIVED', 'SURVIVED', 'SURVIVED', 'SURVIVED', 'SURVIVED', 'SURVIVED', 'SURVIVED', 'SURVIVED', 'SURVIVED', 'SURVIVED', 'SURVIVED', 'SURVIVED', 'SURVIVED', 'SURVIVED', 'SURVIVED', 'SURVIVED', 'SURVIVED', 'SURVIVED', 'SURVIVED', 'SURVIVED', 'SURVIVED', 'SURVIVED', 'SURVIVED', 'SURVIVED', 'SURVIVED', 'SURVIVED', 'SURVIVED', 'SURVIVED', 'SURVIVED', 'SURVIVED', 'SURVIVED', 'SURVIVED', 'SURVIVED', 'SURVIVED', 'SURVIVED', 'SURVIVED', 'SURVIVED', 'SURVIVED', 'SURVIVED', 'SURVIVED', 'SURVIVED', 'SURVIVED', 'SURVIVED', 'SURVIVED', 'SURVIVED', 'SURVIVED', 'SURVIVED', 'SURVIVED', 'SURVIVED', 'SURVIVED', 'SURVIVED', 'SURVIVED', 'SURVIVED', 'SURVIVED', 'SURVIVED', 'SURVIVED']","['KILLED', 'SURVIVED', 'SURVIVED', 'KILLED', 'SURVIVED', 'SURVIVED', 'SURVIVED', 'SURVIVED', 'SURVIVED', 'SURVIVED', 'SURVIVED', 'KILLED', 'KILLED', 'SURVIVED', 'KILLED', 'SURVIVED', 'SURVIVED', 'SURVIVED', 'SURVIVED', 'KILLED', 'KILLED', 'SURVIVED', 'KILLED', 'SURVIVED', 'KILLED', 'SURVIVED', 'KILLED', 'SURVIVED', 'SURVIVED', 'SURVIVED', 'KILLED', 'SURVIVED', 'KILLED', 'SURVIVED', 'KILLED', 'KILLED', 'SURVIVED', 'KILLED', 'KILLED', 'SURVIVED', 'SURVIVED', 'KILLED', 'SURVIVED', 'SURVIVED', 'KILLED', 'KILLED', 'SURVIVED', 'KILLED', 'SURVIVED', 'SURVIVED', 'KILLED', 'KILLED', 'SURVIVED', 'KILLED', 'KILLED', 'SURVIVED', 'KILLED', 'SURVIVED', 'KILLED', 'KILLED', 'SURVIVED', 'SURVIVED', 'KILLED']"
Csv_5,"['KILLED', 'KILLED', 'KILLED', 'KILLED', 'KILLED', 'KILLED', 'KILLED', 'KILLED', 'KILLED', 'KILLED', 'KILLED', 'KILLED', 'KILLED', 'SURVIVED', 'SURVIVED', 'SURVIVED', 'SURVIVED', 'SURVIVED', 'SURVIVED', 'SURVIVED', 'SURVIVED', 'SURVIVED', 'SURVIVED', 'SURVIVED', 'SURVIVED', 'SURVIVED', 'SURVIVED', 'SURVIVED', 'SURVIVED', 'SURVIVED', 'SURVIVED', 'SURVIVED', 'SURVIVED', 'SURVIVED', 'SURVIVED', 'SURVIVED', 'SURVIVED', 'SURVIVED', 'SURVIVED', 'SURVIVED', 'SURVIVED', 'SURVIVED', 'SURVIVED', 'SURVIVED', 'SURVIVED', 'SURVIVED', 'SURVIVED', 'SURVIVED', 'SURVIVED', 'SURVIVED', 'SURVIVED', 'SURVIVED', 'SURVIVED', 'SURVIVED', 'SURVIVED', 'SURVIVED', 'SURVIVED', 'SURVIVED', 'SURVIVED', 'SURVIVED', 'SURVIVED', 'SURVIVED', 'SURVIVED']","['SURVIVED', 'SURVIVED', 'SURVIVED', 'KILLED', 'SURVIVED', 'SURVIVED', 'SURVIVED', 'KILLED', 'SURVIVED', 'SURVIVED', 'KILLED', 'KILLED', 'SURVIVED', 'KILLED', 'SURVIVED', 'KILLED', 'SURVIVED', 'SURVIVED', 'KILLED', 'SURVIVED', 'SURVIVED', 'KILLED', 'SURVIVED', 'SURVIVED', 'KILLED', 'KILLED', 'SURVIVED', 'SURVIVED', 'SURVIVED', 'SURVIVED', 'SURVIVED', 'SURVIVED', 'SURVIVED', 'SURVIVED', 'SURVIVED', 'SURVIVED', 'KILLED', 'KILLED', 'SURVIVED', 'KILLED', 'KILLED', 'SURVIVED', 'KILLED', 'SURVIVED', 'KILLED', 'SURVIVED', 'KILLED', 'SURVIVED', 'KILLED', 'SURVIVED', 'KILLED', 'SURVIVED', 'SURVIVED', 'KILLED', 'KILLED', 'KILLED', 'SURVIVED', 'KILLED', 'SURVIVED', 'KILLED', 'SURVIVED', 'SURVIVED', 'SURVIVED']"
Csv_5,"['KILLED', 'KILLED', 'SURVIVED', 'SURVIVED', 'SURVIVED', 'SURVIVED', 'SURVIVED', 'SURVIVED', 'SURVIVED', 'SURVIVED', 'SURVIVED', 'SURVIVED', 'SURVIVED', 'SURVIVED', 'SURVIVED', 'SURVIVED', 'SURVIVED', 'SURVIVED', 'SURVIVED', 'SURVIVED', 'SURVIVED', 'SURVIVED', 'SURVIVED', 'SURVIVED', 'SURVIVED', 'SURVIVED', 'SURVIVED', 'SURVIVED', 'SURVIVED', 'SURVIVED', 'SURVIVED', 'SURVIVED', 'SURVIVED', 'SURVIVED', 'SURVIVED', 'SURVIVED', 'SURVIVED', 'SURVIVED', 'SURVIVED', 'SURVIVED', 'SURVIVED', 'SURVIVED', 'SURVIVED', 'SURVIVED', 'SURVIVED', 'SURVIVED', 'SURVIVED', 'SURVIVED', 'SURVIVED', 'SURVIVED', 'SURVIVED', 'SURVIVED', 'SURVIVED', 'SURVIVED', 'SURVIVED', 'SURVIVED', 'SURVIVED', 'SURVIVED', 'SURVIVED', 'SURVIVED', 'SURVIVED', 'SURVIVED', 'SURVIVED']","['KILLED', 'KILLED', 'KILLED', 'KILLED', 'KILLED', 'SURVIVED', 'KILLED', 'KILLED', 'KILLED', 'SURVIVED', 'SURVIVED', 'KILLED', 'SURVIVED', 'KILLED', 'KILLED', 'KILLED', 'KILLED', 'KILLED', 'KILLED', 'KILLED', 'KILLED', 'KILLED', 'KILLED', 'SURVIVED', 'KILLED', 'SURVIVED', 'SURVIVED', 'KILLED', 'KILLED', 'SURVIVED', 'SURVIVED', 'SURVIVED', 'KILLED', 'KILLED', 'SURVIVED', 'SURVIVED', 'KILLED', 'SURVIVED', 'KILLED', 'KILLED', 'KILLED', 'KILLED', 'KILLED', 'KILLED', 'KILLED', 'SURVIVED', 'SURVIVED', 'SURVIVED', 'SURVIVED', 'KILLED', 'SURVIVED', 'SURVIVED', 'SURVIVED', 'SURVIVED', 'SURVIVED', 'KILLED', 'SURVIVED', 'SURVIVED', 'SURVIVED', 'KILLED', 'KILLED', 'SURVIVED', 'SURVIVED']"
Csv_5,"['KILLED', 'KILLED', 'KILLED', 'KILLED', 'KILLED', 'KILLED', 'KILLED', 'KILLED', 'KILLED', 'KILLED', 'KILLED', 'KILLED', 'KILLED', 'KILLED', 'KILLED', 'KILLED', 'KILLED', 'KILLED', 'KILLED', 'KILLED', 'KILLED', 'KILLED', 'KILLED', 'KILLED', 'KILLED', 'KILLED', 'KILLED', 'KILLED', 'KILLED', 'KILLED', 'KILLED', 'KILLED', 'KILLED', 'KILLED', 'KILLED', 'KILLED', 'KILLED', 'KILLED', 'KILLED', 'KILLED', 'KILLED', 'KILLED', 'KILLED', 'KILLED', 'KILLED', 'KILLED', 'KILLED', 'KILLED', 'KILLED', 'KILLED', 'KILLED', 'KILLED', 'KILLED', 'KILLED', 'KILLED', 'KILLED', 'KILLED', 'KILLED', 'KILLED', 'KILLED', 'KILLED', 'SURVIVED', 'SURVIVED', 'SURVIVED', 'SURVIVED']","['KILLED', 'SURVIVED', 'KILLED', 'SURVIVED', 'KILLED', 'SURVIVED', 'KILLED', 'SURVIVED', 'KILLED', 'SURVIVED', 'SURVIVED', 'SURVIVED', 'KILLED', 'KILLED', 'SURVIVED', 'KILLED', 'SURVIVED', 'SURVIVED', 'KILLED', 'KILLED', 'KILLED', 'SURVIVED', 'SURVIVED', 'SURVIVED', 'KILLED', 'SURVIVED', 'SURVIVED', 'SURVIVED', 'KILLED', 'SURVIVED', 'SURVIVED', 'SURVIVED', 'KILLED', 'SURVIVED', 'KILLED', 'SURVIVED', 'SURVIVED', 'SURVIVED', 'KILLED', 'KILLED', 'KILLED', 'KILLED', 'KILLED', 'KILLED', 'KILLED', 'SURVIVED', 'SURVIVED', 'SURVIVED', 'KILLED', 'KILLED', 'KILLED', 'KILLED', 'SURVIVED', 'SURVIVED', 'KILLED', 'KILLED', 'SURVIVED', 'KILLED', 'KILLED', 'KILLED', 'SURVIVED', 'SURVIVED', 'KILLED', 'KILLED', 'SURVIVED']"
Csv_5,"['KILLED', 'KILLED', 'KILLED', 'KILLED', 'KILLED', 'KILLED', 'KILLED', 'KILLED', 'KILLED', 'KILLED', 'KILLED', 'KILLED', 'KILLED', 'KILLED', 'KILLED', 'KILLED', 'KILLED', 'KILLED', 'KILLED', 'KILLED', 'KILLED', 'KILLED', 'KILLED', 'KILLED', 'KILLED', 'KILLED', 'KILLED', 'KILLED', 'KILLED', 'KILLED', 'KILLED', 'KILLED', 'KILLED', 'KILLED', 'KILLED', 'KILLED', 'KILLED', 'KILLED', 'KILLED', 'KILLED', 'KILLED', 'KILLED', 'KILLED', 'KILLED', 'KILLED', 'KILLED', 'KILLED', 'KILLED', 'KILLED', 'KILLED', 'KILLED', 'KILLED', 'KILLED', 'KILLED', 'KILLED', 'KILLED', 'KILLED', 'KILLED', 'KILLED', 'KILLED', 'KILLED', 'KILLED', 'KILLED', 'SURVIVED', 'SURVIVED']","['KILLED', 'SURVIVED', 'SURVIVED', 'KILLED', 'KILLED', 'KILLED', 'SURVIVED', 'SURVIVED', 'SURVIVED', 'SURVIVED', 'KILLED', 'KILLED', 'KILLED', 'SURVIVED', 'KILLED', 'KILLED', 'KILLED', 'KILLED', 'KILLED', 'KILLED', 'KILLED', 'KILLED', 'SURVIVED', 'SURVIVED', 'KILLED', 'SURVIVED', 'KILLED', 'SURVIVED', 'KILLED', 'KILLED', 'SURVIVED', 'SURVIVED', 'SURVIVED', 'KILLED', 'KILLED', 'SURVIVED', 'SURVIVED', 'SURVIVED', 'KILLED', 'KILLED', 'KILLED', 'SURVIVED', 'KILLED', 'KILLED', 'SURVIVED', 'KILLED', 'KILLED', 'SURVIVED', 'KILLED', 'KILLED', 'SURVIVED', 'SURVIVED', 'SURVIVED', 'SURVIVED', 'KILLED', 'KILLED', 'SURVIVED', 'KILLED', 'KILLED', 'SURVIVED', 'SURVIVED', 'KILLED', 'KILLED', 'SURVIVED', 'SURVIVED']"
Csv_5,"['KILLED', 'KILLED', 'KILLED', 'KILLED', 'KILLED', 'KILLED', 'KILLED', 'KILLED', 'KILLED', 'KILLED', 'KILLED', 'KILLED', 'KILLED', 'KILLED', 'KILLED', 'KILLED', 'KILLED', 'KILLED', 'KILLED', 'KILLED', 'KILLED', 'KILLED', 'KILLED', 'KILLED', 'KILLED', 'KILLED', 'KILLED', 'KILLED', 'KILLED', 'KILLED', 'KILLED', 'KILLED', 'KILLED', 'KILLED', 'KILLED', 'KILLED', 'KILLED', 'KILLED', 'KILLED', 'KILLED', 'KILLED', 'KILLED', 'KILLED', 'KILLED', 'KILLED', 'KILLED', 'KILLED', 'KILLED', 'KILLED', 'KILLED', 'KILLED', 'KILLED', 'KILLED', 'KILLED', 'KILLED', 'KILLED', 'KILLED', 'KILLED', 'KILLED', 'KILLED', 'SURVIVED', 'SURVIVED', 'SURVIVED', 'SURVIVED', 'SURVIVED']","['KILLED', 'KILLED', 'SURVIVED', 'SURVIVED', 'SURVIVED', 'KILLED', 'SURVIVED', 'KILLED', 'KILLED', 'KILLED', 'SURVIVED', 'KILLED', 'KILLED', 'SURVIVED', 'KILLED', 'KILLED', 'SURVIVED', 'KILLED', 'SURVIVED', 'KILLED', 'SURVIVED', 'KILLED', 'SURVIVED', 'KILLED', 'KILLED', 'KILLED', 'SURVIVED', 'KILLED', 'SURVIVED', 'SURVIVED', 'SURVIVED', 'SURVIVED', 'KILLED', 'KILLED', 'KILLED', 'KILLED', 'KILLED', 'SURVIVED', 'KILLED', 'SURVIVED', 'KILLED', 'SURVIVED', 'SURVIVED', 'KILLED', 'SURVIVED', 'SURVIVED', 'KILLED', 'KILLED', 'SURVIVED', 'KILLED', 'SURVIVED', 'SURVIVED', 'KILLED', 'SURVIVED', 'SURVIVED', 'KILLED', 'KILLED', 'KILLED', 'KILLED', 'KILLED', 'KILLED', 'SURVIVED', 'KILLED', 'KILLED', 'KILLED']"
Csv_5,"['KILLED', 'KILLED', 'KILLED', 'KILLED', 'KILLED', 'KILLED', 'KILLED', 'KILLED', 'KILLED', 'KILLED', 'KILLED', 'KILLED', 'KILLED', 'KILLED', 'KILLED', 'KILLED', 'KILLED', 'KILLED', 'KILLED', 'KILLED', 'KILLED', 'KILLED', 'KILLED', 'KILLED', 'KILLED', 'KILLED', 'KILLED', 'KILLED', 'KILLED', 'KILLED', 'KILLED', 'KILLED', 'KILLED', 'KILLED', 'KILLED', 'SURVIVED', 'SURVIVED', 'SURVIVED', 'SURVIVED', 'SURVIVED', 'SURVIVED', 'SURVIVED', 'SURVIVED', 'SURVIVED', 'SURVIVED', 'SURVIVED', 'SURVIVED', 'SURVIVED', 'SURVIVED', 'SURVIVED', 'SURVIVED', 'SURVIVED', 'SURVIVED', 'SURVIVED', 'SURVIVED', 'SURVIVED', 'SURVIVED', 'SURVIVED', 'SURVIVED', 'SURVIVED', 'SURVIVED', 'SURVIVED', 'SURVIVED', 'SURVIVED', 'SURVIVED']","['KILLED', 'KILLED', 'KILLED', 'KILLED', 'SURVIVED', 'KILLED', 'SURVIVED', 'KILLED', 'SURVIVED', 'SURVIVED', 'KILLED', 'SURVIVED', 'KILLED', 'SURVIVED', 'SURVIVED', 'KILLED', 'KILLED', 'KILLED', 'SURVIVED', 'KILLED', 'SURVIVED', 'SURVIVED', 'KILLED', 'SURVIVED', 'SURVIVED', 'SURVIVED', 'SURVIVED', 'KILLED', 'SURVIVED', 'SURVIVED', 'KILLED', 'KILLED', 'SURVIVED', 'SURVIVED', 'SURVIVED', 'SURVIVED', 'KILLED', 'KILLED', 'KILLED', 'KILLED', 'SURVIVED', 'KILLED', 'KILLED', 'SURVIVED', 'KILLED', 'KILLED', 'KILLED', 'SURVIVED', 'SURVIVED', 'KILLED', 'KILLED', 'SURVIVED', 'KILLED', 'SURVIVED', 'SURVIVED', 'SURVIVED', 'SURVIVED', 'KILLED', 'KILLED', 'SURVIVED', 'SURVIVED', 'SURVIVED', 'KILLED', 'SURVIVED', 'SURVIVED']"
Csv_5,"['KILLED', 'KILLED', 'KILLED', 'KILLED', 'KILLED', 'KILLED', 'KILLED', 'KILLED', 'KILLED', 'KILLED', 'KILLED', 'KILLED', 'KILLED', 'KILLED', 'KILLED', 'KILLED', 'KILLED', 'KILLED', 'KILLED', 'KILLED', 'KILLED', 'KILLED', 'KILLED', 'KILLED', 'KILLED', 'KILLED', 'KILLED', 'KILLED', 'KILLED', 'KILLED', 'KILLED', 'KILLED', 'KILLED', 'KILLED', 'KILLED', 'KILLED', 'KILLED', 'KILLED', 'KILLED', 'KILLED', 'KILLED', 'KILLED', 'KILLED', 'KILLED', 'KILLED', 'KILLED', 'KILLED', 'KILLED', 'KILLED', 'SURVIVED', 'SURVIVED', 'SURVIVED', 'SURVIVED', 'SURVIVED', 'SURVIVED', 'SURVIVED', 'SURVIVED', 'SURVIVED', 'SURVIVED', 'SURVIVED', 'SURVIVED', 'SURVIVED', 'SURVIVED', 'SURVIVED', 'SURVIVED']","['SURVIVED', 'KILLED', 'KILLED', 'KILLED', 'SURVIVED', 'KILLED', 'SURVIVED', 'KILLED', 'SURVIVED', 'KILLED', 'SURVIVED', 'KILLED', 'SURVIVED', 'SURVIVED', 'KILLED', 'KILLED', 'SURVIVED', 'SURVIVED', 'SURVIVED', 'KILLED', 'KILLED', 'SURVIVED', 'SURVIVED', 'SURVIVED', 'SURVIVED', 'SURVIVED', 'KILLED', 'SURVIVED', 'SURVIVED', 'KILLED', 'KILLED', 'KILLED', 'SURVIVED', 'SURVIVED', 'KILLED', 'KILLED', 'SURVIVED', 'SURVIVED', 'SURVIVED', 'KILLED', 'SURVIVED', 'SURVIVED', 'SURVIVED', 'SURVIVED', 'KILLED', 'KILLED', 'SURVIVED', 'SURVIVED', 'SURVIVED', 'KILLED', 'SURVIVED', 'SURVIVED', 'KILLED', 'SURVIVED', 'KILLED', 'SURVIVED', 'KILLED', 'SURVIVED', 'SURVIVED', 'KILLED', 'SURVIVED', 'KILLED', 'KILLED', 'SURVIVED', 'SURVIVED']"
Csv_5,"['KILLED', 'KILLED', 'KILLED', 'KILLED', 'KILLED', 'KILLED', 'KILLED', 'KILLED', 'KILLED', 'KILLED', 'KILLED', 'KILLED', 'KILLED', 'KILLED', 'KILLED', 'KILLED', 'KILLED', 'KILLED', 'KILLED', 'KILLED', 'KILLED', 'KILLED', 'KILLED', 'KILLED', 'KILLED', 'KILLED', 'KILLED', 'KILLED', 'KILLED', 'KILLED', 'KILLED', 'KILLED', 'KILLED', 'KILLED', 'KILLED', 'KILLED', 'KILLED', 'SURVIVED', 'SURVIVED', 'SURVIVED', 'SURVIVED', 'SURVIVED', 'SURVIVED', 'SURVIVED', 'SURVIVED', 'SURVIVED', 'SURVIVED', 'SURVIVED', 'SURVIVED', 'SURVIVED', 'SURVIVED', 'SURVIVED', 'SURVIVED', 'SURVIVED', 'SURVIVED', 'SURVIVED', 'SURVIVED', 'SURVIVED', 'SURVIVED', 'SURVIVED', 'SURVIVED', 'SURVIVED', 'SURVIVED', 'SURVIVED', 'SURVIVED']","['KILLED', 'SURVIVED', 'KILLED', 'SURVIVED', 'SURVIVED', 'SURVIVED', 'SURVIVED', 'KILLED', 'KILLED', 'KILLED', 'KILLED', 'KILLED', 'KILLED', 'KILLED', 'KILLED', 'KILLED', 'SURVIVED', 'SURVIVED', 'KILLED', 'KILLED', 'KILLED', 'SURVIVED', 'SURVIVED', 'KILLED', 'SURVIVED', 'KILLED', 'KILLED', 'SURVIVED', 'KILLED', 'KILLED', 'SURVIVED', 'KILLED', 'KILLED', 'KILLED', 'KILLED', 'SURVIVED', 'SURVIVED', 'SURVIVED', 'KILLED', 'SURVIVED', 'SURVIVED', 'KILLED', 'KILLED', 'SURVIVED', 'SURVIVED', 'SURVIVED', 'SURVIVED', 'SURVIVED', 'SURVIVED', 'SURVIVED', 'KILLED', 'KILLED', 'SURVIVED', 'KILLED', 'SURVIVED', 'KILLED', 'KILLED', 'KILLED', 'KILLED', 'SURVIVED', 'SURVIVED', 'KILLED', 'SURVIVED', 'KILLED', 'KILLED']"
Csv_5,"['KILLED', 'KILLED', 'KILLED', 'KILLED', 'KILLED', 'KILLED', 'KILLED', 'KILLED', 'KILLED', 'KILLED', 'KILLED', 'KILLED', 'KILLED', 'KILLED', 'KILLED', 'KILLED', 'KILLED', 'KILLED', 'KILLED', 'KILLED', 'KILLED', 'KILLED', 'KILLED', 'KILLED', 'KILLED', 'KILLED', 'KILLED', 'KILLED', 'KILLED', 'KILLED', 'KILLED', 'KILLED', 'KILLED', 'KILLED', 'KILLED', 'KILLED', 'KILLED', 'KILLED', 'KILLED', 'KILLED', 'KILLED', 'KILLED', 'KILLED', 'KILLED', 'KILLED', 'SURVIVED', 'SURVIVED', 'SURVIVED', 'SURVIVED', 'SURVIVED', 'SURVIVED', 'SURVIVED', 'SURVIVED', 'SURVIVED', 'SURVIVED', 'SURVIVED', 'SURVIVED', 'SURVIVED', 'SURVIVED', 'SURVIVED', 'SURVIVED', 'SURVIVED', 'SURVIVED']","['SURVIVED', 'KILLED', 'KILLED', 'KILLED', 'SURVIVED', 'KILLED', 'KILLED', 'SURVIVED', 'SURVIVED', 'SURVIVED', 'SURVIVED', 'KILLED', 'SURVIVED', 'KILLED', 'SURVIVED', 'KILLED', 'SURVIVED', 'KILLED', 'SURVIVED', 'SURVIVED', 'KILLED', 'KILLED', 'SURVIVED', 'SURVIVED', 'SURVIVED', 'KILLED', 'SURVIVED', 'KILLED', 'SURVIVED', 'SURVIVED', 'KILLED', 'SURVIVED', 'SURVIVED', 'KILLED', 'KILLED', 'KILLED', 'SURVIVED', 'KILLED', 'SURVIVED', 'SURVIVED', 'SURVIVED', 'SURVIVED', 'KILLED', 'KILLED', 'SURVIVED', 'SURVIVED', 'KILLED', 'SURVIVED', 'KILLED', 'KILLED', 'SURVIVED', 'KILLED', 'KILLED', 'KILLED', 'SURVIVED', 'SURVIVED', 'SURVIVED', 'KILLED', 'KILLED', 'KILLED', 'SURVIVED', 'KILLED', 'KILLED']"
Csv_5,"['KILLED', 'KILLED', 'KILLED', 'KILLED', 'KILLED', 'KILLED', 'KILLED', 'KILLED', 'KILLED', 'KILLED', 'KILLED', 'KILLED', 'KILLED', 'KILLED', 'KILLED', 'KILLED', 'KILLED', 'SURVIVED', 'SURVIVED', 'SURVIVED', 'SURVIVED', 'SURVIVED', 'SURVIVED', 'SURVIVED', 'SURVIVED', 'SURVIVED', 'SURVIVED', 'SURVIVED', 'SURVIVED', 'SURVIVED', 'SURVIVED', 'SURVIVED', 'SURVIVED', 'SURVIVED', 'SURVIVED', 'SURVIVED', 'SURVIVED', 'SURVIVED', 'SURVIVED', 'SURVIVED', 'SURVIVED', 'SURVIVED', 'SURVIVED', 'SURVIVED', 'SURVIVED', 'SURVIVED', 'SURVIVED', 'SURVIVED', 'SURVIVED', 'SURVIVED', 'SURVIVED', 'SURVIVED', 'SURVIVED', 'SURVIVED', 'SURVIVED', 'SURVIVED', 'SURVIVED', 'SURVIVED', 'SURVIVED', 'SURVIVED', 'SURVIVED', 'SURVIVED', 'SURVIVED']","['KILLED', 'KILLED', 'SURVIVED', 'SURVIVED', 'SURVIVED', 'KILLED', 'SURVIVED', 'KILLED', 'SURVIVED', 'KILLED', 'SURVIVED', 'SURVIVED', 'KILLED', 'KILLED', 'KILLED', 'SURVIVED', 'SURVIVED', 'SURVIVED', 'SURVIVED', 'SURVIVED', 'SURVIVED', 'SURVIVED', 'KILLED', 'KILLED', 'KILLED', 'KILLED', 'KILLED', 'SURVIVED', 'SURVIVED', 'SURVIVED', 'SURVIVED', 'SURVIVED', 'KILLED', 'SURVIVED', 'KILLED', 'KILLED', 'SURVIVED', 'SURVIVED', 'SURVIVED', 'KILLED', 'SURVIVED', 'SURVIVED', 'SURVIVED', 'SURVIVED', 'SURVIVED', 'KILLED', 'KILLED', 'KILLED', 'KILLED', 'SURVIVED', 'SURVIVED', 'SURVIVED', 'KILLED', 'SURVIVED', 'SURVIVED', 'KILLED', 'KILLED', 'SURVIVED', 'SURVIVED', 'SURVIVED', 'SURVIVED', 'KILLED', 'KILLED']"
Csv_5,"['KILLED', 'KILLED', 'KILLED', 'KILLED', 'KILLED', 'KILLED', 'KILLED', 'KILLED', 'KILLED', 'KILLED', 'KILLED', 'KILLED', 'SURVIVED', 'SURVIVED', 'SURVIVED', 'SURVIVED', 'SURVIVED', 'SURVIVED', 'SURVIVED', 'SURVIVED', 'SURVIVED', 'SURVIVED', 'SURVIVED', 'SURVIVED', 'SURVIVED', 'SURVIVED', 'SURVIVED', 'SURVIVED', 'SURVIVED', 'SURVIVED', 'SURVIVED', 'SURVIVED', 'SURVIVED', 'SURVIVED', 'SURVIVED', 'SURVIVED', 'SURVIVED', 'SURVIVED', 'SURVIVED', 'SURVIVED', 'SURVIVED', 'SURVIVED', 'SURVIVED', 'SURVIVED', 'SURVIVED', 'SURVIVED', 'SURVIVED', 'SURVIVED', 'SURVIVED', 'SURVIVED', 'SURVIVED', 'SURVIVED', 'SURVIVED', 'SURVIVED', 'SURVIVED', 'SURVIVED', 'SURVIVED', 'SURVIVED', 'SURVIVED', 'SURVIVED', 'SURVIVED', 'SURVIVED', 'SURVIVED']","['SURVIVED', 'SURVIVED', 'KILLED', 'KILLED', 'SURVIVED', 'KILLED', 'KILLED', 'KILLED', 'KILLED', 'KILLED', 'KILLED', 'KILLED', 'KILLED', 'SURVIVED', 'KILLED', 'SURVIVED', 'KILLED', 'SURVIVED', 'SURVIVED', 'SURVIVED', 'KILLED', 'SURVIVED', 'SURVIVED', 'KILLED', 'KILLED', 'SURVIVED', 'SURVIVED', 'SURVIVED', 'SURVIVED', 'KILLED', 'KILLED', 'SURVIVED', 'KILLED', 'SURVIVED', 'KILLED', 'KILLED', 'KILLED', 'SURVIVED', 'KILLED', 'SURVIVED', 'SURVIVED', 'SURVIVED', 'KILLED', 'SURVIVED', 'KILLED', 'SURVIVED', 'KILLED', 'SURVIVED', 'KILLED', 'KILLED', 'KILLED', 'KILLED', 'KILLED', 'SURVIVED', 'KILLED', 'KILLED', 'SURVIVED', 'SURVIVED', 'KILLED', 'SURVIVED', 'KILLED', 'SURVIVED', 'SURVIVED']"
Csv_5,"['KILLED', 'KILLED', 'KILLED', 'KILLED', 'KILLED', 'KILLED', 'KILLED', 'KILLED', 'KILLED', 'KILLED', 'KILLED', 'KILLED', 'KILLED', 'KILLED', 'KILLED', 'KILLED', 'KILLED', 'KILLED', 'KILLED', 'SURVIVED', 'SURVIVED', 'SURVIVED', 'SURVIVED', 'SURVIVED', 'SURVIVED', 'SURVIVED', 'SURVIVED', 'SURVIVED', 'SURVIVED', 'SURVIVED', 'SURVIVED', 'SURVIVED', 'SURVIVED', 'SURVIVED', 'SURVIVED', 'SURVIVED', 'SURVIVED', 'SURVIVED', 'SURVIVED', 'SURVIVED', 'SURVIVED', 'SURVIVED', 'SURVIVED', 'SURVIVED', 'SURVIVED', 'SURVIVED', 'SURVIVED', 'SURVIVED', 'SURVIVED', 'SURVIVED', 'SURVIVED', 'SURVIVED', 'SURVIVED', 'SURVIVED', 'SURVIVED', 'SURVIVED', 'SURVIVED', 'SURVIVED', 'SURVIVED', 'SURVIVED', 'SURVIVED', 'SURVIVED', 'SURVIVED']","['KILLED', 'KILLED', 'KILLED', 'KILLED', 'KILLED', 'SURVIVED', 'KILLED', 'SURVIVED', 'KILLED', 'KILLED', 'KILLED', 'SURVIVED', 'SURVIVED', 'SURVIVED', 'KILLED', 'SURVIVED', 'SURVIVED', 'KILLED', 'SURVIVED', 'KILLED', 'SURVIVED', 'SURVIVED', 'SURVIVED', 'SURVIVED', 'SURVIVED', 'SURVIVED', 'SURVIVED', 'KILLED', 'KILLED', 'KILLED', 'SURVIVED', 'SURVIVED', 'SURVIVED', 'SURVIVED', 'KILLED', 'SURVIVED', 'KILLED', 'KILLED', 'SURVIVED', 'SURVIVED', 'KILLED', 'SURVIVED', 'SURVIVED', 'KILLED', 'SURVIVED', 'SURVIVED', 'SURVIVED', 'KILLED', 'KILLED', 'SURVIVED', 'SURVIVED', 'KILLED', 'SURVIVED', 'KILLED', 'SURVIVED', 'SURVIVED', 'SURVIVED', 'SURVIVED', 'SURVIVED', 'SURVIVED', 'SURVIVED', 'SURVIVED', 'SURVIVED']"
Csv_5,"['KILLED', 'KILLED', 'KILLED', 'KILLED', 'KILLED', 'KILLED', 'KILLED', 'KILLED', 'KILLED', 'KILLED', 'KILLED', 'KILLED', 'KILLED', 'KILLED', 'KILLED', 'KILLED', 'KILLED', 'KILLED', 'KILLED', 'KILLED', 'KILLED', 'KILLED', 'KILLED', 'KILLED', 'KILLED', 'KILLED', 'KILLED', 'KILLED', 'KILLED', 'KILLED', 'KILLED', 'KILLED', 'KILLED', 'KILLED', 'KILLED', 'KILLED', 'KILLED', 'KILLED', 'KILLED', 'KILLED', 'KILLED', 'KILLED', 'KILLED', 'KILLED', 'KILLED', 'KILLED', 'KILLED', 'KILLED', 'KILLED', 'KILLED', 'KILLED', 'KILLED', 'KILLED', 'KILLED', 'KILLED', 'KILLED', 'KILLED', 'KILLED', 'KILLED', 'KILLED', 'KILLED', 'SURVIVED', 'SURVIVED']","['KILLED', 'SURVIVED', 'SURVIVED', 'KILLED', 'SURVIVED', 'KILLED', 'SURVIVED', 'SURVIVED', 'SURVIVED', 'KILLED', 'KILLED', 'KILLED', 'KILLED', 'SURVIVED', 'KILLED', 'KILLED', 'KILLED', 'SURVIVED', 'KILLED', 'SURVIVED', 'SURVIVED', 'KILLED', 'KILLED', 'KILLED', 'SURVIVED', 'KILLED', 'KILLED', 'SURVIVED', 'KILLED', 'SURVIVED', 'KILLED', 'SURVIVED', 'SURVIVED', 'SURVIVED', 'KILLED', 'KILLED', 'KILLED', 'KILLED', 'KILLED', 'KILLED', 'SURVIVED', 'SURVIVED', 'KILLED', 'KILLED', 'SURVIVED', 'SURVIVED', 'KILLED', 'KILLED', 'KILLED', 'KILLED', 'SURVIVED', 'KILLED', 'SURVIVED', 'SURVIVED', 'KILLED', 'SURVIVED', 'KILLED', 'KILLED', 'KILLED', 'SURVIVED', 'KILLED', 'KILLED', 'KILLED']"
Csv_5,"['KILLED', 'KILLED', 'KILLED', 'KILLED', 'KILLED', 'KILLED', 'KILLED', 'KILLED', 'KILLED', 'KILLED', 'KILLED', 'KILLED', 'KILLED', 'KILLED', 'SURVIVED', 'SURVIVED', 'SURVIVED', 'SURVIVED', 'SURVIVED', 'SURVIVED', 'SURVIVED', 'SURVIVED', 'SURVIVED', 'SURVIVED', 'SURVIVED', 'SURVIVED', 'SURVIVED', 'SURVIVED', 'SURVIVED', 'SURVIVED', 'SURVIVED', 'SURVIVED', 'SURVIVED', 'SURVIVED', 'SURVIVED', 'SURVIVED', 'SURVIVED', 'SURVIVED', 'SURVIVED', 'SURVIVED', 'SURVIVED', 'SURVIVED', 'SURVIVED', 'SURVIVED', 'SURVIVED', 'SURVIVED', 'SURVIVED', 'SURVIVED', 'SURVIVED', 'SURVIVED', 'SURVIVED', 'SURVIVED', 'SURVIVED', 'SURVIVED', 'SURVIVED', 'SURVIVED', 'SURVIVED', 'SURVIVED', 'SURVIVED', 'SURVIVED', 'SURVIVED', 'SURVIVED', 'SURVIVED']","['KILLED', 'SURVIVED', 'KILLED', 'SURVIVED', 'SURVIVED', 'SURVIVED', 'KILLED', 'SURVIVED', 'SURVIVED', 'SURVIVED', 'KILLED', 'KILLED', 'SURVIVED', 'SURVIVED', 'SURVIVED', 'SURVIVED', 'SURVIVED', 'KILLED', 'KILLED', 'SURVIVED', 'SURVIVED', 'SURVIVED', 'SURVIVED', 'KILLED', 'SURVIVED', 'KILLED', 'SURVIVED', 'SURVIVED', 'SURVIVED', 'KILLED', 'SURVIVED', 'KILLED', 'KILLED', 'SURVIVED', 'KILLED', 'SURVIVED', 'SURVIVED', 'SURVIVED', 'KILLED', 'SURVIVED', 'SURVIVED', 'KILLED', 'KILLED', 'KILLED', 'KILLED', 'KILLED', 'SURVIVED', 'KILLED', 'KILLED', 'KILLED', 'SURVIVED', 'SURVIVED', 'KILLED', 'KILLED', 'SURVIVED', 'SURVIVED', 'SURVIVED', 'SURVIVED', 'SURVIVED', 'KILLED', 'KILLED', 'SURVIVED', 'SURVIVED']"
Csv_5,"['KILLED', 'KILLED', 'KILLED', 'KILLED', 'KILLED', 'KILLED', 'KILLED', 'KILLED', 'KILLED', 'KILLED', 'KILLED', 'KILLED', 'KILLED', 'KILLED', 'KILLED', 'KILLED', 'KILLED', 'KILLED', 'KILLED', 'KILLED', 'KILLED', 'KILLED', 'KILLED', 'KILLED', 'KILLED', 'KILLED', 'KILLED', 'KILLED', 'KILLED', 'KILLED', 'KILLED', 'KILLED', 'KILLED', 'KILLED', 'KILLED', 'KILLED', 'KILLED', 'KILLED', 'KILLED', 'KILLED', 'KILLED', 'KILLED', 'KILLED', 'KILLED', 'KILLED', 'KILLED', 'KILLED', 'KILLED', 'KILLED', 'KILLED', 'KILLED', 'KILLED', 'KILLED', 'KILLED', 'KILLED', 'KILLED', 'KILLED', 'KILLED', 'KILLED', 'SURVIVED', 'SURVIVED', 'SURVIVED', 'SURVIVED']","['KILLED', 'SURVIVED', 'KILLED', 'SURVIVED', 'SURVIVED', 'SURVIVED', 'KILLED', 'SURVIVED', 'SURVIVED', 'SURVIVED', 'KILLED', 'KILLED', 'SURVIVED', 'KILLED', 'SURVIVED', 'KILLED', 'KILLED', 'KILLED', 'KILLED', 'KILLED', 'KILLED', 'SURVIVED', 'KILLED', 'KILLED', 'SURVIVED', 'SURVIVED', 'KILLED', 'SURVIVED', 'KILLED', 'SURVIVED', 'SURVIVED', 'KILLED', 'SURVIVED', 'KILLED', 'SURVIVED', 'SURVIVED', 'SURVIVED', 'SURVIVED', 'SURVIVED', 'KILLED', 'KILLED', 'SURVIVED', 'KILLED', 'SURVIVED', 'SURVIVED', 'SURVIVED', 'SURVIVED', 'KILLED', 'SURVIVED', 'KILLED', 'KILLED', 'SURVIVED', 'KILLED', 'SURVIVED', 'SURVIVED', 'KILLED', 'KILLED', 'SURVIVED', 'KILLED', 'KILLED', 'SURVIVED', 'KILLED', 'KILLED']"
Csv_5,"['KILLED', 'KILLED', 'KILLED', 'KILLED', 'KILLED', 'KILLED', 'SURVIVED', 'SURVIVED', 'SURVIVED', 'SURVIVED', 'SURVIVED', 'SURVIVED', 'SURVIVED', 'SURVIVED', 'SURVIVED', 'SURVIVED', 'SURVIVED', 'SURVIVED', 'SURVIVED', 'SURVIVED', 'SURVIVED', 'SURVIVED', 'SURVIVED', 'SURVIVED', 'SURVIVED', 'SURVIVED', 'SURVIVED', 'SURVIVED', 'SURVIVED', 'SURVIVED', 'SURVIVED', 'SURVIVED', 'SURVIVED', 'SURVIVED', 'SURVIVED', 'SURVIVED', 'SURVIVED', 'SURVIVED', 'SURVIVED', 'SURVIVED', 'SURVIVED', 'SURVIVED', 'SURVIVED', 'SURVIVED', 'SURVIVED', 'SURVIVED', 'SURVIVED', 'SURVIVED', 'SURVIVED', 'SURVIVED', 'SURVIVED', 'SURVIVED', 'SURVIVED', 'SURVIVED', 'SURVIVED', 'SURVIVED', 'SURVIVED', 'SURVIVED', 'SURVIVED', 'SURVIVED', 'SURVIVED', 'SURVIVED', 'SURVIVED']","['KILLED', 'SURVIVED', 'SURVIVED', 'KILLED', 'KILLED', 'SURVIVED', 'KILLED', 'KILLED', 'SURVIVED', 'KILLED', 'SURVIVED', 'KILLED', 'KILLED', 'SURVIVED', 'SURVIVED', 'SURVIVED', 'SURVIVED', 'SURVIVED', 'SURVIVED', 'SURVIVED', 'KILLED', 'KILLED', 'KILLED', 'KILLED', 'KILLED', 'SURVIVED', 'KILLED', 'SURVIVED', 'KILLED', 'KILLED', 'SURVIVED', 'SURVIVED', 'SURVIVED', 'SURVIVED', 'KILLED', 'KILLED', 'KILLED', 'KILLED', 'KILLED', 'KILLED', 'KILLED', 'KILLED', 'KILLED', 'SURVIVED', 'KILLED', 'SURVIVED', 'KILLED', 'KILLED', 'KILLED', 'SURVIVED', 'SURVIVED', 'SURVIVED', 'SURVIVED', 'SURVIVED', 'KILLED', 'KILLED', 'SURVIVED', 'SURVIVED', 'SURVIVED', 'SURVIVED', 'SURVIVED', 'SURVIVED', 'SURVIVED']"
Csv_5,"['KILLED', 'KILLED', 'KILLED', 'KILLED', 'SURVIVED', 'SURVIVED', 'SURVIVED', 'SURVIVED', 'SURVIVED', 'SURVIVED', 'SURVIVED', 'SURVIVED', 'SURVIVED', 'SURVIVED', 'SURVIVED', 'SURVIVED', 'SURVIVED', 'SURVIVED', 'SURVIVED', 'SURVIVED', 'SURVIVED', 'SURVIVED', 'SURVIVED', 'SURVIVED', 'SURVIVED', 'SURVIVED', 'SURVIVED', 'SURVIVED', 'SURVIVED', 'SURVIVED', 'SURVIVED', 'SURVIVED', 'SURVIVED', 'SURVIVED', 'SURVIVED', 'SURVIVED', 'SURVIVED', 'SURVIVED', 'SURVIVED', 'SURVIVED', 'SURVIVED', 'SURVIVED', 'SURVIVED', 'SURVIVED', 'SURVIVED', 'SURVIVED', 'SURVIVED', 'SURVIVED', 'SURVIVED', 'SURVIVED', 'SURVIVED', 'SURVIVED', 'SURVIVED', 'SURVIVED', 'SURVIVED', 'SURVIVED', 'SURVIVED', 'SURVIVED', 'SURVIVED', 'SURVIVED', 'SURVIVED', 'SURVIVED', 'SURVIVED']","['KILLED', 'KILLED', 'KILLED', 'SURVIVED', 'KILLED', 'SURVIVED', 'SURVIVED', 'SURVIVED', 'SURVIVED', 'KILLED', 'SURVIVED', 'SURVIVED', 'KILLED', 'KILLED', 'SURVIVED', 'SURVIVED', 'SURVIVED', 'SURVIVED', 'KILLED', 'KILLED', 'SURVIVED', 'SURVIVED', 'KILLED', 'KILLED', 'KILLED', 'SURVIVED', 'SURVIVED', 'KILLED', 'KILLED', 'SURVIVED', 'SURVIVED', 'KILLED', 'SURVIVED', 'SURVIVED', 'KILLED', 'SURVIVED', 'KILLED', 'SURVIVED', 'SURVIVED', 'SURVIVED', 'KILLED', 'SURVIVED', 'SURVIVED', 'KILLED', 'KILLED', 'SURVIVED', 'SURVIVED', 'SURVIVED', 'KILLED', 'SURVIVED', 'KILLED', 'KILLED', 'SURVIVED', 'KILLED', 'KILLED', 'KILLED', 'KILLED', 'KILLED', 'SURVIVED', 'KILLED', 'KILLED', 'SURVIVED', 'KILLED']"
Csv_5,"['SURVIVED', 'SURVIVED', 'SURVIVED', 'SURVIVED', 'SURVIVED', 'SURVIVED']","['SURVIVED', 'KILLED', 'SURVIVED', 'KILLED', 'KILLED', 'SURVIVED']"
Csv_5,"['KILLED', 'KILLED', 'KILLED', 'KILLED', 'SURVIVED', 'SURVIVED']","['SURVIVED', 'KILLED', 'SURVIVED', 'KILLED', 'SURVIVED', 'SURVIVED']"
Csv_5,"['KILLED', 'KILLED', 'KILLED', 'SURVIVED', 'SURVIVED', 'SURVIVED']","['KILLED', 'KILLED', 'KILLED', 'KILLED', 'SURVIVED', 'KILLED']"
Csv_5,"['SURVIVED', 'SURVIVED', 'SURVIVED', 'SURVIVED', 'SURVIVED', 'SURVIVED']","['KILLED', 'SURVIVED', 'KILLED', 'SURVIVED', 'KILLED', 'SURVIVED']"
Csv_5,"['KILLED', 'SURVIVED', 'SURVIVED', 'SURVIVED', 'SURVIVED', 'SURVIVED']","['KILLED', 'KILLED', 'SURVIVED', 'SURVIVED', 'SURVIVED', 'KILLED']"
Csv_5,"['SURVIVED', 'SURVIVED', 'SURVIVED', 'SURVIVED', 'SURVIVED', 'SURVIVED']","['SURVIVED', 'SURVIVED', 'KILLED', 'SURVIVED', 'KILLED', 'KILLED']"
Csv_5,"['SURVIVED', 'SURVIVED', 'SURVIVED', 'SURVIVED', 'SURVIVED', 'SURVIVED']","['KILLED', 'KILLED', 'KILLED', 'KILLED', 'SURVIVED', 'KILLED']"
Csv_5,"['KILLED', 'SURVIVED', 'SURVIVED', 'SURVIVED', 'SURVIVED', 'SURVIVED']","['KILLED', 'KILLED', 'KILLED', 'SURVIVED', 'SURVIVED', 'KILLED']"
Csv_5,"['KILLED', 'KILLED', 'SURVIVED', 'SURVIVED', 'SURVIVED', 'SURVIVED']","['KILLED', 'SURVIVED', 'KILLED', 'KILLED', 'SURVIVED', 'KILLED']"
Csv_5,"['KILLED', 'KILLED', 'KILLED', 'SURVIVED', 'SURVIVED', 'SURVIVED']","['SURVIVED', 'SURVIVED', 'KILLED', 'SURVIVED', 'KILLED', 'SURVIVED']"
Csv_5,"['KILLED', 'KILLED', 'KILLED', 'SURVIVED', 'SURVIVED', 'SURVIVED']","['SURVIVED', 'KILLED', 'KILLED', 'SURVIVED', 'KILLED', 'KILLED']"
Csv_5,"['KILLED', 'KILLED', 'KILLED', 'SURVIVED', 'SURVIVED', 'SURVIVED']","['SURVIVED', 'SURVIVED', 'SURVIVED', 'SURVIVED', 'KILLED', 'SURVIVED']"
Csv_5,"['KILLED', 'KILLED', 'SURVIVED', 'SURVIVED', 'SURVIVED', 'SURVIVED']","['SURVIVED', 'SURVIVED', 'SURVIVED', 'SURVIVED', 'KILLED', 'KILLED']"
Csv_5,"['KILLED', 'SURVIVED', 'SURVIVED', 'SURVIVED', 'SURVIVED', 'SURVIVED']","['SURVIVED', 'KILLED', 'KILLED', 'SURVIVED', 'SURVIVED', 'SURVIVED']"
Csv_5,"['KILLED', 'KILLED', 'KILLED', 'KILLED', 'SURVIVED', 'SURVIVED']","['KILLED', 'SURVIVED', 'SURVIVED', 'KILLED', 'KILLED', 'SURVIVED']"
Csv_5,['KILLED'],['KILLED']
Csv_5,"['KILLED', 'KILLED', 'KILLED', 'KILLED', 'KILLED', 'KILLED', 'KILLED', 'KILLED', 'KILLED', 'KILLED', 'KILLED', 'KILLED', 'KILLED', 'KILLED', 'KILLED', 'KILLED', 'KILLED', 'KILLED', 'KILLED', 'KILLED', 'KILLED', 'KILLED', 'KILLED', 'SURVIVED', 'SURVIVED', 'SURVIVED', 'SURVIVED', 'SURVIVED', 'SURVIVED', 'SURVIVED', 'SURVIVED', 'SURVIVED', 'SURVIVED', 'SURVIVED', 'SURVIVED', 'SURVIVED', 'SURVIVED', 'SURVIVED', 'SURVIVED']","['SURVIVED', 'SURVIVED', 'KILLED', 'KILLED', 'KILLED', 'SURVIVED', 'KILLED', 'SURVIVED', 'SURVIVED', 'SURVIVED', 'SURVIVED', 'KILLED', 'SURVIVED', 'KILLED', 'SURVIVED', 'KILLED', 'KILLED', 'SURVIVED', 'SURVIVED', 'SURVIVED', 'SURVIVED', 'KILLED', 'KILLED', 'SURVIVED', 'SURVIVED', 'KILLED', 'SURVIVED', 'KILLED', 'KILLED', 'SURVIVED', 'SURVIVED', 'SURVIVED', 'SURVIVED', 'SURVIVED', 'KILLED', 'SURVIVED', 'SURVIVED', 'SURVIVED', 'SURVIVED']"
Csv_5,"['KILLED', 'KILLED', 'KILLED', 'KILLED', 'KILLED', 'KILLED', 'KILLED', 'KILLED', 'KILLED', 'KILLED', 'KILLED', 'KILLED', 'KILLED', 'KILLED', 'KILLED', 'KILLED', 'KILLED', 'KILLED', 'KILLED', 'KILLED', 'KILLED', 'KILLED', 'KILLED', 'KILLED', 'KILLED', 'KILLED', 'KILLED', 'KILLED', 'KILLED', 'KILLED', 'KILLED', 'KILLED', 'KILLED', 'KILLED', 'KILLED', 'KILLED', 'KILLED', 'KILLED', 'KILLED']","['SURVIVED', 'SURVIVED', 'KILLED', 'KILLED', 'KILLED', 'SURVIVED', 'SURVIVED', 'SURVIVED', 'SURVIVED', 'KILLED', 'KILLED', 'KILLED', 'SURVIVED', 'KILLED', 'KILLED', 'KILLED', 'SURVIVED', 'KILLED', 'KILLED', 'SURVIVED', 'KILLED', 'SURVIVED', 'SURVIVED', 'SURVIVED', 'KILLED', 'SURVIVED', 'KILLED', 'KILLED', 'KILLED', 'KILLED', 'SURVIVED', 'SURVIVED', 'KILLED', 'KILLED', 'KILLED', 'KILLED', 'SURVIVED', 'KILLED', 'KILLED']"
Csv_5,"['KILLED', 'KILLED', 'KILLED', 'KILLED', 'KILLED', 'KILLED', 'KILLED', 'KILLED', 'KILLED', 'KILLED', 'KILLED', 'KILLED', 'KILLED', 'KILLED', 'KILLED', 'KILLED', 'KILLED', 'KILLED', 'KILLED', 'KILLED', 'KILLED', 'KILLED', 'KILLED', 'SURVIVED', 'SURVIVED', 'SURVIVED', 'SURVIVED', 'SURVIVED', 'SURVIVED', 'SURVIVED', 'SURVIVED', 'SURVIVED', 'SURVIVED', 'SURVIVED', 'SURVIVED', 'SURVIVED', 'SURVIVED', 'SURVIVED', 'SURVIVED']","['KILLED', 'SURVIVED', 'KILLED', 'SURVIVED', 'KILLED', 'SURVIVED', 'KILLED', 'SURVIVED', 'SURVIVED', 'KILLED', 'SURVIVED', 'SURVIVED', 'SURVIVED', 'KILLED', 'KILLED', 'SURVIVED', 'KILLED', 'SURVIVED', 'KILLED', 'SURVIVED', 'SURVIVED', 'SURVIVED', 'SURVIVED', 'SURVIVED', 'KILLED', 'SURVIVED', 'SURVIVED', 'KILLED', 'KILLED', 'KILLED', 'KILLED', 'SURVIVED', 'SURVIVED', 'SURVIVED', 'KILLED', 'SURVIVED', 'KILLED', 'KILLED', 'KILLED']"
Csv_5,"['KILLED', 'KILLED', 'KILLED', 'KILLED', 'KILLED', 'KILLED', 'KILLED', 'KILLED', 'KILLED', 'KILLED', 'KILLED', 'KILLED', 'KILLED', 'KILLED', 'KILLED', 'KILLED', 'KILLED', 'KILLED', 'KILLED', 'KILLED', 'KILLED', 'KILLED', 'KILLED', 'KILLED', 'KILLED', 'KILLED', 'KILLED', 'KILLED', 'KILLED', 'KILLED', 'KILLED', 'KILLED', 'KILLED', 'KILLED', 'KILLED', 'KILLED', 'KILLED', 'SURVIVED', 'SURVIVED']","['SURVIVED', 'KILLED', 'KILLED', 'KILLED', 'SURVIVED', 'SURVIVED', 'KILLED', 'SURVIVED', 'SURVIVED', 'KILLED', 'SURVIVED', 'KILLED', 'SURVIVED', 'SURVIVED', 'SURVIVED', 'SURVIVED', 'KILLED', 'SURVIVED', 'SURVIVED', 'KILLED', 'KILLED', 'SURVIVED', 'KILLED', 'SURVIVED', 'KILLED', 'SURVIVED', 'KILLED', 'SURVIVED', 'KILLED', 'KILLED', 'SURVIVED', 'KILLED', 'SURVIVED', 'SURVIVED', 'KILLED', 'SURVIVED', 'SURVIVED', 'SURVIVED', 'KILLED']"
Csv_5,"['KILLED', 'KILLED', 'KILLED', 'KILLED', 'KILLED', 'KILLED', 'KILLED', 'KILLED', 'KILLED', 'KILLED', 'KILLED', 'KILLED', 'KILLED', 'KILLED', 'KILLED', 'KILLED', 'KILLED', 'KILLED', 'KILLED', 'KILLED', 'KILLED', 'KILLED', 'KILLED', 'KILLED', 'KILLED', 'KILLED', 'KILLED', 'KILLED', 'KILLED', 'KILLED', 'KILLED', 'KILLED', 'KILLED', 'KILLED', 'KILLED', 'SURVIVED', 'SURVIVED', 'SURVIVED', 'SURVIVED']","['SURVIVED', 'SURVIVED', 'SURVIVED', 'KILLED', 'SURVIVED', 'SURVIVED', 'SURVIVED', 'SURVIVED', 'SURVIVED', 'KILLED', 'KILLED', 'SURVIVED', 'SURVIVED', 'KILLED', 'KILLED', 'KILLED', 'SURVIVED', 'SURVIVED', 'KILLED', 'SURVIVED', 'SURVIVED', 'KILLED', 'SURVIVED', 'SURVIVED', 'KILLED', 'KILLED', 'SURVIVED', 'SURVIVED', 'SURVIVED', 'KILLED', 'SURVIVED', 'SURVIVED', 'SURVIVED', 'SURVIVED', 'SURVIVED', 'KILLED', 'SURVIVED', 'KILLED', 'SURVIVED']"
Csv_5,"['KILLED', 'KILLED', 'KILLED', 'KILLED', 'KILLED', 'KILLED', 'KILLED', 'KILLED', 'KILLED', 'KILLED', 'KILLED', 'KILLED', 'KILLED', 'KILLED', 'KILLED', 'KILLED', 'KILLED', 'KILLED', 'KILLED', 'KILLED', 'SURVIVED', 'SURVIVED', 'SURVIVED', 'SURVIVED', 'SURVIVED', 'SURVIVED', 'SURVIVED', 'SURVIVED', 'SURVIVED', 'SURVIVED', 'SURVIVED', 'SURVIVED', 'SURVIVED', 'SURVIVED', 'SURVIVED', 'SURVIVED', 'SURVIVED', 'SURVIVED', 'SURVIVED']","['SURVIVED', 'SURVIVED', 'KILLED', 'SURVIVED', 'SURVIVED', 'SURVIVED', 'KILLED', 'KILLED', 'SURVIVED', 'KILLED', 'SURVIVED', 'KILLED', 'KILLED', 'KILLED', 'KILLED', 'KILLED', 'KILLED', 'SURVIVED', 'SURVIVED', 'SURVIVED', 'SURVIVED', 'SURVIVED', 'KILLED', 'SURVIVED', 'KILLED', 'KILLED', 'SURVIVED', 'SURVIVED', 'KILLED', 'KILLED', 'KILLED', 'SURVIVED', 'KILLED', 'SURVIVED', 'SURVIVED', 'SURVIVED', 'SURVIVED', 'KILLED', 'KILLED']"
